Brand,TotalSales,SalesQuantity,TotalPurchase,PurchaseQuantity,GrossProfit,ProfitMargin
58,43341.54,3446.0,32944.0,3550.0,10397.54,23.98977978170596
60,18716.25,1775.0,12084.199999999999,1633.0,6632.050000000001,35.4347158218126
61,4364.88,312.0,3307.2000000000003,312.0,1057.6799999999998,24.23159399571122
62,119863.75,3125.0,91744.0,3200.0,28119.75,23.459761604321574
63,112249.22,2778.0,86963.3,2855.0,25285.92,22.526588603466465
70,349.85999999999996,14.0,195.44,14.0,154.41999999999996,44.137655062024805
72,17325.31,469.0,11932.27,457.0,5393.040000000001,31.128101026763737
75,314.79,21.0,109.4,10.0,205.39000000000001,65.24667238476445
77,143416.71,10429.0,113583.48000000001,10932.0,29833.22999999998,20.80178104768962
79,78923.14,5686.0,55593.979999999996,5779.0,23329.160000000003,29.55934089799266
82,12374.67,33.0,2235.06,9.0,10139.61,81.93842744897441
86,5399.82,18.0,1653.47,7.0,3746.3499999999995,69.3791644906682
97,463.68,32.0,0.0,,463.68,100.0
98,144.9,10.0,0.0,,144.9,100.0
100,20268.760000000002,124.0,18043.5,150.0,2225.260000000002,10.978767324690814
104,1459.1399999999999,166.0,982.2600000000001,153.0,476.87999999999977,32.682264895760504
105,4.49,1.0,0.0,,4.49,100.0
106,4216.110000000001,939.0,3192.6,939.0,1023.5100000000007,24.27616926503342
107,273.46999999999997,43.0,255.5,50.0,17.96999999999997,6.57110469155665
108,473.77,73.0,395.91,83.0,77.85999999999996,16.43413470671422
109,2712.37,423.0,2202.75,445.0,509.6199999999999,18.788734575297614
110,240.13,37.0,183.92,38.0,56.21000000000001,23.408153916628496
111,1200.65,185.0,925.9,197.0,274.7500000000001,22.883438137675434
112,1259.06,194.0,1076.3,229.0,182.76,14.515590996457675
113,1181.18,182.0,803.4399999999999,166.0,377.7400000000001,31.97988452225741
114,2102.76,324.0,1665.86,326.0,436.9000000000003,20.777454393273615
115,287037.45,10255.0,237613.03,11119.0,49424.42000000001,17.218805420686397
116,134.91,9.0,0.0,,134.91,100.0
117,596.83,17.0,0.0,,596.83,100.0
120,3819.27,273.0,2516.04,241.0,1303.23,34.12248937624206
122,252.77,23.0,7.96,1.0,244.81,96.85089211536179
123,3459.42,58.0,2286.25,59.0,1173.17,33.912332125038304
126,1736610.87,58013.0,1205942.92,59878.0,530667.9500000002,30.557677552715084
128,122.96,4.0,97.68,4.0,25.279999999999987,20.55953155497722
129,284.90999999999997,9.0,99.96,4.0,184.95,64.91523639043909
131,223.85999999999999,14.0,309.6,30.0,-85.74000000000004,-38.30072366657735
140,527.52,48.0,188.4,24.0,339.12,64.28571428571429
142,209.92999999999998,7.0,0.0,,209.92999999999998,100.0
143,15709.76,424.0,12427.8,420.0,3281.960000000001,20.89121667040108
148,57.96,4.0,0.0,,57.96,100.0
150,14.49,1.0,0.0,,14.49,100.0
151,5788.38,362.0,4795.5,417.0,992.8800000000001,17.152985809501107
156,1519.2399999999998,76.0,4138.5,267.0,-2619.26,-172.4059398120113
158,1799.82,18.0,1116.18,18.0,683.6399999999999,37.98379837983798
159,48412.89,1311.0,23063.76,824.0,25349.13,52.36029082337369
161,1299.0,100.0,1113.6,120.0,185.4000000000001,14.272517321016172
162,23245.27,973.0,18481.95,1005.0,4763.32,20.49156667141315
165,17875.84,616.0,12003.44,596.0,5872.4,32.85104364326376
167,74.97,3.0,0.0,,74.97,100.0
168,33554.69,2631.0,26214.55,2929.0,7340.140000000003,21.875153667043275
169,43256.54,2546.0,33609.840000000004,2552.0,9646.699999999997,22.301136429312184
171,338434.10000000003,6590.0,244968.64,6664.0,93465.46000000002,27.61703386272247
172,71.97,3.0,0.0,,71.97,100.0
173,31846.309999999998,1519.0,21711.9,1477.0,10134.409999999996,31.82287053036913
174,44.97,3.0,0.0,,44.97,100.0
175,30316.780000000002,722.0,19698.0,735.0,10618.780000000002,35.02608126588642
176,203.88,12.0,163.08,12.0,40.79999999999998,20.0117716303708
178,71658.91,2509.0,46855.32,2257.0,24803.590000000004,34.61340676267613
181,149.94,6.0,111.9,6.0,38.03999999999999,25.370148059223684
184,20719.28,1072.0,13170.4,1010.0,7548.879999999999,36.434084582089724
187,179.88,12.0,138.36,12.0,41.51999999999998,23.082054703135412
188,1034.31,69.0,772.11,69.0,262.19999999999993,25.350233488992657
189,29.96,4.0,23.04,4.0,6.920000000000002,23.097463284379177
190,720.72,168.0,517.14,169.0,203.58000000000004,28.246753246753254
192,50323.46,1354.0,37534.08,1356.0,12789.379999999997,25.414349490277495
194,1289.57,43.0,789.2500000000001,35.0,500.3199999999998,38.79742860023107
197,1057.03,47.0,920.9200000000001,52.0,136.1099999999999,12.87664493912187
199,79.84,16.0,46.44,12.0,33.400000000000006,41.83366733466934
200,41955.88,1412.0,38964.090000000004,1663.0,2991.7899999999936,7.130800259701367
201,701.64,36.0,525.98,34.0,175.65999999999997,25.03563080782167
202,5711.03,197.0,3746.4,168.0,1964.6299999999997,34.4006247559547
203,41.98,2.0,47.34,3.0,-5.3600000000000065,-12.767984754645086
204,159.39000000000001,11.0,148.4,14.0,10.990000000000009,6.895037329819943
206,233.86999999999998,13.0,375.26,29.0,-141.39000000000001,-60.45666395860949
207,782.46,54.0,517.5,45.0,264.96000000000004,33.86243386243387
211,70184.08,2492.0,50249.22,2534.0,19934.86,28.403677871106954
213,23249.19,981.0,16365.830000000002,961.0,6883.359999999997,29.60688092789468
216,1331.36,64.0,1171.5,75.0,159.8599999999999,12.007270760725868
217,5865.15,285.0,4101.3,279.0,1763.8499999999995,30.073399657297763
222,2878.56,144.0,3006.12,188.0,-127.55999999999995,-4.431382357845588
226,2384.83,217.0,1914.9599999999998,237.0,469.8700000000001,19.702452585718905
229,179.88,12.0,0.0,,179.88,100.0
233,46523.23,1077.0,32022.6,1060.0,14500.630000000005,31.168579653648305
234,464.7,30.0,412.91999999999996,36.0,51.78000000000003,11.1426726920594
236,485.72999999999996,27.0,238.14,18.0,247.58999999999997,50.97276264591439
239,167.94,6.0,129.18,6.0,38.75999999999999,23.079671311182558
240,1322.37,63.0,974.3499999999999,65.0,348.02,26.317898923901783
241,29.98,2.0,22.38,2.0,7.600000000000001,25.350233488992668
244,144.95,5.0,0.0,,144.95,100.0
247,25898.710000000003,129.0,26404.56,169.0,-505.84999999999854,-1.9531860853301128
248,599.88,12.0,551.04,14.0,48.84000000000003,8.141628325665138
249,1781.1899999999998,81.0,1124.01,69.0,657.1799999999998,36.895558587236614
253,18192.18,3142.0,14361.2,3122.0,3830.9799999999996,21.058388824209082
254,4736.6900000000005,431.0,3709.38,422.0,1027.3100000000004,21.688351992636214
258,4418.700000000001,130.0,3010.7200000000003,124.0,1407.9800000000005,31.864122932084104
261,4286.7,330.0,3516.48,352.0,770.2199999999998,17.967667436489602
262,47.96,4.0,28.11,3.0,19.85,41.388657214345294
263,35.98,2.0,167.4,12.0,-131.42000000000002,-365.25847693162876
264,311.76,24.0,243.6,24.0,68.16,21.862971516551195
266,90.93,7.0,0.0,,90.93,100.0
267,77.94,6.0,20.78,2.0,57.16,73.33846548627149
269,6755.070000000001,1693.0,5290.73,1669.0,1464.340000000001,21.677643606950053
271,4018.9,110.0,12868.119999999999,389.0,-8849.22,-220.19010176914077
272,8801.91,1059.0,7925.4,1071.0,876.5100000000002,9.958179531488055
273,235543.58,10442.0,214038.15,12365.0,21505.429999999993,9.13012785149992
274,1507.4199999999998,58.0,1002.24,54.0,505.17999999999984,33.512889572912655
275,2378.81,119.0,3891.14,253.0,-1512.33,-63.57506484334604
276,517.86,14.0,509.20000000000005,19.0,8.659999999999968,1.6722666357702791
277,434.7,30.0,577.1999999999999,52.0,-142.49999999999994,-32.78122843340233
278,1997.31,69.0,1756.8,80.0,240.51,12.041696081229253
281,7627.64,736.0,4948.02,693.0,2679.62,35.13039419794327
283,28244.99,501.0,18971.82,478.0,9273.170000000002,32.83120298502496
284,34330.549999999996,445.0,26554.71,497.0,7775.8399999999965,22.64991385223947
285,405.25999999999993,24.0,0.0,,405.25999999999993,100.0
286,1714.51,49.0,4224.96,163.0,-2510.45,-146.4237595581245
287,2834.19,81.0,5122.95,205.0,-2288.7599999999998,-80.75534808887195
288,11336.22,378.0,18206.52,692.0,-6870.300000000001,-60.60485770389072
290,63976.259999999995,874.0,48968.700000000004,1254.0,15007.55999999999,23.45801395705218
294,29570.67,3483.0,23900.8,3520.0,5669.869999999999,19.173965283843753
295,159.92,8.0,124.96,8.0,34.959999999999994,21.860930465232613
298,1171.62,138.0,933.24,154.0,238.37999999999988,20.346187330363076
300,37.98,2.0,43.5,3.0,-5.520000000000003,-14.53396524486573
304,951.72,28.0,709.05,29.0,242.67000000000007,25.49804564367672
305,247039.74,8826.0,198690.66,8946.0,48349.07999999999,19.5713774633992
308,1457.32,68.0,1062.16,68.0,395.15999999999985,27.11552713199571
309,45.99,1.0,69.68,2.0,-23.690000000000005,-51.51119808654057
311,44374.78,1022.0,30110.4,918.0,14264.379999999997,32.14524105809651
313,2968.6499999999996,135.0,2390.65,137.0,577.9999999999995,19.470129520152245
315,271.83,17.0,141.12,12.0,130.70999999999998,48.08520030901666
317,63.98,2.0,48.46,2.0,15.519999999999996,24.257580493904342
319,5891.31,169.0,4002.03,159.0,1889.2800000000002,32.06892864235628
323,9698.52,648.0,6603.8,623.0,3094.7200000000003,31.909198516887116
324,65.97,3.0,48.87,3.0,17.1,25.92087312414734
327,237.89999999999998,10.0,394.08,24.0,-156.18,-65.64943253467844
330,16.99,1.0,0.0,,16.99,100.0
332,539.7299999999999,27.0,717.22,47.0,-177.49000000000012,-32.884960999018055
335,413.82,18.0,308.88,18.0,104.94,25.358851674641148
336,164.95000000000002,5.0,131.95,5.0,33.00000000000003,20.00606244316461
338,587.25,25.0,163.89000000000001,9.0,423.36,72.0919540229885
344,15472.259999999998,774.0,13158.64,836.0,2313.619999999999,14.953342304227043
350,14372.769999999999,623.0,10805.7,597.0,3567.069999999998,24.81825006592326
351,347.88,12.0,267.6,12.0,80.27999999999997,23.07692307692307
353,155.94,6.0,0.0,,155.94,100.0
354,623.68,32.0,256.14,18.0,367.53999999999996,58.930861980502826
356,7569.41,609.0,4131.360000000001,453.0,3438.0499999999993,45.420316775019444
359,1425.39,261.0,1088.3700000000001,261.0,337.02,23.644055311177993
361,132057.08,6292.0,92220.24,6458.0,39836.83999999998,30.1663795685926
363,483.78,22.0,68.2,4.0,415.58,85.90268303774444
364,1769.71,229.0,979.4399999999998,168.0,790.2700000000002,44.65533901034634
365,1216.54,146.0,1845.0,300.0,-628.46,-51.65962483765434
366,2958.6699999999996,133.0,154.62,9.0,2804.0499999999997,94.77400318386302
368,29119.79,21.0,25390.5,25.0,3729.290000000001,12.806720103407343
369,545.5799999999999,42.0,194.37,19.0,351.2099999999999,64.37369405036841
370,3273.66,234.0,2486.3999999999996,240.0,787.2600000000002,24.048312897490888
371,79.92,8.0,177.6,24.0,-97.67999999999999,-122.22222222222221
372,1349.4,60.0,622.8,36.0,726.6000000000001,53.846153846153854
373,239.88,12.0,225.45000000000002,15.0,14.429999999999978,6.015507753876929
376,118710.73999999999,4126.0,81096.75,4275.0,37613.98999999999,31.68541447892583
377,58086.71,1529.0,54545.4,1924.0,3541.3099999999977,6.096592490778007
381,241001.44,12056.0,185542.0,12796.0,55459.44,23.012078268080057
382,545.48,52.0,473.96999999999997,61.0,71.51000000000005,13.109554887438597
384,41324.24,576.0,29253.8,535.0,12070.439999999999,29.209103422107702
385,0.0,,327.0,1.0,-327.0,0.0
388,135655.38,9362.0,109433.31,9591.0,26222.070000000007,19.329915260272028
395,551.88,12.0,405.84,12.0,146.04000000000002,26.462274407479892
397,149.8,20.0,100.3,17.0,49.500000000000014,33.04405874499333
398,67.41,9.0,61.93,11.0,5.479999999999997,8.129357662067937
399,264.18,42.0,127.71000000000001,27.0,136.47,51.657960481489894
401,67.41,9.0,17.7,3.0,49.709999999999994,73.7427681352915
403,287.88,12.0,0.0,,287.88,100.0
405,120414.65000000001,3235.0,91950.4,3232.0,28464.250000000015,23.638527371877103
407,849.83,17.0,708.48,18.0,141.35000000000002,16.63273831236836
408,165112.8,8720.0,123487.37,9521.0,41625.42999999999,25.21029865643366
415,289524.39,14561.0,189588.56,14539.0,99935.83000000002,34.51724049915104
418,1549.69,31.0,1191.96,36.0,357.73,23.083971633036285
419,58151.89,2811.0,44420.22,2778.0,13731.669999999998,23.613454352042552
420,47.94,6.0,0.0,,47.94,100.0
423,18787.96,4.0,10058.789999999999,3.0,8729.17,46.461510456696736
425,14399.82,18.0,5581.349999999999,9.0,8818.470000000001,61.24014050175628
426,54611.65,6835.0,39891.18,6342.0,14720.470000000001,26.954816417376147
427,206.76999999999998,23.0,195.16,28.0,11.609999999999985,5.614934468249739
428,24806.86,2614.0,17635.059999999998,2582.0,7171.800000000003,28.910551355552467
430,78.12,28.0,47.76,24.0,30.360000000000007,38.86328725038403
435,132009.93,7807.0,106809.29,8351.0,25200.64,19.089957853928112
437,649.87,13.0,454.44,12.0,195.43,30.07216827980981
438,119411.18999999999,6381.0,82430.35,6455.0,36980.83999999998,30.96932540409319
441,7398.52,148.0,5559.1900000000005,149.0,1839.33,24.860782967404287
443,273863.95,7705.0,189438.6,7748.0,84425.35,30.827478388447986
444,87.96,4.0,0.0,,87.96,100.0
446,24373.25,1575.0,17061.0,1650.0,7312.25,30.001128286133365
450,51854.25,2075.0,43685.76,2238.0,8168.489999999998,15.7527878621328
451,1576.8400000000001,316.0,1112.8999999999999,310.0,463.9400000000003,29.42213541006064
452,52.74,6.0,40.86,6.0,11.880000000000003,22.52559726962458
453,21591.79,721.0,15988.61,761.0,5603.18,25.95051174543658
455,83.97,3.0,0.0,,83.97,100.0
457,359.6,40.0,226.44,34.0,133.16000000000003,37.03003337041157
463,69477.3,2070.0,53742.659999999996,2182.0,15734.640000000007,22.64716677245662
465,89.98,2.0,0.0,,89.98,100.0
473,4146.78,122.0,2708.1,102.0,1438.6799999999998,34.69390707971004
482,599601.34,27866.0,412520.64,28888.0,187080.69999999995,31.200847549807005
484,835.6200000000001,38.0,0.0,,835.6200000000001,100.0
485,19147.26,1474.0,15210.960000000001,1464.0,3936.2999999999975,20.55803284647515
495,1455.09,91.0,1186.55,95.0,268.53999999999996,18.455215828574175
497,584467.62,29238.0,429240.0,29200.0,155227.62,26.558805772679072
500,85049.72,28.0,70992.17,31.0,14057.550000000003,16.528625843800548
503,350.82,18.0,250.56,18.0,100.25999999999999,28.578758337609028
505,355.88,12.0,2352.0,120.0,-1996.12,-560.8969315499606
506,574.77,23.0,402.48,24.0,172.28999999999996,29.97546844824886
507,263.76,24.0,195.36,24.0,68.39999999999998,25.932666060054586
508,522309.15,38335.0,380609.89,38957.0,141699.26,27.12938496290942
510,339.65999999999997,34.0,214.20000000000002,30.0,125.45999999999995,36.936936936936924
513,80679.08,2692.0,64750.14,2814.0,15928.940000000002,19.74358160752453
515,52125.73,1427.0,36112.64,1424.0,16013.090000000004,30.720126125811575
516,1670.48,152.0,1184.28,139.0,486.20000000000005,29.10540682917485
523,130455.78,13022.0,96041.14,13546.0,34414.64,26.380310630927966
524,170.39000000000001,11.0,123.42,11.0,46.97000000000001,27.56617172369271
525,20918.88,512.0,17081.0,551.0,3837.880000000001,18.34648891336439
529,2923.29,401.0,2215.95,395.0,707.3400000000001,24.19670987141201
530,554.63,37.0,214.13000000000002,19.0,340.5,61.392279537709825
533,6470.799999999999,220.0,11654.63,481.0,-5183.83,-80.11111454534216
535,16.99,1.0,0.0,,16.99,100.0
536,3156.57,243.0,1864.96,188.0,1291.6100000000001,40.91814849662767
538,208951.04,15596.0,127877.4,16065.0,81073.64000000001,38.80030460724197
539,47211.66,8154.0,34318.2,8171.0,12893.460000000006,27.309906069814122
540,4610.43,4657.0,253.44,352.0,4356.990000000001,94.50289886192829
541,11004.13,1337.0,10569.0,1355.0,435.1299999999992,3.9542426343563664
543,1832.4099999999999,59.0,249.92,11.0,1582.4899999999998,86.36113096959741
546,172.27,23.0,145.34,26.0,26.930000000000007,15.632437452835667
547,2753.88,212.0,2123.86,206.0,630.02,22.877540052580358
548,1249.6100000000001,139.0,649.4399999999999,99.0,600.1700000000002,48.02858491849458
549,1375.47,153.0,1052.88,164.0,322.5899999999999,23.453074221902327
551,3022.25,275.0,2439.56,284.0,582.69,19.28000661758624
552,8.99,1.0,6.42,1.0,2.5700000000000003,28.58731924360401
555,20027.48,652.0,12907.619999999999,594.0,7119.860000000001,35.55045367664829
557,144.67000000000002,23.0,116.16,24.0,28.51000000000002,19.706919195410254
561,6123.9,210.0,12644.220000000001,498.0,-6520.3200000000015,-106.47332582178026
563,12765.64,436.0,13204.44,516.0,-438.8000000000011,-3.4373521421566107
564,5537.84,616.0,4164.299999999999,630.0,1373.5400000000009,24.802811204368506
565,3563.27,173.0,2684.96,173.0,878.31,24.64898814852649
567,295871.94,10206.0,213747.91,10321.0,82124.03,27.75661321583926
573,29.97,3.0,86.28,12.0,-56.31,-187.8878878878879
576,764.15,85.0,664.32,96.0,99.82999999999993,13.064188968134518
580,25196.4,360.0,18943.2,360.0,6253.200000000001,24.81783111873125
582,45.99,1.0,0.0,,45.99,100.0
585,16584.47,553.0,13079.000000000002,580.0,3505.4699999999993,21.137063771106337
586,1051.3799999999999,62.0,910.5300000000001,67.0,140.8499999999998,13.396678650915922
587,3354.02,198.0,3259.89,261.0,94.13000000000011,2.80648296670861
589,560.49,51.0,427.14,54.0,133.35000000000002,23.79168227800675
590,101.83,17.0,55.32,12.0,46.51,45.67416282038692
592,44197.71,229.0,37373.08,292.0,6824.629999999997,15.441139371247962
596,593.73,27.0,432.75,25.0,160.98000000000002,27.11333434389369
597,244828.53,8747.0,190777.33000000002,8861.0,54051.19999999998,22.077165598306696
598,27382.5,1150.0,20261.34,1137.0,7121.16,26.006244864420708
599,77846.25,3275.0,55228.29,3243.0,22617.96,29.054655811936993
600,3375.27,463.0,2271.56,436.0,1103.71,32.699902526316414
601,10261.32,1468.0,7639.6,1420.0,2621.7199999999993,25.549539435472234
602,9491.58,1302.0,7348.5599999999995,1371.0,2143.0200000000004,22.578116604400957
603,524.25,75.0,372.21999999999997,74.0,152.03000000000003,28.999523128278497
604,5550.06,794.0,3808.74,741.0,1741.3200000000006,31.374795948151924
605,7967.74,526.0,4738.3,490.0,3229.4399999999996,40.531443044075225
607,4538.37,463.0,2961.8399999999997,516.0,1576.5300000000002,34.737802338725146
608,179.94,6.0,140.58,6.0,39.359999999999985,21.873957985995325
610,3607.2499999999995,175.0,5227.28,361.0,-1620.0300000000002,-44.910388800332676
613,311.88,12.0,122.76,6.0,189.12,60.638707195075035
614,482.78999999999996,21.0,308.88,18.0,173.90999999999997,36.021872863978125
616,25.98,2.0,0.0,,25.98,100.0
626,105.47999999999999,12.0,116.78999999999999,17.0,-11.310000000000002,-10.722411831626852
629,90.93,7.0,0.0,,90.93,100.0
630,164.89,11.0,557.76,48.0,-392.87,-238.2618715507308
634,3973.16,284.0,2623.97,257.0,1349.19,33.957605533127285
635,1508.49,151.0,1117.54,142.0,390.95000000000005,25.916645121943137
636,465.01,49.0,230.34,33.0,234.67,50.465581385346546
640,729.27,73.0,629.88,87.0,99.38999999999999,13.628697190341024
644,22773.829999999998,817.0,16545.72,797.0,6228.109999999997,27.347661767915177
648,83.97,3.0,59.97,3.0,24.0,28.5816362986781
649,28283.670000000002,733.0,21645.850000000002,755.0,6637.82,23.46873655363678
650,188.73,27.0,65.91,13.0,122.82,65.07709426164362
652,11655.75,525.0,9944.46,606.0,1711.2900000000009,14.681938099221423
653,115161.6,3340.0,75098.88,3456.0,40062.72,34.78826275425141
655,241.78,22.0,142.63,17.0,99.15,41.00835470262222
656,99.98,2.0,234.3,6.0,-134.32,-134.34686937387477
657,287.64,36.0,297.12,48.0,-9.480000000000018,-3.295786399666256
658,12668.630000000001,4237.0,9215.8,4189.0,3452.8300000000017,27.2549596917741
659,36377.58,1042.0,20367.0,876.0,16010.580000000002,44.0122185148105
661,90718.47,5953.0,52017.93,5207.0,38700.54,42.66004486186771
664,47357.74,626.0,33378.18,618.0,13979.559999999998,29.519060664634754
665,13.98,2.0,0.0,,13.98,100.0
667,83.88,12.0,0.0,,83.88,100.0
669,8517.87,213.0,7703.08,287.0,814.7900000000009,9.565654324379226
675,10728.96,104.0,9526.33,121.0,1202.6299999999992,11.209194553805768
676,149096.03,13497.0,117025.85,13529.0,32070.179999999993,21.509747777992473
680,51214.38,2562.0,31794.84,2294.0,19419.539999999997,37.918139397567636
685,10347.93,207.0,2921.4,90.0,7426.530000000001,71.76826669681763
686,29525.23,1477.0,17700.8,1184.0,11824.43,40.04856185709646
688,539.46,54.0,405.54,54.0,133.92000000000002,24.824824824824827
689,17345.39,1461.0,11911.25,1625.0,5434.139999999999,31.329015951788918
692,269.73,27.0,195.48,27.0,74.25000000000003,27.527527527527536
693,5455.8,420.0,3796.1,406.0,1659.7000000000003,30.420836540928924
694,1956.4399999999998,236.0,1476.51,237.0,479.92999999999984,24.530780397047693
700,1500.4899999999998,181.0,1202.6999999999998,190.0,297.78999999999996,19.846183580030523
702,5128.389999999999,311.0,4039.1,338.0,1089.2899999999995,21.24038928396631
703,131.92,8.0,0.0,,131.92,100.0
704,2649.62,38.0,1856.79,39.0,792.8299999999999,29.922403967361355
709,2578.71,129.0,3441.4800000000005,241.0,-862.7700000000004,-33.45742638761243
711,419.78999999999996,21.0,1783.3999999999999,241.0,-1363.61,-324.83146335072297
712,1120.98,102.0,302.48,38.0,818.5,73.01646773359025
713,441.83,17.0,171.99,9.0,269.84,61.07326347237625
714,11.98,2.0,56.03,13.0,-44.05,-367.69616026711185
715,1251.79,151.0,1002.78,162.0,249.01,19.892314206056927
717,2999.9700000000003,3.0,4687.44,6.0,-1687.4699999999993,-56.24956249562493
718,629.4,60.0,540.69,67.0,88.70999999999992,14.094375595805516
722,1600.06,194.0,2093.52,312.0,-493.46000000000004,-30.840093496493886
726,5.99,1.0,4.79,1.0,1.2000000000000002,20.03338898163606
728,7082.39,161.0,20587.63,599.0,-13505.240000000002,-190.6876068671734
731,3481.7099999999996,129.0,2863.4,139.0,618.3099999999995,17.758802427542776
734,2998.8,120.0,1635.6,120.0,1363.2000000000003,45.45818327330933
735,1593.9,110.0,1167.48,108.0,426.4200000000001,26.753246753246756
738,99.9,10.0,78.7,10.0,21.200000000000003,21.221221221221224
742,1195.08,92.0,706.52,68.0,488.55999999999995,40.880945208688956
743,160767.84,3216.0,121654.5,3333.0,39113.34,24.32908223435732
744,1243.51,149.0,1647.36,264.0,-403.8499999999999,-32.476618603790875
746,5.99,1.0,55.32,12.0,-49.33,-823.5392320534222
749,16683.75,1625.0,38213.36,2524.0,-21529.61,-129.04538847681127
751,2447.55,245.0,1824.93,243.0,622.6200000000001,25.438499724214015
752,224.91,9.0,235.43,13.0,-10.52000000000001,-4.677426526166027
753,20509.739999999998,1026.0,17044.44,1236.0,3465.2999999999993,16.895874838003795
754,5984.01,599.0,26728.8,3612.0,-20744.79,-346.6703765535151
755,419.84999999999997,15.0,390.59999999999997,18.0,29.25,6.966773847802788
756,18125.07,2593.0,13969.44,2616.0,4155.629999999999,22.927525245419737
757,51773.329999999994,2667.0,38111.4,2732.0,13661.929999999993,26.387968477206304
758,51477.54,1246.0,35789.88,1244.0,15687.660000000003,30.4747662767102
759,64902.490000000005,1151.0,45843.0,1239.0,19059.490000000005,29.366346345109417
764,2043.09,141.0,1437.96,138.0,605.1299999999999,29.618372171563657
765,1399.5,50.0,1440.6,70.0,-41.09999999999991,-2.9367631296891683
771,704.53,47.0,446.16,39.0,258.36999999999995,36.672675400621685
775,15265.83,2427.0,11199.36,2456.0,4066.4699999999993,26.63772621600004
776,1517.34,66.0,760.2,42.0,757.1399999999999,49.899165645142155
778,9222.9,710.0,6895.02,674.0,2327.879999999999,25.240217285235655
779,5364.87,413.0,4278.4,448.0,1086.4700000000003,20.251562479612744
780,3676.17,283.0,2765.04,281.0,911.1300000000001,24.784762402174003
781,168.87,13.0,446.77000000000004,43.0,-277.90000000000003,-164.56445786699828
782,444072.52,9148.0,330937.25,9415.0,113135.27000000002,25.476755463274337
784,23.96,4.0,69.92,16.0,-45.96,-191.81969949916527
787,944.73,27.0,464.1,26.0,480.63,50.87485313264107
788,779.48,52.0,11.19,1.0,768.29,98.564427567096
792,79.96,4.0,0.0,,79.96,100.0
797,47.98,2.0,18.31,1.0,29.669999999999998,61.83826594414339
799,610.53,47.0,368.28000000000003,36.0,242.24999999999994,39.67863987027664
800,468587.94,14506.0,363710.84,15142.0,104877.09999999998,22.381519251221015
802,57060.38,4962.0,40341.51,5049.0,16718.869999999995,29.30031310692287
803,16410.0,1250.0,12896.0,1300.0,3514.0,21.41377209018891
804,4039.75,275.0,3433.32,297.0,606.4299999999998,15.01157249829816
805,395.88,12.0,263.9,10.0,131.98000000000002,33.338385369303836
806,14068.17,1083.0,11241.980000000001,1082.0,2826.1899999999987,20.089251125057476
807,192879.61,10239.0,137446.47,10389.0,55433.139999999985,28.739761553852162
808,26.97,3.0,0.0,,26.97,100.0
809,83735.79,4421.0,58467.89,4453.0,25267.899999999994,30.17574683417926
810,37736.47,3153.0,16414.77,2283.0,21321.7,56.50157526657898
811,937915.36,32064.0,645871.36,32554.0,292044.0,31.137564481298185
812,313344.20999999996,14479.0,249710.89,14663.0,63633.31999999995,20.307801443020107
814,10306.06,994.0,21786.46,1514.0,-11480.4,-111.39465518345517
817,215.76,24.0,163.44,24.0,52.31999999999999,24.249165739710786
818,13666.32,1368.0,10238.55,1393.0,3427.7700000000004,25.08188012573978
819,11.99,1.0,8.56,1.0,3.4299999999999997,28.607172643869887
821,331221.84,8616.0,245780.19,8781.0,85441.65000000002,25.795898603787727
822,267201.0,9900.0,199420.24,9976.0,67780.76000000001,25.36695596199116
823,7557.3,270.0,4515.03,221.0,3042.2700000000004,40.25604382517567
824,178592.83,6617.0,140898.12,6787.0,37694.70999999999,21.10650802722595
825,60717.54,1446.0,42375.87,1413.0,18341.67,30.208190252767153
826,323.73,27.0,115.08,12.0,208.65000000000003,64.4518580298397
827,1588.41,159.0,1339.4,181.0,249.01,15.676682972280457
828,1338.66,134.0,905.5799999999999,117.0,433.08000000000015,32.35175473981445
829,30114.91,2009.0,20820.24,1944.0,9294.669999999998,30.864013872198186
830,219.78,22.0,191.10000000000002,26.0,28.67999999999998,13.049413049413038
831,4795.2,480.0,3468.8999999999996,465.0,1326.3000000000002,27.658908908908913
832,1568.43,157.0,999.1199999999999,138.0,569.3100000000002,36.29808152101147
833,3786.21,379.0,3227.96,404.0,558.25,14.744295746934268
834,1998.0,200.0,1497.6,195.0,500.4000000000001,25.04504504504505
835,1108.8899999999999,111.0,938.6800000000001,124.0,170.2099999999998,15.34958381805227
836,1828.17,183.0,1240.2,159.0,587.97,32.1616698665879
837,2467.53,247.0,1704.95,215.0,762.5800000000002,30.904588799325644
838,2593.64,236.0,1679.56,211.0,914.0799999999999,35.24313320275751
839,73.43,7.0,91.2,12.0,-17.769999999999996,-24.19991828952743
840,2329.88,212.0,1907.43,217.0,422.45000000000005,18.13183511597164
842,670.39,61.0,515.45,61.0,154.93999999999994,23.111919927206543
843,988.5699999999999,43.0,754.65,43.0,233.91999999999996,23.662461939973902
844,869.13,87.0,474.54,66.0,394.59,45.40057298677988
845,1608.39,161.0,1056.93,147.0,551.46,34.286460373416894
846,66.99,1.0,52.34,1.0,14.649999999999991,21.8689356620391
847,2667.42,58.0,1818.15,51.0,849.27,31.838630586859214
849,679.32,68.0,360.15000000000003,49.0,319.17,46.98374845433669
850,9.99,1.0,0.0,,9.99,100.0
852,56.94,6.0,0.0,,56.94,100.0
853,319.68,32.0,244.2,33.0,75.48000000000002,23.611111111111114
854,35513.79,2221.0,22954.89,1967.0,12558.900000000001,35.36344614303346
855,7385.28,672.0,5795.5,670.0,1589.7799999999997,21.52633346332163
856,5728.09,191.0,847.47,39.0,4880.62,85.20501598263994
857,462932.26,19674.0,326068.05,20165.0,136864.21000000002,29.564630038960782
858,104037.23,8677.0,78724.2,8796.0,25313.03,24.330741985345053
859,116057.93999999999,5006.0,88057.97,5093.0,27999.969999999987,24.125854723942187
860,17188.36,1564.0,14020.050000000001,1595.0,3168.3099999999995,18.43288132201094
861,6347.22,978.0,4716.7,1010.0,1630.5200000000004,25.68872671815378
862,351.56,44.0,235.95,39.0,115.61000000000001,32.884856070087615
863,816.08,92.0,483.89,83.0,332.19000000000005,40.705568081560635
864,934.8299999999999,117.0,689.04,132.0,245.78999999999996,26.292480985847693
865,3795.25,475.0,2425.5,441.0,1369.75,36.09116658981622
866,153.93,7.0,111.50999999999999,7.0,42.420000000000016,27.557980900409284
867,65.61,9.0,48.6,9.0,17.009999999999998,25.925925925925924
868,9101.21,279.0,6250.94,254.0,2850.2699999999995,31.317484158699777
869,1048.95,105.0,651.02,86.0,397.93000000000006,37.936031269364605
870,72614.06,2494.0,45423.0,2575.0,27191.059999999998,37.445998750104316
871,1118.88,112.0,1021.36,136.0,97.5200000000001,8.715858715858724
872,519.48,52.0,388.26,54.0,131.22000000000003,25.259875259875265
874,1105.77,123.0,751.52,112.0,354.25,32.03649945286995
875,5411.9800000000005,602.0,3273.44,499.0,2138.5400000000004,39.51492799308202
876,7866.25,875.0,5807.52,872.0,2058.7299999999996,26.171682822183374
877,9115.86,1014.0,6654.96,948.0,2460.9000000000005,26.995807307264485
878,18561.420000000002,1858.0,13666.72,1832.0,4894.700000000003,26.37028848008397
879,1428.57,143.0,1073.0,145.0,355.56999999999994,24.889924889924885
880,669.33,67.0,666.16,88.0,3.1700000000000728,0.47360793629451436
881,1887.9,210.0,1187.36,181.0,700.5400000000002,37.106838285926166
882,1896.54,146.0,976.6600000000001,94.0,919.8799999999999,48.50306347348329
883,13499.73,27.0,8593.64,22.0,4906.09,36.342134250092414
884,2211.54,246.0,1777.08,251.0,434.46000000000004,19.645134159906675
885,575.28,72.0,435.59999999999997,72.0,139.68,24.280350438047563
886,493.62,38.0,0.0,,493.62,100.0
887,4611.45,355.0,3298.75,325.0,1312.6999999999998,28.466100684166584
888,188.79,21.0,194.13,27.0,-5.340000000000003,-2.8285396472270796
889,9516.27,873.0,8501.76,864.0,1014.5100000000002,10.660794618059388
890,1888.11,189.0,1447.24,194.0,440.8699999999999,23.34980483128631
892,93934.47,2753.0,73295.67,2933.0,20638.800000000003,21.971487144176148
895,17728.61,739.0,13209.59,727.0,4519.02,25.48998483242623
896,24157.93,1007.0,18414.0,990.0,5743.93,23.77658185117682
897,9974.51,1469.0,7414.44,1507.0,2560.0700000000006,25.66612294739291
898,854.91,9.0,0.0,,854.91,100.0
899,2990.5099999999998,149.0,2030.0,140.0,960.5099999999998,32.11860184383265
900,269.82,18.0,134.28,12.0,135.54,50.23348899266177
901,431.28,72.0,188.16,48.0,243.11999999999998,56.3717306622148
902,23.76,24.0,15.36,24.0,8.400000000000002,35.35353535353536
903,251306.34999999998,9465.0,179143.86,9534.0,72162.48999999999,28.714948905986653
904,76795.65999999999,4334.0,53144.78,4349.0,23650.87999999999,30.79715702684239
905,1311.99,101.0,1231.36,128.0,80.63000000000011,6.145626109955114
906,2948.73,227.0,2527.35,249.0,421.3800000000001,14.290219857362327
910,4850.889999999999,211.0,3648.19,211.0,1202.6999999999994,24.793388429752056
911,1070.49,51.0,520.88,34.0,549.61,51.341908845481974
912,1405.53,97.0,970.0500000000001,87.0,435.4799999999999,30.983330131694085
913,3752.91,259.0,2930.66,277.0,822.25,21.909664766807623
914,536.13,37.0,218.5,19.0,317.63,59.24495924495925
915,5013.54,346.0,3777.12,344.0,1236.42,24.66161634294331
917,21.99,1.0,15.71,1.0,6.279999999999998,28.55843565256934
918,623.07,43.0,522.72,48.0,100.35000000000002,16.105734508161206
920,2617.38,262.0,1990.91,263.0,626.47,23.93500370599607
921,6936.27,173.0,12313.56,428.0,-5377.289999999999,-77.52423132317512
923,90.93,7.0,39.68,4.0,51.25000000000001,56.36203673155175
924,97.13,47.0,72.48,48.0,24.64999999999999,25.3783589004427
925,1511.46,54.0,1199.34,54.0,312.1200000000001,20.650232225794934
926,167.94,6.0,41.16,2.0,126.78,75.49124687388354
927,391.86,14.0,294.7,14.0,97.16000000000003,24.794569489103257
928,27.99,1.0,20.14,1.0,7.849999999999998,28.04573061807788
929,5416.83,417.0,4055.3599999999997,437.0,1361.4700000000003,25.134072880263925
930,354.62,238.0,271.32000000000005,238.0,83.29999999999995,23.489932885906025
932,4599.54,46.0,1397.75,25.0,3201.79,69.611091543937
934,74696.1,1990.0,53855.2,2065.0,20840.90000000001,27.900921199366508
935,199.95000000000002,5.0,60.14,2.0,139.81,69.92248062015504
936,159.96,4.0,188.94,6.0,-28.97999999999999,-18.11702925731432
938,27410.86,914.0,20159.7,894.0,7251.16,26.453602696157652
942,62668.1,990.0,47813.4,1052.0,14854.699999999997,23.703766350024967
945,1203.57,43.0,960.21,47.0,243.3599999999999,20.219845958274128
950,1679.79,21.0,294.1,5.0,1385.69,82.49185910143531
953,59.98,2.0,0.0,,59.98,100.0
954,285.78,22.0,102.85,11.0,182.92999999999998,64.01077752117013
955,107.82000000000001,18.0,93.24000000000001,21.0,14.579999999999998,13.52253756260434
956,3928.6899999999996,131.0,2334.78,102.0,1593.9099999999994,40.571030038002476
957,167.94,6.0,21.37,1.0,146.57,87.27521733952602
961,100.98,2.0,0.0,,100.98,100.0
966,210796.12999999998,9887.0,151696.95,9393.0,59099.179999999964,28.036178842562226
967,255.92,8.0,297.6,12.0,-41.680000000000035,-16.286339481087854
970,7500.17,483.0,2494.66,206.0,5005.51,66.7386205912666
971,7387.38,462.0,4122.62,361.0,3264.76,44.193746632771024
972,2651.2200000000003,78.0,2802.6,108.0,-151.37999999999965,-5.709824156426085
973,2353.43,157.0,249.9,21.0,2103.5299999999997,89.38145600251546
974,741.51,49.0,725.1099999999999,59.0,16.40000000000009,2.2117031462825976
975,4723.650000000001,135.0,3604.4700000000003,137.0,1119.1800000000003,23.693118668826017
976,3995.29,421.0,2883.42,386.0,1111.87,27.829519258927384
977,494.07,43.0,296.34000000000003,33.0,197.72999999999996,40.020644847896044
978,6018.39,861.0,4372.5,825.0,1645.8900000000003,27.347679362753162
979,888.0600000000001,114.0,684.4,116.0,203.66000000000008,22.933135148526006
981,3112.2000000000003,780.0,2170.39,751.0,941.8100000000004,30.261872630293695
982,8248.2,1180.0,6541.08,1198.0,1707.1200000000008,20.696879319124182
984,143414.18,5482.0,110989.4,5380.0,32424.78,22.609186901880975
989,755.64,36.0,685.73,47.0,69.90999999999997,9.251760097400874
990,0.0,,105.07,1.0,-105.07,0.0
993,21.98,2.0,0.0,,21.98,100.0
994,2796.68,132.0,2014.1599999999999,136.0,782.52,27.98031952171861
995,3880.12,188.0,3229.98,202.0,650.1399999999999,16.75566735049431
996,4499.85,15.0,5999.67,27.0,-1499.8199999999997,-33.33044434814493
998,17507.239999999998,676.0,13493.79,729.0,4013.449999999997,22.92451580032031
999,86273.08,692.0,74028.15999999999,824.0,12244.920000000013,14.193210674755106
1000,1037.3799999999999,62.0,174.3,15.0,863.0799999999999,83.19805664269603
1001,47482.73,7927.0,30717.56,7177.0,16765.170000000002,35.307931957577
1003,214036.9,9310.0,199470.18,11973.0,14566.720000000001,6.80570499759621
1004,15708.97,703.0,6922.5,650.0,8786.47,55.93282054775074
1005,32120.82,918.0,6752.98,247.0,25367.84,78.9763150504875
1006,1308.72,328.0,279.46000000000004,89.0,1029.26,78.64631089919921
1007,309.69,31.0,7.19,1.0,302.5,97.67832348477509
1009,11117.42,258.0,1433.75,37.0,9683.67,87.10357259148256
1012,10403.14,286.0,7333.049999999999,285.0,3070.09,29.511186045751575
1013,13835.34,866.0,3405.9900000000002,331.0,10429.35,75.38195664147032
1019,18167.239999999998,676.0,13142.8,638.0,5024.439999999999,27.656595057917432
1020,1319.48,52.0,36.22,2.0,1283.26,97.25497923424379
1021,7039.66,634.0,1570.96,146.0,5468.7,77.6841495185847
1022,6382.4800000000005,552.0,1176.6,111.0,5205.880000000001,81.565159624472
1023,91706.55,1845.0,27306.8,760.0,64399.75,70.22371902552217
1024,113223.97,3603.0,54492.74,2726.0,58731.23,51.87172822150645
1025,25147.74,2526.0,12929.08,2458.0,12218.660000000002,48.58750726705462
1026,10140.66,534.0,7699.47,527.0,2441.1899999999996,24.0732851707877
1028,9650.35,1015.0,9096.029999999999,1593.0,554.3200000000015,5.744040371592756
1029,2484.15,285.0,526.0,100.0,1958.15,78.82575528852928
1030,6228.719999999999,328.0,4746.0,350.0,1482.7199999999993,23.804569799252487
1031,9852.960000000001,204.0,5236.92,156.0,4616.040000000001,46.84927169094364
1032,789.9200000000001,8.0,212.58,3.0,577.34,73.08841401660928
1033,3038.09,91.0,138.42,6.0,2899.67,95.44384794393847
1034,12440.07,2493.0,9406.89,2469.0,3033.1800000000003,24.3823386845894
1035,857.24,76.0,25.77,3.0,831.47,96.99384069805423
1036,56025.990000000005,1401.0,40254.159999999996,1349.0,15771.830000000009,28.150917101152533
1037,2005.06,94.0,356.5,23.0,1648.56,82.21998344189201
1038,31476.899999999998,1410.0,22251.96,1356.0,9224.939999999999,29.307015620979193
1039,4549.4400000000005,356.0,350.53999999999996,34.0,4198.900000000001,92.29487585285221
1042,6931.9800000000005,1002.0,4880.76,914.0,2051.2200000000003,29.590679719214425
1043,16.49,1.0,0.0,,16.49,100.0
1045,9148.17,183.0,5133.15,153.0,4015.0200000000004,43.88877775555112
1047,275.94,6.0,212.28,6.0,63.66,23.070232659273753
1048,6104.21,679.0,3071.11,601.0,3033.1,49.68865750031535
1049,8996.13,1287.0,6415.8,1156.0,2580.329999999999,28.682666880091762
1050,12192.29,271.0,3415.36,104.0,8776.93,71.9875429472232
1051,8329.109999999999,89.0,970.0600000000001,13.0,7359.049999999998,88.35337749171279
1056,13.49,1.0,0.0,,13.49,100.0
1059,5552.73,927.0,3043.0,895.0,2509.7299999999996,45.198127767782694
1060,138180.5,4750.0,126077.0,5810.0,12103.5,8.759195400219278
1061,8982.15,1285.0,6651.5,1255.0,2330.6499999999996,25.947573799146078
1062,5333.37,763.0,3436.6400000000003,752.0,1896.7299999999996,35.56344300132936
1063,1223.64,36.0,456.66,18.0,766.98,62.68020005884083
1064,51568.75,2225.0,27732.12,1508.0,23836.63,46.223012968125076
1065,21914.13,1687.0,12919.81,1283.0,8994.320000000002,41.04347286431175
1066,1369.37,63.0,511.68,32.0,857.6899999999998,62.63391194490896
1067,11498.41,959.0,10796.94,1197.0,701.4699999999993,6.100582602290224
1068,64651.87,4313.0,49397.92,4318.0,15253.950000000004,23.59398111763821
1069,0.0,,23991.36,804.0,-23991.36,0.0
1070,26077.5,1850.0,25377.56,2638.0,699.9399999999987,2.6840763109960646
1071,0.0,,16758.0,1140.0,-16758.0,0.0
1072,1199.8,20.0,882.2,20.0,317.5999999999999,26.471078513085505
1073,0.0,,4322.639999999999,168.0,-4322.639999999999,0.0
1074,0.0,,22794.3,570.0,-22794.3,0.0
1076,17135.91,17309.0,13208.8,17380.0,3927.1100000000006,22.917428954750584
1078,8079.78,622.0,9379.199999999999,960.0,-1299.4199999999992,-16.082368579342496
1079,275.88,12.0,220.68,12.0,55.19999999999999,20.00869943453675
1081,23158.41,759.0,26916.120000000003,924.0,-3757.7100000000028,-16.226113968964203
1082,6681.639999999999,236.0,8589.0,420.0,-1907.3600000000006,-28.546285043791652
1084,14865.07,493.0,15783.65,599.0,-918.5799999999999,-6.179452905368088
1085,76740.61,3839.0,56870.4,3840.0,19870.21,25.892692278573232
1086,50185.32,1068.0,48775.32,1308.0,1410.0,2.8095865484169473
1088,95.96,4.0,205.68,12.0,-109.72000000000001,-114.33930804501877
1090,2534.68,132.0,1630.8000000000002,120.0,903.8799999999997,35.66051730395946
1091,4124.25,75.0,12930.960000000001,301.0,-8806.710000000001,-213.53482451354796
1093,6172.53,247.0,8374.08,429.0,-2201.55,-35.666898338282685
1094,109302.84000000001,2616.0,80544.64,2692.0,28758.20000000001,26.310569789403466
1095,4574.7300000000005,327.0,12730.56,1192.0,-8155.829999999999,-178.28002964109353
1096,12057.75,1725.0,9523.8,1716.0,2533.9500000000007,21.015114760216463
1099,6346.62,138.0,0.0,,6346.62,100.0
1106,9459.62,38.0,8399.7,54.0,1059.92,11.204678412029235
1107,2253.51,49.0,1788.5,49.0,465.0100000000002,20.634920634920643
1111,8604.69,1231.0,6322.29,1247.0,2282.4000000000005,26.5250694679297
1112,41806.93,907.0,10088.99,289.0,31717.940000000002,75.86766117483393
1114,41659.159999999996,2084.0,31317.079999999998,2099.0,10342.079999999998,24.825464555694353
1120,383.76,24.0,299.76,24.0,84.0,21.88868042526579
1121,10884.720000000001,2728.0,10140.83,3199.0,743.8900000000012,6.834259402171128
1124,0.0,,523.68,12.0,-523.68,0.0
1125,65816.26,2674.0,62390.7,3830.0,3425.5599999999977,5.204732082922971
1127,14627.8,1220.0,11834.31,1263.0,2793.49,19.09713012209628
1128,1823.4299999999998,57.0,1163.04,48.0,660.3899999999999,36.216909889603656
1129,569.85,15.0,753.75,25.0,-183.89999999999998,-32.27165043432482
1130,32748.88,712.0,39580.090000000004,1031.0,-6831.210000000003,-20.85936984715203
1132,22533.329999999998,867.0,29399.04,1584.0,-6865.710000000003,-30.46913172620293
1133,48592.81,1519.0,33548.58,1458.0,15044.229999999996,30.95978602595733
1135,69740.17,3383.0,54029.58,3459.0,15710.589999999997,22.527318186921537
1136,27667.16,5084.0,20259.45,5235.0,7407.709999999999,26.774377999042905
1148,21018.93,3007.0,15648.5,2975.0,5370.43,25.55044428998051
1156,24706.98,1902.0,17529.92,1889.0,7177.060000000001,29.0487141690324
1158,8835.36,1264.0,6205.08,1162.0,2630.2800000000007,29.769924485250183
1164,179.94,6.0,142.8,6.0,37.139999999999986,20.64021340446815
1168,18904.32,968.0,9296.28,651.0,9608.039999999999,50.82457343083485
1173,1471.68,32.0,36.5,1.0,1435.18,97.51984126984127
1174,147438.69,7131.0,115724.04,7292.0,31714.65000000001,21.51039866130119
1176,1999.99,1.0,11023.6,7.0,-9023.61,-451.1827559137796
1178,120257.58,10892.0,86043.87,10989.0,34213.71000000001,28.450356310180204
1180,543425.09,28291.0,379944.9,29070.0,163480.18999999994,30.083298141423683
1181,7055.389999999999,361.0,760.38,69.0,6295.009999999999,89.22270774542584
1185,1799.85,15.0,1374.0,15.0,425.8499999999999,23.660305025418783
1186,46958.89,1711.0,36301.62,2019.0,10657.269999999997,22.694893341814502
1188,22139.129999999997,1287.0,18317.78,1499.0,3821.3499999999985,17.2606150286845
1189,13497.300000000001,270.0,21293.760000000002,541.0,-7796.460000000001,-57.76310817719099
1193,799.99,1.0,4148.13,7.0,-3348.1400000000003,-418.5227315341442
1195,14530.23,14677.0,10893.54,14721.0,3636.6899999999987,25.028440706031486
1202,191.94,6.0,0.0,,191.94,100.0
1210,9342.33,267.0,7299.78,267.0,2042.5500000000002,21.863389539868535
1212,56941.89,2611.0,8095.9400000000005,563.0,48845.95,85.78210171808487
1214,2017.98,202.0,197.57999999999998,37.0,1820.4,90.2090209020902
1215,3509.4599999999996,54.0,152.31,3.0,3357.1499999999996,95.66001607084851
1217,2249.95,5.0,2769.2,8.0,-519.25,-23.07829062868064
1220,589481.92,18408.0,408139.05,18645.0,181342.87000000005,30.76309278493224
1225,239.96,4.0,0.0,,239.96,100.0
1226,61932.28,2472.0,49475.25,2475.0,12457.029999999999,20.1139534988862
1228,112533.7,1130.0,88106.88,1263.0,24426.819999999992,21.706226668100307
1230,319.2,80.0,0.0,,319.2,100.0
1231,435377.67,35733.0,345546.0,36450.0,89831.66999999998,20.633044868837665
1232,1255188.94,53206.0,843206.76,52932.0,411982.17999999993,32.82232394431391
1233,5101919.51,142049.0,3811251.6,145080.0,1290667.9099999997,25.297692514949137
1236,2364.0299999999997,97.0,108.47999999999999,8.0,2255.5499999999997,95.41122574586616
1237,303998.42,6658.0,250950.94,7418.0,53047.47999999998,17.449919641029705
1238,46272.270000000004,9273.0,34724.24,9754.0,11548.030000000006,24.956696526883174
1239,181998.5,3550.0,138885.27,3473.0,43113.23000000001,23.688783149311675
1240,19790.38,562.0,15493.8,620.0,4296.580000000002,21.710447197072526
1242,164.85,15.0,0.0,,164.85,100.0
1243,233.82,18.0,103.6,14.0,130.22,55.692412967239754
1244,124092.17,7783.0,104839.62999999999,8197.0,19252.540000000008,15.51470975163059
1245,1199.97,3.0,2239.9300000000003,7.0,-1039.9600000000003,-86.66549997083263
1248,2794.5699999999997,43.0,616.72,13.0,2177.8499999999995,77.9314885653249
1249,99189.68999999999,4031.0,96877.56,4777.0,2312.12999999999,2.3310184758113373
1251,3699.99,1.0,18633.02,7.0,-14933.03,-403.59649620674656
1252,3076.29,171.0,415.2,30.0,2661.09,86.50322303814009
1253,3054.5299999999997,47.0,460.53,9.0,2594.0,84.92304871780601
1258,82331.75,3525.0,59707.18,3506.0,22624.57,27.47976327479982
1259,12959.369999999999,463.0,8841.0,420.0,4118.369999999999,31.779091113225405
1260,269.96999999999997,3.0,215.97,3.0,53.99999999999997,20.002222469163232
1261,23430.33,23667.0,17592.76,23774.0,5837.570000000003,24.914587203850747
1262,1957.11,89.0,201.48000000000002,12.0,1755.6299999999999,89.70522862792588
1263,2399.98,2.0,6412.139999999999,7.0,-4012.1599999999994,-167.17472645605378
1267,2159.2799999999997,72.0,591.03,27.0,1568.2499999999998,72.62837612537513
1269,447608.24,16976.0,352732.38,18458.0,94875.85999999999,21.196182626128596
1271,133278.46,2654.0,104274.66,2774.0,29003.79999999999,21.761806071288632
1273,82402.78,2722.0,57766.28999999999,2491.0,24636.490000000005,29.897644229964094
1274,89.98,2.0,1046.4,30.0,-956.4200000000001,-1062.9250944654368
1276,28253.38,5662.0,21714.57,5611.0,6538.810000000001,23.14346106554331
1277,689.9399999999999,6.0,2633.3999999999996,30.0,-1943.4599999999996,-281.6853639446908
1278,277415.32,7868.0,221025.25,8275.0,56390.07000000001,20.326948778459677
1279,12498.75,125.0,20695.170000000002,267.0,-8196.420000000002,-65.5779177917792
1281,139130.56,8444.0,104727.21,9359.0,34403.34999999999,24.727385557852994
1282,95005.76999999999,3323.0,63580.0,3400.0,31425.76999999999,33.077748856727325
1294,554.63,37.0,443.63,37.0,111.0,20.0133422281521
1295,78790.53,19747.0,57037.04,19736.0,21753.489999999998,27.609269794225266
1296,15573.23,577.0,11783.199999999999,572.0,3790.0300000000007,24.336826721238953
1297,18811.74,18826.0,31483.59,19801.0,-12671.849999999999,-67.36139240708195
1300,5999.97,3.0,3100.76,2.0,2899.21,48.32040826870801
1304,179.88,12.0,99.96,12.0,79.92,44.429619746497664
1309,55872.9,910.0,52261.44,1176.0,3611.459999999999,6.46370601848123
1310,1759.89,11.0,239.98,2.0,1519.91,86.36392047230224
1323,130518.51,7149.0,98473.14,7246.0,32045.369999999995,24.55235659677696
1328,2430.48,152.0,499.59999999999997,40.0,1930.88,79.44438958559627
1330,136831.1,2690.0,91962.81,2403.0,44868.29000000001,32.7910029225812
1336,55601.32,1868.0,32761.54,1687.0,22839.78,41.07776577966135
1339,39730.630000000005,837.0,28268.62,799.0,11462.010000000006,28.849303421566695
1340,24702.28,1372.0,7615.1,542.0,17087.18,69.17248124464625
1341,42.45,5.0,0.0,,42.45,100.0
1342,11698.83,117.0,9999.0,132.0,1699.83,14.529914529914528
1343,40501.560000000005,244.0,27051.2,220.0,13450.360000000004,33.20948625188759
1345,494732.98000000004,12902.0,363050.45,12761.0,131682.53000000003,26.616889377376868
1346,684455.5599999999,22144.0,575927.0,25540.0,108528.55999999994,15.856187945934716
1347,48827.79,1221.0,28615.84,916.0,20211.95,41.39435759840861
1348,180410.81,10319.0,126214.40000000001,10660.0,54196.40999999999,30.040555773792043
1352,1239.8,20.0,0.0,,1239.8,100.0
1355,78828.49,20551.0,55179.95,21305.0,23648.540000000008,29.999991119961837
1358,296925.25,4775.0,218749.25,5105.0,78176.0,26.328511973973246
1359,125361.73,4227.0,124768.35,5705.0,593.3799999999901,0.4733342464243196
1361,12919.32,68.0,7350.04,53.0,5569.28,43.10815120300449
1364,6183.81,619.0,2029.12,272.0,4154.6900000000005,67.1865726793029
1365,46318.03,5797.0,27557.75,4555.0,18760.28,40.50319065815191
1366,69901.23,54187.0,50690.58,54506.0,19210.649999999994,27.482563611541593
1373,170762.79,11221.0,121750.72,11752.0,49012.07000000001,28.701844236674752
1375,402621.29,26121.0,289604.5,25183.0,113016.78999999998,28.070246856543523
1376,2435393.39,107061.0,1773427.14,108866.0,661966.2500000002,27.18108099981335
1377,92406.34999999999,3765.0,83860.3,4370.0,8546.049999999988,9.248336288577558
1378,209093.17,22033.0,157919.4,22305.0,51173.77000000002,24.474147099113765
1379,208508.21,13479.0,156065.97999999998,13678.0,52442.23000000001,25.15115831649987
1380,315297.14,6486.0,226602.75,6655.0,88694.39000000001,28.13041374241454
1382,212185.04,5196.0,153709.92,5382.0,58475.119999999995,27.558549839328915
1383,74398.34,6766.0,54279.36,6768.0,20118.979999999996,27.042243146822898
1384,470254.8,17620.0,357777.0,18900.0,112477.79999999999,23.91847993896075
1385,1034144.85,37615.0,839431.6,41048.0,194713.25,18.828431046192417
1386,41049.899999999994,1910.0,30566.050000000003,2095.0,10483.849999999991,25.5392826779115
1388,173392.38999999998,6961.0,134443.9,6995.0,38948.48999999999,22.462629415281718
1389,82087.46,27454.0,65408.72,30004.0,16678.740000000005,20.318255675105558
1390,15549.79,421.0,12339.36,456.0,3210.4300000000003,20.646130912378883
1392,6865.7,430.0,1749.0,165.0,5116.7,74.52554000320434
1393,1497.0,300.0,194.68,62.0,1302.32,86.99532398129593
1394,142141.19,8381.0,110087.76,8682.0,32053.430000000008,22.550416244580482
1395,75297.0,9000.0,53308.08,9066.0,21988.92,29.202916450854616
1396,272761.25,18275.0,191814.12,18373.0,80947.13,29.676917084079946
1397,122786.3,8220.0,91287.84,8484.0,31498.460000000006,25.65307367352873
1398,302732.61,5339.0,219794.85,5415.0,82937.75999999998,27.39637464229572
1399,14404.2,380.0,5617.62,202.0,8786.580000000002,61.0001249635523
1404,489.95,5.0,128.56,2.0,361.39,73.76058781508317
1408,134.85,15.0,0.0,,134.85,100.0
1414,869.65,35.0,71.4,5.0,798.25,91.7898004944518
1415,138847.19,9981.0,104502.62000000001,10058.0,34344.56999999999,24.735516793677995
1416,1847.34,66.0,99.15,5.0,1748.1899999999998,94.63282341095845
1424,178095.41,12359.0,128159.94,13226.0,49935.47,28.03860582369866
1425,9264.689999999999,331.0,5804.4,280.0,3460.289999999999,37.349225932006355
1460,439.79999999999995,20.0,272.8,22.0,166.99999999999994,37.97180536607548
1464,73331.0,2800.0,59601.219999999994,3101.0,13729.780000000006,18.723023005277447
1465,194469.69999999998,11830.0,130829.44,11872.0,63640.25999999998,32.725026058044
1468,182518.12,4288.0,146302.54,4646.0,36215.57999999999,19.842183340481476
1474,1718.35,65.0,1190.4,60.0,527.9499999999998,30.724241277970137
1476,342245.56,15044.0,185682.45,11569.0,156563.11,45.74584108556441
1479,131845.7,9380.0,86972.26,9433.0,44873.44000000002,34.03481493897792
1483,21480.16,7184.0,16949.88,7092.0,4530.279999999999,21.09053191410119
1484,36883.48,652.0,50425.14,1077.0,-13541.659999999996,-36.71470262567414
1489,51531.41,859.0,42999.04,896.0,8532.370000000003,16.557610203175116
1492,794.9,10.0,117.18,2.0,677.72,85.25852308466474
1494,10232.81,119.0,7871.849999999999,119.0,2360.96,23.07245028491685
1498,12598.74,126.0,10078.720000000001,127.0,2520.0199999999986,20.002158946053324
1505,11191.77,423.0,3677.3999999999996,180.0,7514.370000000001,67.14192661214446
1515,73156.56999999999,4743.0,52525.200000000004,5180.0,20631.369999999988,28.201663910705477
1516,167.93,7.0,0.0,,167.93,100.0
1520,48075.51,12049.0,33709.24,11162.0,14366.270000000004,29.88271991290369
1523,42697.37,263.0,44327.25,297.0,-1629.8799999999974,-3.8172842964332396
1532,39950.76,1724.0,29359.72,1724.0,10591.04,26.510234098174855
1535,22615.32,5668.0,20733.420000000002,6603.0,1881.8999999999978,8.321350305898823
1542,11385.6,440.0,4657.6,205.0,6728.0,59.092186621697586
1545,423808.99,14501.0,287124.7,14785.0,136684.28999999998,32.25138994809902
1550,10413.9,2610.0,404.49,139.0,10009.41,96.11586437357762
1556,102296.31999999999,5368.0,79943.08,5387.0,22353.23999999999,21.851460541298056
1565,398.78999999999996,21.0,57.56,4.0,341.22999999999996,85.56633817297325
1575,12186.39,861.0,11374.69,877.0,811.6999999999989,6.660709201002094
1591,5118.0599999999995,394.0,3769.6000000000004,380.0,1348.4599999999991,26.347092452999753
1595,151074.11000000002,10189.0,112207.38,10266.0,38866.73000000001,25.726929650619823
1598,8549.91,9.0,8100.73,11.0,449.1800000000003,5.253622552752021
1603,1099.75,25.0,1073.84,31.0,25.910000000000082,2.3559899977267635
1604,1619.94,6.0,1190.4,6.0,429.53999999999996,26.515796881365972
1605,1087.6599999999999,34.0,1181.28,48.0,-93.62000000000012,-8.607469245904063
1620,23284.05,495.0,17970.87,501.0,5313.18,22.818968349578363
1623,131243.96,9104.0,96087.94,9542.0,35156.01999999999,26.786771749343735
1626,275.94,6.0,213.9,6.0,62.03999999999999,22.483148510545767
1634,444949.86,14614.0,311592.63,15031.0,133357.22999999998,29.971293844209768
1637,169830.4,14560.0,119015.07,14639.0,50815.32999999999,29.921221406768154
1639,75309.98,3602.0,57608.4,3660.0,17701.579999999994,23.50495910369382
1648,2049.59,41.0,11808.0,300.0,-9758.41,-476.1152230446089
1650,389.94,6.0,299.94,6.0,90.0,23.08047391906447
1655,21888.9,110.0,35180.99,221.0,-13292.089999999997,-60.72525343895763
1656,39.98,2.0,31.98,2.0,7.9999999999999964,20.010005002501245
1657,70899.87,1013.0,53621.32,1042.0,17278.549999999996,24.370354980904757
1663,23038.29,23271.0,17482.5,23625.0,5555.790000000001,24.115461694422635
1667,11749.53,47.0,4615.2,30.0,7134.330000000001,60.7201309328969
1672,4477.76,224.0,1822.86,114.0,2654.9000000000005,59.290806117344395
1676,5549.63,37.0,0.0,,5549.63,100.0
1686,5299.469999999999,53.0,11910.24,162.0,-6610.77,-124.74398383234553
1692,120334.31999999999,6318.0,85518.8,6382.0,34815.51999999999,28.932327867893378
1695,275.88,12.0,294.24,16.0,-18.360000000000014,-6.655067420617665
1696,224.82,18.0,164.16,18.0,60.66,26.98158526821457
1697,137.94,6.0,107.76,6.0,30.179999999999993,21.879077859939102
1698,26907.93,207.0,43680.06,457.0,-16772.129999999997,-62.33155058750338
1704,52419.85999999999,2314.0,46031.899999999994,2395.0,6387.959999999999,12.186144716906913
1711,83.96,4.0,0.0,,83.96,100.0
1714,43664.4,1560.0,43727.36,1984.0,-62.95999999999913,-0.14419069081448302
1715,65401.38,3462.0,47540.8,3455.0,17860.579999999994,27.309179102948583
1719,0.0,,2769.21,3.0,-2769.21,0.0
1720,5114.07,93.0,7556.4,180.0,-2442.33,-47.757070200447004
1722,21599.52,48.0,3867.05,11.0,17732.47,82.09659288724936
1725,70589.65,3735.0,51550.46,3638.0,19039.189999999995,26.97164527660924
1727,59329.02,2698.0,52599.25,3085.0,6729.769999999997,11.343133596341213
1728,103249.72,1728.0,75132.95,1817.0,28116.770000000004,27.23181234777199
1730,53985.27,1973.0,70080.95999999999,3552.0,-16095.689999999995,-29.814966193556124
1731,934.83,17.0,4999.2,120.0,-4064.37,-434.7710278874233
1733,15824.759999999998,924.0,13050.57,921.0,2774.1899999999987,17.53069240860524
1734,109021.93,5007.0,96428.7,5526.0,12593.229999999996,11.551098022205254
1737,823521.11,16089.0,601519.1,17537.0,222002.01,26.957658681026402
1738,109616.68,5732.0,85464.31999999999,5806.0,24152.36,22.03347154830816
1740,18790.82,318.0,12905.07,317.0,5885.75,31.322475549230955
1742,799.92,8.0,6715.8,90.0,-5915.88,-739.5589558955896
1744,41568.6,1840.0,31286.75,1835.0,10281.849999999999,24.734655485149844
1746,62703.7,2030.0,41599.19,2081.0,21104.509999999995,33.657519412730025
1748,49399.090000000004,3291.0,32403.21,3149.0,16995.880000000005,34.40524916552107
1757,2879.82,18.0,1634.92,14.0,1244.9,43.22839621920815
1758,143989.54,3446.0,103743.36,3486.0,40246.18000000001,27.95076642372773
1760,74411.48,2852.0,57396.35,2915.0,17015.129999999997,22.86627009703341
1761,34.99,1.0,27.77,1.0,7.220000000000002,20.63446699056874
1762,5779.629999999999,337.0,4389.84,312.0,1389.789999999999,24.046348987737957
1766,5676.66,5734.0,4541.33,6221.0,1135.33,19.999964768014994
1767,412468.63999999996,16336.0,334597.38,17274.0,77871.25999999995,18.879316497855438
1770,389506.72000000003,10128.0,283909.32,10746.0,105597.40000000002,27.11054638543849
1771,70680.61,23639.0,22500.0,30000.0,48180.61,68.16665843715836
1774,74.94,6.0,55.5,6.0,19.439999999999998,25.940752602081663
1779,6434.009999999999,99.0,4629.24,99.0,1804.7699999999995,28.05046930296968
1781,49045.73,927.0,28042.14,746.0,21003.590000000004,42.824502765072516
1788,6678.33,167.0,1634.64,56.0,5043.69,75.52322212289599
1789,469722.75,20025.0,353324.39999999997,20590.0,116398.35000000003,24.780224078991285
1790,1635.21,79.0,434.0,28.0,1201.21,73.4590664196036
1798,37374.659999999996,534.0,26515.710000000003,519.0,10858.949999999993,29.054311129519288
1799,59.98,2.0,0.0,,59.98,100.0
1801,1350.96,104.0,14535.82,1511.0,-13184.86,-975.9622786759046
1808,7499.85,15.0,13432.68,36.0,-5932.83,-79.10598211964239
1812,50398.32,168.0,37894.079999999994,168.0,12504.240000000005,24.810827027567598
1817,60188.28,2772.0,46592.25,2775.0,13596.029999999999,22.58916519960364
1820,4199.16,84.0,11448.0,300.0,-7248.84,-172.625953762181
1828,4348.55,145.0,7056.000000000001,320.0,-2707.4500000000007,-62.260983546239565
1832,31731.54,246.0,32481.75,345.0,-750.2099999999991,-2.3642407522609967
1835,90656.19,2781.0,57957.4,2942.0,32698.79,36.0690097388827
1836,35108.8,1120.0,27575.37,1269.0,7533.430000000004,21.457383903750635
1845,23602.85,1315.0,9387.91,833.0,14214.939999999999,60.22552361261457
1848,135382.58000000002,2242.0,106195.59,2259.0,29186.99000000002,21.558896277497457
1856,1475.8799999999999,12.0,1093.2,12.0,382.67999999999984,25.928937311976576
1860,16857.43,257.0,11352.9,246.0,5504.530000000001,32.65343531012735
1862,86015.26,3274.0,65866.94,3427.0,20148.319999999992,23.424122649864678
1864,6998.25,175.0,5383.0,175.0,1615.25,23.080770192548137
1867,76457.29000000001,25571.0,57843.6,26904.0,18613.69000000001,24.345212863286168
1868,550740.5599999999,7644.0,388078.02,7821.0,162662.53999999992,29.535238879083092
1869,549291.81,9219.0,397064.88,9892.0,152226.93000000005,27.71330779535927
1870,103267.09,1291.0,76821.03,1287.0,26446.059999999998,25.60937855419379
1874,7589.3099999999995,69.0,592.27,7.0,6997.039999999999,92.19599673751631
1875,112926.45999999999,4054.0,83730.53,4043.0,29195.929999999993,25.8539318420147
1876,88949.22,578.0,85927.66,806.0,3021.5599999999977,3.39694940551474
1878,2052.15,135.0,53.25,5.0,1998.9,97.40516044148819
1880,81684.37999999999,1162.0,50680.35,1085.0,31004.02999999999,37.955885813175044
1882,249.5,50.0,532.8,144.0,-283.29999999999995,-113.54709418837675
1883,583415.7,32430.0,426707.19,32253.0,156708.50999999995,26.860523294110866
1885,599.4,60.0,479.4,60.0,120.0,20.02002002002002
1886,107745.96,9804.0,78199.04,9824.0,29546.920000000013,27.422763693413664
1887,119.88,12.0,86.88,12.0,33.0,27.52752752752753
1888,519.35,65.0,325.74,61.0,193.61,37.27929142196977
1889,9012.72,1128.0,6512.0,1184.0,2500.7199999999993,27.74656263591901
1890,114400.93000000001,1907.0,77695.90000000001,1865.0,36705.03,32.08455560632243
1891,56854.46,554.0,48233.97,603.0,8620.489999999998,15.162381280202114
1892,250837.29,253371.0,183473.28,254824.0,67364.01000000001,26.855660097428103
1893,35374.15,585.0,26086.07,593.0,9288.080000000002,26.25668743983955
1895,15433.92,2208.0,11042.460000000001,2178.0,4391.459999999999,28.45330285501026
1896,203200.63999999998,1936.0,135044.46,1962.0,68156.18,33.541321523396775
1897,9246.3,370.0,28144.32,1543.0,-18898.02,-204.38467278803415
1905,5012.049999999999,295.0,3831.0,300.0,1181.0499999999993,23.56421025328956
1906,33514.43,1457.0,28806.47,1463.0,4707.959999999999,14.047561005811524
1919,9986.67,333.0,9212.16,384.0,774.5100000000002,7.755437998852472
1920,25521.489999999998,851.0,21061.7,934.0,4459.789999999997,17.474645876866898
1921,379168.37,5463.0,339241.56,6436.0,39926.81,10.530100387856718
1927,89296.40999999999,1359.0,93830.40000000001,1810.0,-4533.99000000002,-5.077460560844519
1929,8534.79,1221.0,6798.749999999999,1225.0,1736.0400000000018,20.34074652100405
1932,16441.920000000002,16608.0,12667.11,17841.0,3774.8100000000013,22.95845010801659
1952,1249.95,5.0,2205.84,12.0,-955.8900000000001,-76.47425897035882
1955,239666.88,19712.0,191514.96,19908.0,48151.92000000001,20.09118656695494
1956,456461.78,7922.0,360429.87,9013.0,96031.91000000003,21.038324391584336
1961,187406.2,5580.0,137004.30000000002,5730.0,50401.899999999994,26.89446773906092
1962,218340.11,14289.0,167988.88,15244.0,50351.22999999998,23.060916292475984
1963,5799.71,29.0,9523.2,60.0,-3723.4900000000007,-64.20131351395158
1964,44555.38,1462.0,33197.729999999996,1439.0,11357.650000000001,25.491085476097393
1972,450.31,69.0,92.82,17.0,357.49,79.38753303279962
1980,3576.21,79.0,2699.73,81.0,876.48,24.50862784903571
1982,44534.09,2491.0,49564.06,3133.0,-5029.970000000001,-11.294650906754807
1984,3229.8100000000004,19.0,7555.2,60.0,-4325.389999999999,-133.9208807948455
1985,391.92,8.0,0.0,,391.92,100.0
1987,10468.76,724.0,6720.719999999999,492.0,3748.040000000001,35.80213893527028
1988,239.92,8.0,5161.5,222.0,-4921.58,-2051.342114038013
1989,72877.5,1950.0,52089.44,2054.0,20788.059999999998,28.524661246612464
1991,9999.98,2.0,0.0,,9999.98,100.0
1992,1158.4499999999998,55.0,6871.6,419.0,-5713.150000000001,-493.171910742803
1993,62422.67999999999,3132.0,58017.96,3381.0,4404.719999999994,7.056281466928358
1994,1999.98,2.0,18604.56,24.0,-16604.58,-830.2373023730238
1995,4199.58,42.0,3087.84,42.0,1111.7399999999998,26.47264726472647
1996,216.92999999999998,7.0,163.2,8.0,53.72999999999999,24.768358456644997
1997,2951.31,69.0,402.09000000000003,13.0,2549.22,86.3758805411834
1999,13378.45,355.0,4987.84,143.0,8390.61,62.717355149512834
2000,159.9,10.0,105.03,9.0,54.870000000000005,34.31519699812383
2002,179.94,6.0,86.92,4.0,93.02,51.69500944759364
2004,179.94,6.0,220.5,10.0,-40.56,-22.540846948982995
2008,28804.12,1388.0,22224.44,1334.0,6579.68,22.842843315470148
2009,776.7900000000001,21.0,993.5999999999999,36.0,-216.80999999999983,-27.911018421967306
2011,2445.3900000000003,61.0,1920.8899999999999,61.0,524.5000000000005,21.448521503727438
2013,5529.21,79.0,14887.400000000001,268.0,-9358.190000000002,-169.25003752796513
2014,10027.82,418.0,7723.8,420.0,2304.0199999999995,22.976279989070402
2015,771010.3099999999,32969.0,610241.5,33715.0,160768.80999999994,20.85170689870541
2016,13228.619999999999,138.0,5148.780000000001,69.0,8079.839999999998,61.0784798414347
2017,175424.18,2682.0,121953.48,2724.0,53470.7,30.480803729565675
2018,2609.13,87.0,2417.04,108.0,192.09000000000015,7.362224189672424
2024,2665.55,445.0,381.84000000000003,86.0,2283.71,85.67500140683912
2025,7501.599999999999,440.0,6251.16,461.0,1250.4399999999996,16.668977284845894
2026,70357.95,3705.0,61508.1,4210.0,8849.849999999999,12.578322705536474
2027,411.82,18.0,49.98,3.0,361.84,87.86362974114904
2028,45.99,1.0,0.0,,45.99,100.0
2029,21930.89,311.0,14001.400000000001,274.0,7929.489999999998,36.15671776202424
2030,62073.77,2023.0,48674.04,2073.0,13399.729999999996,21.58678295196183
2033,671.16,84.0,4493.84,754.0,-3822.6800000000003,-569.5631444066989
2034,45645.13,1587.0,37885.64,1777.0,7759.489999999998,16.999601052730046
2035,56156.32,2868.0,41312.04,2893.0,14844.279999999999,26.433854640047638
2036,4416.84,116.0,145.64999999999998,5.0,4271.1900000000005,96.70239356644117
2037,23245.2,23480.0,17305.38,23706.0,5939.82,25.552888338237565
2038,1854.47,53.0,1804.44,66.0,50.02999999999997,2.697805842100437
2039,4115.16,84.0,3265.92,84.0,849.2399999999998,20.636864666258415
2040,19909.42,758.0,24110.25,1037.0,-4200.830000000002,-21.099710589258763
2041,67302.61,739.0,56065.38,917.0,11237.230000000003,16.696573877298373
2042,29952.510000000002,749.0,24018.960000000003,841.0,5933.549999999999,19.809859006807773
2043,20591.45,655.0,16818.03,729.0,3773.420000000002,18.32517865424728
2044,1014.71,29.0,8136.0,300.0,-7121.29,-701.8054419489312
2045,61239.880000000005,1612.0,54337.32,1788.0,6902.560000000005,11.271348017011144
2046,5599.68,32.0,4147.84,32.0,1451.8400000000001,25.927195839762273
2047,39858.68,1132.0,27997.44,1104.0,11861.240000000002,29.758235847248333
2048,22192.6,740.0,22143.37,997.0,49.22999999999956,0.2218307003235293
2049,251.91,9.0,4380.4800000000005,216.0,-4128.570000000001,-1638.906752411576
2050,19502.42,258.0,10566.93,213.0,8935.489999999998,45.817339591701945
2051,13837.33,267.0,18075.12,424.0,-4237.789999999999,-30.625778239009975
2054,50720.47,1153.0,29374.72,848.0,21345.75,42.08507925892642
2055,342.93,7.0,5538.0,156.0,-5195.07,-1514.9068322981366
2056,1087.6599999999999,34.0,5339.04,227.0,-4251.38,-390.87398635603046
2057,13057.11,13189.0,14044.800000000001,18240.0,-987.6900000000005,-7.564384461798977
2058,3783.14,86.0,893.16,27.0,2889.98,76.3910402469906
2059,20896.170000000002,683.0,19432.559999999998,807.0,1463.6100000000042,7.004202205475951
2062,314043.83,5017.0,215521.46000000002,4886.0,98522.37,31.37217183983522
2065,59.95,5.0,0.0,,59.95,100.0
2070,47.96,4.0,0.0,,47.96,100.0
2071,1865.4599999999998,104.0,1278.8999999999999,98.0,586.56,31.443182914669844
2074,3959.58,42.0,686.9,10.0,3272.68,82.65220048591011
2075,8999.550000000001,45.0,7769.5199999999995,54.0,1230.0300000000016,13.667683384169225
2077,674.6999999999999,30.0,7598.88,432.0,-6924.18,-1026.2605602489996
2079,29796.74,626.0,36110.97,903.0,-6314.23,-21.19100948627266
2080,18753.32,268.0,18014.32,332.0,739.0,3.940635578126966
2082,85631.95999999999,804.0,66514.86,898.0,19117.09999999999,22.32472548800704
2083,55386.15,1385.0,44086.0,1400.0,11300.150000000001,20.402483292303224
2085,47752.06,3394.0,35531.2,3352.0,12220.86,25.592319996247287
2086,15918.009999999998,199.0,4823.240000000001,82.0,11094.769999999997,69.69947876650409
2087,9812.449999999999,355.0,2895.7000000000003,115.0,6916.749999999998,70.48953115684665
2088,5399.82,18.0,4253.53,19.0,1146.29,21.228300202599346
2089,3782.2799999999997,172.0,545.49,33.0,3236.79,85.577746755925
2092,1750.5300000000002,47.0,7539.84,264.0,-5789.3099999999995,-330.7175541121831
2093,179.99,1.0,1700.6399999999999,12.0,-1520.6499999999999,-844.8524918051002
2094,133.98,2.0,11149.2,228.0,-11015.220000000001,-8221.54052843708
2096,22497.75,225.0,1796.76,23.0,20700.99,92.01360136013602
2097,15318.029999999999,797.0,12073.67,997.0,3244.3599999999988,21.18000813420524
2098,11697.619999999999,538.0,3795.57,233.0,7902.049999999999,67.55263036412535
2100,167333.36000000002,16564.0,121183.12,16738.0,46150.24000000002,27.57982030600474
2101,3186.68,532.0,432.63,99.0,2754.0499999999997,86.42380157405198
2102,758.7700000000001,23.0,741.53,29.0,17.240000000000123,2.2720982642961793
2103,9399.81,519.0,5710.900000000001,382.0,3688.909999999999,39.24451664448536
2104,11953.34,166.0,7200.05,143.0,4753.29,39.765371017640256
2105,85316.38,8362.0,65281.65,8295.0,20034.730000000003,23.482864603491148
2106,519.96,4.0,93.52,1.0,426.44000000000005,82.01400107700593
2107,11095.92,11208.0,13436.92,18158.0,-2341.0,-21.097844973647973
2108,143.91,9.0,25.18,2.0,118.72999999999999,82.50295323466055
2109,97978.29,1071.0,75227.88,1162.0,22750.40999999999,23.21984798877383
2110,7793.31,169.0,14962.49,419.0,-7169.179999999999,-91.99146447401681
2112,8402.06,394.0,1694.95,109.0,6707.11,79.8269710047298
2114,948838.57,72043.0,689066.07,73227.0,259772.5,27.377944806775723
2115,2812.19,431.0,53.68,11.0,2758.51,98.09116738200477
2116,61414.340000000004,1466.0,46160.369999999995,1689.0,15253.970000000008,24.83779846856615
2117,129924.08,15292.0,90640.2,15415.0,39283.880000000005,30.23602707057845
2118,4199.79,21.0,151.51,1.0,4048.2799999999997,96.39243866955252
2119,9838.85,115.0,2589.6,39.0,7249.25,73.67985079557062
2120,1554498.4,94960.0,1190145.33,97473.0,364353.06999999983,23.438626247540675
2121,96493.44,9256.0,72680.4,9318.0,23813.040000000008,24.678403008536133
2122,138305.41,13259.0,102921.0,13195.0,35384.41,25.58425588702568
2123,34475.689999999995,431.0,17098.2,295.0,17377.489999999994,50.40505353192351
2124,2249.25,75.0,7256.13,317.0,-5006.88,-222.60220073357786
2125,145728.39,2861.0,126785.24,3449.0,18943.15000000001,12.99894275919744
2126,0.0,,6427.200000000001,120.0,-6427.200000000001,0.0
2127,899110.55,86195.0,624717.53,86887.0,274393.02,30.51827386521046
2129,987.4799999999999,52.0,244.08,18.0,743.3999999999999,75.28253736784542
2130,47924.02,1598.0,38212.65,1733.0,9711.369999999995,20.264097210542847
2131,53116.11,4089.0,2649.15,261.0,50466.96,95.01253009680114
2132,113264.19,8581.0,88428.12,8644.0,24836.070000000007,21.92755715641458
2133,6499.74,26.0,5158.400000000001,26.0,1341.3399999999992,20.63682547301891
2134,2.49,1.0,0.0,,2.49,100.0
2136,91550.42,3158.0,69434.25,3225.0,22116.17,24.157365962930587
2137,3074.2200000000003,78.0,29.99,1.0,3044.2300000000005,99.02446799513373
2140,2666.4900000000002,51.0,11539.82,277.0,-8873.33,-332.7719211397755
2141,731.88,12.0,2904.0,60.0,-2172.12,-296.786358419413
2142,51426.31,3369.0,37627.5,3625.0,13798.809999999998,26.83219931587547
2143,518089.37,37763.0,379165.71,37653.0,138923.65999999997,26.81461308499728
2144,3649.05,95.0,10032.33,301.0,-6383.28,-174.92991326509636
2145,43103.49,2451.0,29557.079999999998,2331.0,13546.41,31.42764077804373
2147,35.98,2.0,28.78,2.0,7.199999999999996,20.011117287381868
2148,23178.94,3006.0,12861.68,2158.0,10317.259999999998,44.51135384102983
2149,61361.97,8203.0,43889.46,8219.0,17472.510000000002,28.474493240683117
2150,36.99,1.0,28.34,1.0,8.650000000000002,23.384698567180322
2151,2807.15,85.0,9801.82,371.0,-6994.67,-249.17336088203336
2152,128623.7,12030.0,87588.58,12182.0,41035.119999999995,31.903234007418536
2153,15174.81,1519.0,2194.52,332.0,12980.289999999999,85.53840212826388
2155,110955.58,3042.0,69985.5,2910.0,40970.08,36.92475853850703
2156,21519.09,591.0,17632.600000000002,655.0,3886.489999999998,18.060661487079603
2157,16575.24,1276.0,18348.3,1665.0,-1773.0599999999977,-10.697039680873385
2158,34142.92,1708.0,21439.600000000002,1729.0,12703.319999999996,37.20630807206881
2159,54672.05,1295.0,43047.3,1410.0,11624.75,21.262692728734333
2160,14092.89,211.0,21851.9,434.0,-7759.010000000002,-55.05620209907267
2161,61452.77,2923.0,45123.82,2957.0,16328.949999999997,26.571544293284088
2162,10495.79,321.0,8480.939999999999,393.0,2014.8500000000022,19.196744599501343
2163,7071.5,350.0,1308.5800000000002,91.0,5762.92,81.49501520186665
2164,431674.05,24495.0,316501.94,26071.0,115172.10999999999,26.680341336246638
2166,98245.68000000001,1732.0,0.0,2015.0,98245.68000000001,100.0
2167,31316.050000000003,895.0,46833.15,1833.0,-15517.099999999999,-49.54999113872917
2169,4296.41,2159.0,11711.7,7605.0,-7415.290000000001,-172.59269948631535
2170,36212.240000000005,10376.0,30643.36,12112.0,5568.880000000005,15.378446624677192
2171,31877.05,1395.0,21053.97,1453.0,10823.079999999998,33.95257716758608
2173,13742.409999999998,759.0,17133.32,1114.0,-3390.9100000000017,-24.674784117196342
2174,3813.9100000000003,109.0,14380.84,526.0,-10566.93,-277.062909192928
2175,919.7700000000001,23.0,8694.0,300.0,-7774.23,-845.2363090772692
2177,10124.73,10227.0,7878.96,10943.0,2245.7699999999995,22.18103593873614
2178,1562.5800000000002,42.0,7531.0199999999995,258.0,-5968.44,-381.96060361709476
2180,0.0,,3663.6000000000004,120.0,-3663.6000000000004,0.0
2181,31.68,32.0,0.0,,31.68,100.0
2182,40166.03999999999,1996.0,32676.02,2306.0,7490.019999999993,18.647643631286513
2183,62414.02,3098.0,46854.27,3207.0,15559.75,24.929895558722222
2184,8035.65,535.0,3294.4,290.0,4741.25,59.002694243776176
2186,4446.61,139.0,1427.8799999999999,73.0,3018.7299999999996,67.88834640321502
2188,149.97,3.0,0.0,,149.97,100.0
2189,20347.129999999997,787.0,14694.03,741.0,5653.099999999997,27.783279509198582
2191,2498.75,125.0,2028.6000000000001,138.0,470.14999999999986,18.81540770385192
2192,32893.42,658.0,38354.68,1028.0,-5461.260000000002,-16.60289504709453
2193,7770.86,414.0,2428.68,148.0,5342.18,68.74631636652829
2194,6959.9,310.0,10095.449999999999,629.0,-3135.5499999999993,-45.051653040991965
2195,237.85999999999999,14.0,173.94,13.0,63.91999999999999,26.872950475069363
2196,49782.48,4152.0,54049.4,5099.0,-4266.919999999998,-8.57112783453134
2198,54836.36,1564.0,55820.490000000005,1947.0,-984.1300000000047,-1.7946668961980785
2199,44358.34,1466.0,40892.52,1732.0,3465.8199999999997,7.813231964947291
2200,7419.07,493.0,2899.82,269.0,4519.25,60.913969001505585
2201,6929.099999999999,90.0,12982.199999999999,231.0,-6053.099999999999,-87.35766549768368
2202,44205.259999999995,1474.0,40949.25,1775.0,3256.0099999999948,7.365661914441846
2204,2579.94,6.0,27073.35,85.0,-24493.41,-949.3790553268682
2207,28310.18,482.0,23028.85,499.0,5281.330000000002,18.65523285263464
2208,128772.43,1757.0,27244.75,505.0,101527.68,78.8427150128331
2209,22342.32,968.0,21040.5,975.0,1301.8199999999997,5.82670018153889
2211,50.98,2.0,110.82,6.0,-59.839999999999996,-117.37936445664967
2212,74835.84,6516.0,57525.840000000004,6597.0,17309.999999999993,23.1306283192652
2213,246.86999999999998,13.0,54.64,4.0,192.22999999999996,77.86689350670393
2214,47536.47,1353.0,26716.039999999997,1238.0,20820.430000000004,43.79885590999921
2215,6347.33,367.0,4906.44,354.0,1440.8900000000003,22.70072613209019
2216,1294.56,144.0,924.48,144.0,370.0799999999999,28.587319243603996
2218,1910.67,33.0,0.0,,1910.67,100.0
2219,20158.7,10130.0,17334.0,11556.0,2824.7000000000007,14.012312301884549
2220,911.52,48.0,665.28,48.0,246.24,27.014218009478675
2221,0.0,,12193.44,228.0,-12193.44,0.0
2226,100813.28,2672.0,81889.2,2967.0,18924.08,18.771415829343123
2230,21369.43,507.0,21238.35,565.0,131.08000000000175,0.6133996086933612
2231,4927.36,64.0,10833.03,197.0,-5905.670000000001,-119.8546483309521
2232,29589.870000000003,813.0,25730.0,830.0,3859.8700000000026,13.044565589507497
2235,33752.9,1110.0,21398.64,1094.0,12354.260000000002,36.602069748080915
2236,629.86,14.0,9852.0,300.0,-9222.14,-1464.1571142793634
2237,53350.450000000004,955.0,31639.059999999998,886.0,21711.390000000007,40.695795443149976
2238,22239.23,877.0,25233.69,1333.0,-2994.459999999999,-13.464764742304475
2239,3358.3999999999996,160.0,189.36,12.0,3169.0399999999995,94.36160076226774
2240,55.98,2.0,150.3,10.0,-94.32000000000002,-168.48874598070745
2241,43897.11,1689.0,31999.440000000002,1564.0,11897.669999999998,27.10353825115138
2242,3694.3199999999997,168.0,449.4,28.0,3244.9199999999996,87.83537971805366
2244,176577.85,7615.0,185784.1,10379.0,-9206.25,-5.213706022584373
2245,41938.36,1064.0,29645.920000000002,1112.0,12292.439999999999,29.310731273230516
2246,46271.189999999995,2381.0,31647.320000000003,2267.0,14623.869999999992,31.60469830147008
2247,78421.39,361.0,67190.97,413.0,11230.419999999998,14.320608191209056
2248,9239.16,84.0,6793.08,84.0,2446.08,26.475134103100284
2250,48646.33,3267.0,34903.38,3602.0,13742.950000000004,28.25074368405593
2251,14073.84,14216.0,15282.55,19345.0,-1208.7099999999991,-8.588345469324642
2252,8606.93,307.0,9349.2,424.0,-742.2700000000004,-8.624097093853447
2253,909.9300000000001,7.0,3119.7000000000003,30.0,-2209.7700000000004,-242.85054894332535
2254,68543.69,5131.0,52879.99,5129.0,15663.700000000004,22.85214000004961
2255,95115.21,2379.0,73239.56,2381.0,21875.65000000001,22.999108134230063
2256,0.0,,16520.88,228.0,-16520.88,0.0
2258,66365.5,4850.0,52035.02,5326.0,14330.480000000003,21.59326758632121
2259,43224.45,1655.0,50197.770000000004,2193.0,-6973.320000000007,-16.13281372001265
2262,9032.83,317.0,2374.4,112.0,6658.43,73.71366448831651
2263,55.98,2.0,0.0,,55.98,100.0
2264,0.0,,285.7,5.0,-285.7,0.0
2265,6435.78,222.0,5732.49,267.0,703.29,10.927812945750166
2270,53814.99,701.0,37331.58,687.0,16483.409999999996,30.629774343542564
2271,3647.62,138.0,8234.800000000001,346.0,-4587.180000000001,-125.75816559839022
2277,20272.54,1546.0,72275.32,4244.0,-52002.780000000006,-256.5183247881124
2280,99373.38,2662.0,88748.6,3239.0,10624.779999999999,10.691776811858466
2287,276954.10000000003,6790.0,209682.72,7176.0,67271.38000000003,24.289721654238022
2289,11062.630000000001,37.0,44489.340000000004,186.0,-33426.71000000001,-302.15879948981393
2290,75566.81999999999,3018.0,57637.799999999996,3195.0,17929.019999999997,23.726048019487916
2291,949.8100000000001,19.0,11808.0,300.0,-10858.19,-1143.196007622577
2292,4224.1,90.0,689.77,23.0,3534.3300000000004,83.67060438910063
2294,5564.47,53.0,2645.44,32.0,2919.03,52.458365307028345
2295,899.9000000000001,10.0,385.68,6.0,514.22,57.141904656072896
2296,299.94,6.0,5278.68,132.0,-4978.740000000001,-1659.9119823964795
2299,17839.8,18020.0,17278.09,21871.0,561.7099999999991,3.1486339532954357
2301,3839.84,16.0,2976.64,16.0,863.2000000000003,22.480103337639072
2302,38447.18,1282.0,33668.91,1437.0,4778.269999999997,12.428141673849673
2303,599.96,4.0,0.0,,599.96,100.0
2308,677.65,35.0,76.08,6.0,601.5699999999999,88.77296539511546
2310,20807.96,704.0,15977.909999999998,689.0,4830.050000000001,23.212510981374443
2312,29097.09,291.0,24721.22,314.0,4375.869999999999,15.038857837673797
2313,1554.3,70.0,4925.9400000000005,298.0,-3371.6400000000003,-216.92337386604908
2320,1324.75,25.0,464.16,12.0,860.5899999999999,64.96244574448008
2322,2239.72,28.0,7557.6,120.0,-5317.880000000001,-237.43503652242254
2326,13198.9,110.0,11326.82,118.0,1872.08,14.183606209608376
2327,122173.06,5494.0,96437.25,5495.0,25735.809999999998,21.065044945260436
2328,2699.95,5.0,2030.05,5.0,669.8999999999999,24.811570584640453
2329,29755.88,612.0,29183.55,759.0,572.3300000000017,1.9234181613852512
2331,3750.79,121.0,11170.54,419.0,-7419.750000000001,-197.8183262725986
2332,4049.4599999999996,54.0,25751.589999999997,443.0,-21702.129999999997,-535.9265185975414
2333,36532.73,727.0,29482.75,755.0,7049.980000000003,19.297709204869175
2339,5871.33,267.0,648.62,41.0,5222.71,88.95275857429237
2344,3549.75,25.0,16668.18,162.0,-13118.43,-369.5592647369533
2345,34.99,1.0,26.71,1.0,8.280000000000001,23.663903972563592
2346,7197.209999999999,379.0,12507.84,909.0,-5310.630000000001,-73.7873425952557
2347,13401.95,205.0,22561.38,438.0,-9159.43,-68.34400964038815
2349,14188.58,142.0,10123.2,144.0,4065.379999999999,28.652479670270033
2353,173.94,6.0,138.06,6.0,35.879999999999995,20.627802690582957
2354,13998.6,140.0,10851.4,140.0,3147.2000000000007,22.482248224822488
2358,107.96,4.0,0.0,,107.96,100.0
2366,107873.22,2978.0,77094.4,3040.0,30778.820000000007,28.53240127623891
2367,5799.99,1.0,8529.4,2.0,-2729.41,-47.05887423943834
2368,94993.34000000001,666.0,71297.64,657.0,23695.70000000001,24.944590852369238
2369,5384.19,81.0,503.79999999999995,10.0,4880.389999999999,90.64297508074566
2373,171594.86,11264.0,122852.31,11939.0,48742.54999999999,28.405600260986834
2374,214992.82,5118.0,188720.84,6041.0,26271.98000000001,12.219933670343043
2382,23020.43,1057.0,11820.3,615.0,11200.130000000001,48.65300083447616
2384,10220.52,348.0,6091.799999999999,195.0,4128.720000000001,40.3963790492069
2386,321.86,14.0,190.26000000000002,14.0,131.6,40.887342322749014
2392,4339.38,62.0,1014.4,20.0,3324.98,76.62338859468403
2396,359.88,12.0,20.15,1.0,339.73,94.4009114149161
2398,300055.52999999997,13347.0,233503.2,14238.0,66552.32999999996,22.180004481170524
2401,98.89,11.0,54.88,8.0,44.01,44.50399433714228
2405,9230.58,342.0,7626.15,269.0,1604.4300000000003,17.381681324467156
2407,530.97,3.0,758.52,6.0,-227.54999999999995,-42.85552856093563
2410,11097.9,210.0,10877.28,272.0,220.61999999999898,1.987943665017697
2412,27954.859999999997,1314.0,18117.64,1178.0,9837.219999999998,35.18965932936169
2414,33493.33,867.0,34845.0,1150.0,-1351.6699999999983,-4.035639334757094
2418,570271.16,24284.0,405943.74,24558.0,164327.42000000004,28.815663762480998
2421,3149.91,9.0,265.14,1.0,2884.77,91.58261664618989
2423,233.82,18.0,152.82,18.0,81.0,34.64203233256351
2426,413475.55,7445.0,309637.55,7445.0,103838.0,25.113455922605336
2427,359.82,18.0,207.09,13.0,152.73,42.446223111555774
2429,5947.62,238.0,11512.8,585.0,-5565.179999999999,-93.5698649207582
2432,967005.94,41506.0,736897.87,41893.0,230108.06999999995,23.795931387970583
2433,82875.65000000001,635.0,61021.6,664.0,21854.05000000001,26.369687598226992
2435,103789.13,2587.0,79340.16,2666.0,24448.97,23.5563878413857
2436,198947.28,13272.0,160462.16999999998,13383.0,38485.110000000015,19.34437605781794
2438,107612.06999999999,1493.0,77211.98,1423.0,30400.089999999997,28.249702844671603
2439,1499.95,5.0,4218.66,18.0,-2718.71,-181.25337511250373
2440,9832.57,643.0,4293.42,326.0,5539.15,56.334712084429604
2443,902489.5399999999,47446.0,642375.92,47654.0,260113.61999999988,28.82178778493099
2444,15459.849999999999,515.0,17769.4,788.0,-2309.550000000003,-14.939019460085337
2445,98953.47,8253.0,76907.59999999999,8470.0,22045.87000000001,22.279026698103674
2446,6858.160000000001,184.0,7551.0,300.0,-692.8399999999992,-10.102418141309027
2448,34714.29,2171.0,25112.579999999998,2199.0,9601.710000000003,27.65924349885883
2454,8878.52,148.0,6822.71,149.0,2055.8100000000004,23.154872658956677
2458,2553.8199999999997,118.0,283.20000000000005,24.0,2270.62,88.91072980867877
2460,6838.29,171.0,19681.25,625.0,-12842.96,-187.8095254807854
2461,10147.59,441.0,15374.45,763.0,-5226.860000000001,-51.50838770584938
2464,27434.02,1748.0,24986.1,2251.0,2447.920000000002,8.922935829309747
2465,80873.52,27048.0,59544.25,27695.0,21329.270000000004,26.373614008639667
2466,57233.82,1218.0,21030.2,710.0,36203.619999999995,63.255641507066976
2467,5310.15,185.0,1167.4,65.0,4142.75,78.01568693916369
2468,113966.29,3971.0,115711.52,5168.0,-1745.2300000000105,-1.531356333526353
2471,215.90999999999997,9.0,168.65999999999997,9.0,47.25,21.884118382659445
2474,25304.510000000002,649.0,35123.7,1207.0,-9819.189999999995,-38.80411041351915
2475,76.89,11.0,0.0,,76.89,100.0
2476,157718.86,6614.0,93066.97,5543.0,64651.889999999985,40.99185728326973
2478,22352.65,635.0,25740.96,987.0,-3388.3099999999977,-15.158426405817643
2480,1259.86,14.0,4251.6,60.0,-2991.7400000000007,-237.46606765831132
2482,95499.45999999999,1054.0,112111.52,1424.0,-16612.060000000012,-17.394925583872425
2484,5786.89,111.0,1145.4499999999998,31.0,4641.4400000000005,80.20612107712434
2487,2655.2200000000003,78.0,1093.5,50.0,1561.7200000000003,58.816971851673316
2490,8799.119999999999,88.0,12324.09,159.0,-3524.970000000001,-40.0604833210594
2491,4027.0,100.0,1506.33,63.0,2520.67,62.59423888750931
2492,84969.41,1559.0,33203.02,797.0,51766.39000000001,60.923560608458985
2494,180958.49000000002,3851.0,114793.0,3703.0,66165.49000000002,36.563904793856324
2495,6023.85,115.0,15714.269999999999,333.0,-9690.419999999998,-160.86755148285562
2496,128170.66,2434.0,78343.86,2163.0,49826.8,38.875355717135264
2498,3861.11,89.0,993.82,37.0,2867.29,74.26076957144447
2499,122377.37999999999,4262.0,95356.37000000001,4429.0,27021.00999999998,22.080069045439593
2502,3429.02,98.0,80.76,3.0,3348.2599999999998,97.64480813760198
2504,5759.68,32.0,19635.84,144.0,-13876.16,-240.91893994110785
2505,242.91,9.0,117.46000000000001,7.0,125.44999999999999,51.64464204849533
2508,8978.88,4512.0,3461.4300000000003,2177.0,5517.449999999999,61.44920079118998
2512,64066.69,1831.0,52545.92,2072.0,11520.770000000004,17.98246483469023
2514,47354.41,3059.0,38440.29,3369.0,8914.120000000003,18.8242657864389
2517,299856.37,4263.0,200348.72,4316.0,99507.65,33.18510458857352
2518,147315.99,2801.0,104616.83,2867.0,42699.15999999999,28.984742253709182
2519,152.91,9.0,115.83,9.0,37.08,24.249558563861097
2520,572039.87,9713.0,431681.67,10227.0,140358.2,24.5364365948828
2521,67632.83,717.0,52399.54,757.0,15233.29,22.523514098108862
2522,117841.64,2336.0,91044.72,2466.0,26796.92,22.739771781859112
2525,19684.63,1437.0,30641.920000000002,2368.0,-10957.29,-55.664190792511725
2529,359.88,12.0,279.0,12.0,80.88,22.474158052684228
2530,6969.71,29.0,1022.1600000000001,6.0,5947.55,85.33425350552606
2531,288456.98,4102.0,232360.07,5011.0,56096.909999999974,19.447236118189956
2532,89686.65000000001,635.0,48348.11,499.0,41338.54000000001,46.09218874826968
2534,95329.26,1574.0,56540.29,1571.0,38788.969999999994,40.6894693192835
2535,19798.9,110.0,14202.62,101.0,5596.280000000001,28.265610715746835
2539,31.98,2.0,0.0,,31.98,100.0
2540,134.94,6.0,102.24,6.0,32.7,24.23299244108493
2543,15213.39,661.0,10748.41,569.0,4464.98,29.34901425652008
2547,54165.51,7749.0,52799.74,10193.0,1365.770000000004,2.5214753816589264
2549,81941.94,1906.0,58124.79,1971.0,23817.15,29.06588494243607
2550,21031.91,909.0,23220.469999999998,1343.0,-2188.5599999999977,-10.405902269456258
2552,22425.2,580.0,25182.8,785.0,-2757.5999999999985,-12.296880295381975
2554,102860.8,920.0,81663.40000000001,980.0,21197.399999999994,20.607850609756092
2555,4589.49,51.0,133.32,2.0,4456.17,97.09510207016466
2563,14431.94,306.0,16508.97,477.0,-2077.0300000000007,-14.391897416424962
2564,24493.920000000002,408.0,31039.679999999997,651.0,-6545.759999999995,-26.72401967508669
2568,32170.05,495.0,43019.2,920.0,-10849.149999999998,-33.724380285389664
2570,172043.81,2119.0,155135.09999999998,2715.0,16908.71000000002,9.828142029637696
2571,2634.6899999999996,31.0,1647.0,25.0,987.6899999999996,37.48790180248909
2572,1604.69,31.0,327.78,9.0,1276.91,79.57362481226905
2573,159.92,8.0,175.89,11.0,-15.969999999999999,-9.986243121560781
2577,499.90000000000003,10.0,37.87,1.0,462.03000000000003,92.4244848969794
2579,33253.619999999995,1438.0,32346.600000000002,1914.0,907.0199999999932,2.7275827413676867
2580,174154.54,4946.0,154785.92,5272.0,19368.619999999995,11.121513111286099
2581,49.99,1.0,0.0,,49.99,100.0
2582,9023.98,602.0,3162.4,268.0,5861.58,64.95559608953035
2584,3911.94,206.0,999.5999999999999,70.0,2912.34,74.44746085062654
2585,2148965.53,91247.0,1530426.1,93205.0,618539.4299999997,28.78312478097309
2586,153407.93,51307.0,116221.69,52589.0,37186.23999999999,24.240102842141205
2587,171430.56,9294.0,121720.69,9607.0,49709.869999999995,28.997087800448178
2589,2773367.73,69627.0,2177285.08,70783.0,596082.6499999999,21.493098212403297
2590,77304.21,1879.0,70798.14,2443.0,6506.070000000007,8.41619104573995
2591,66515.93000000001,1607.0,48127.8,1637.0,18388.130000000005,27.64470105131207
2593,30694.149999999998,1085.0,27316.77,1157.0,3377.3799999999974,11.003334511625171
2595,44067.189999999995,2581.0,33480.6,2722.0,10586.589999999997,24.02374646534076
2596,307.78000000000003,22.0,0.0,,307.78000000000003,100.0
2597,10894.369999999999,663.0,5651.34,393.0,5243.029999999999,48.12605042788155
2598,53521.67,3233.0,38163.840000000004,3336.0,15357.829999999994,28.69460164453014
2602,76535.94,1306.0,59271.68000000001,1352.0,17264.259999999995,22.557062734187355
2604,92890.70999999999,929.0,76460.8,1040.0,16429.90999999999,17.687355387853092
2606,126639.7,1230.0,108088.32,1362.0,18551.37999999999,14.64894499908006
2607,43034.43,1957.0,26749.26,1557.0,16285.170000000002,37.84218821999037
2609,31523.519999999997,1248.0,23235.13,1283.0,8288.389999999996,26.292717310757162
2610,18239.04,96.0,19137.84,138.0,-898.7999999999993,-4.927890941628502
2611,19294.850000000002,415.0,18875.28,472.0,419.57000000000335,2.1745180708842167
2612,2159.76,24.0,1727.76,24.0,432.0000000000002,20.00222246916325
2614,16094.11,289.0,13187.199999999999,320.0,2906.9100000000017,18.06194937154028
2615,18985.600000000002,5440.0,15229.819999999998,5926.0,3755.7800000000043,19.78225602561944
2616,529.76,24.0,358.8,24.0,170.95999999999998,32.27121715493808
2617,29897.01,299.0,18977.4,260.0,10919.609999999997,36.52408719132782
2618,21282.85,215.0,16890.4,215.0,4392.449999999997,20.638448328113938
2619,148432.78999999998,2221.0,111515.95999999999,2162.0,36916.82999999999,24.87107464597276
2621,2137.58,42.0,6796.68,132.0,-4659.1,-217.96143302238983
2622,38435.21,1479.0,30455.45,1633.0,7979.759999999998,20.761588137543672
2623,112041.26999999999,3873.0,71409.6,3915.0,40631.669999999984,36.26491381256209
2624,42753.56,644.0,34976.48,748.0,7777.0799999999945,18.19048519000522
2625,46018.6,740.0,35045.92,812.0,10972.68,23.84401089994046
2626,27.86,14.0,2.84,2.0,25.02,89.80617372577171
2628,112630.53,3547.0,88565.40000000001,3780.0,24065.12999999999,21.366435903302587
2630,68916.1,1790.0,55154.04,1844.0,13762.060000000005,19.96929599904812
2631,74295.51,1049.0,63604.64,1136.0,10690.869999999995,14.38965827140832
2632,1011.77,23.0,199.98,6.0,811.79,80.23463830712514
2636,18747.219999999998,278.0,2197.35,45.0,16549.87,88.27906217561858
2637,15122.44,356.0,6611.28,169.0,8511.16,56.281658250917175
2638,11699.1,90.0,9633.38,101.0,2065.720000000001,17.657084733013658
2639,27215.23,377.0,26185.000000000004,500.0,1030.229999999996,3.78549069767184
2640,108431.79000000001,2521.0,78633.04999999999,2615.0,29798.74000000002,27.481553149680565
2641,8298.34,166.0,6427.89,171.0,1870.4499999999998,22.540050178710437
2643,1109.94,6.0,0.0,,1109.94,100.0
2644,102415.79,1421.0,79056.79999999999,1360.0,23358.990000000005,22.80799669660314
2645,325119.82,10418.0,250137.03,11427.0,74982.79000000001,23.06312485040131
2646,462119.67,8233.0,376796.6,8702.0,85323.07,18.463414465781128
2647,57858.29,1071.0,57654.8,1396.0,203.48999999999796,0.3517041378167207
2648,57595.21,3529.0,43296.66,3546.0,14298.549999999996,24.82593604572324
2650,1824.27,73.0,98.4,5.0,1725.87,94.60606160272327
2652,38089.57,943.0,43747.200000000004,1344.0,-5657.630000000005,-14.853488763459405
2653,3914.13,87.0,8436.0,240.0,-4521.87,-115.52682205241011
2654,46123.09,1591.0,9369.99,417.0,36753.1,79.68481730083565
2655,32318.55,1145.0,27274.94,1246.0,5043.610000000001,15.605929102636104
2656,238229.18,9282.0,190241.92,9746.0,47987.25999999998,20.14331745590527
2658,48856.6,2940.0,33423.24,2676.0,15433.36,31.589099528006454
2660,5099.83,17.0,916.0,4.0,4183.83,82.03861697350696
2661,48105.2,680.0,35800.54,746.0,12304.659999999996,25.578648462120512
2663,2189368.78,70122.0,1478001.42,69001.0,711367.3599999999,32.49189293728761
2664,4233.58,292.0,777.0,74.0,3456.58,81.64673869396586
2665,400461.12,19088.0,285668.12,18574.0,114793.0,28.665204751961937
2667,7649.44,456.0,3194.58,222.0,4454.86,58.23772720617457
2668,74776.49,5551.0,61815.84,5788.0,12960.650000000009,17.33251988693239
2670,8848.82,118.0,5679.419999999999,103.0,3169.4000000000005,35.81720500586519
2671,942.5899999999999,41.0,117.46000000000001,7.0,825.1299999999999,87.5385904794237
2672,51012.04,22276.0,41686.2,23159.0,9325.840000000004,18.281644882267017
2675,102001.64,2236.0,79386.88,2276.0,22614.759999999995,22.170976858803442
2676,95864.2,6280.0,73515.18,6726.0,22349.020000000004,23.31320764164308
2678,64537.93,1507.0,56334.39,1761.0,8203.54,12.711191697657487
2679,46676.52,2348.0,3227.28,226.0,43449.24,93.08585987130145
2680,29924.32,568.0,37790.770000000004,863.0,-7866.450000000004,-26.287815395638077
2682,36802.340000000004,666.0,26239.41,619.0,10562.930000000004,28.701789071021032
2684,19120.8,420.0,10559.24,277.0,8561.56,44.77615999330572
2686,58483.83,1517.0,42933.600000000006,1602.0,15550.229999999996,26.58893919909143
2689,14318.46,754.0,1678.08,114.0,12640.38,88.28030388742924
2690,83146.91,8109.0,60681.6,8256.0,22465.310000000005,27.01881525122221
2692,334079.63,9337.0,252260.28,9588.0,81819.35,24.490972406788167
2694,100054.45,1955.0,79992.64,2144.0,20061.809999999998,20.050892289148557
2695,7361.89,611.0,11111.099999999999,1001.0,-3749.209999999998,-50.92727546866359
2696,125199.8,3420.0,86628.40999999999,3439.0,38571.390000000014,30.80786870266567
2703,1356.4099999999999,59.0,0.0,,1356.4099999999999,100.0
2704,14811.39,14961.0,7618.26,9767.0,7193.129999999999,48.564854480234466
2707,354.42,8.0,100.35,3.0,254.07000000000002,71.68613509395632
2708,6708.45,555.0,11245.5,1050.0,-4537.05,-67.63186727187353
2710,945.5699999999999,43.0,573.48,36.0,372.0899999999999,39.3508677305752
2711,9515.24,476.0,4463.91,297.0,5051.33,53.08673244185118
2713,110007.78,7222.0,79362.73,7261.0,30645.050000000003,27.857166102252044
2714,7899.21,79.0,1068.6200000000001,14.0,6830.59,86.47181173813584
2715,27858.8,620.0,35151.21,879.0,-7292.41,-26.176324895544678
2716,7908.869999999999,113.0,6187.84,122.0,1721.0299999999988,21.76075722574779
2717,16469.25,275.0,14098.499999999998,325.0,2370.750000000002,14.395008880185811
2719,1439.28,72.0,201.5,13.0,1237.78,85.99994441665277
2720,11491.960000000001,1204.0,11557.28,1214.0,-65.31999999999971,-0.5683973839101398
2721,192003.28,3172.0,177870.96000000002,3736.0,14132.319999999978,7.360457592182788
2722,56206.439999999995,2556.0,39612.68,2252.0,16593.759999999995,29.522880296279208
2723,289581.94,9306.0,217477.26,10153.0,72104.68,24.899577646313162
2727,4798.11,189.0,232.44,12.0,4565.67,95.15559251455261
2729,26452.789999999997,1421.0,36401.79,1821.0,-9949.000000000004,-37.61039950795362
2730,991.6899999999999,31.0,1265.55,55.0,-273.86,-27.615484677671454
2733,14139.21,179.0,6307.65,107.0,7831.5599999999995,55.388950302032434
2734,49549.719999999994,728.0,53107.5,970.0,-3557.780000000006,-7.180222209126523
2737,40732.61,1139.0,35406.75,1275.0,5325.860000000001,13.075174902860386
2738,2999.95,5.0,5496.12,12.0,-2496.17,-83.20705345089085
2739,899.8199999999999,18.0,215.76,6.0,684.06,76.02187104087484
2740,41479.47,453.0,21977.76,336.0,19501.710000000003,47.015330716617164
2741,2099.7,30.0,0.0,,2099.7,100.0
2742,42761.19,881.0,39081.42,1029.0,3679.770000000004,8.60539662249812
2743,4719.41,59.0,562.41,9.0,4157.0,88.08304427883994
2746,33454.479999999996,452.0,19899.539999999997,387.0,13554.939999999999,40.51756296914494
2747,12959.19,81.0,1476.84,12.0,11482.35,88.60391737446554
2748,307040.36,964.0,238424.69,991.0,68615.66999999998,22.347443183039513
2749,92272.68999999999,5431.0,69549.24,5198.0,22723.449999999983,24.626408962391782
2750,1848.5700000000002,43.0,33.33,1.0,1815.2400000000002,98.19698469627875
2751,118580.68,5932.0,99697.65,6235.0,18883.03,15.924204516283766
2752,490792.17000000004,13083.0,336189.18,12778.0,154602.99000000005,31.5007042594017
2753,1739044.28,28372.0,1414552.92,31596.0,324491.3600000001,18.659177556997
2755,143817.44999999998,5755.0,115246.08,5856.0,28571.36999999998,19.86641398522918
2756,316023.68,10632.0,256825.80000000002,11220.0,59197.879999999976,18.732102606994506
2757,1840615.67,61433.0,1498161.96,66942.0,342453.70999999996,18.605389250000247
2759,59373.56,4244.0,46066.020000000004,4543.0,13307.539999999994,22.41324252748192
2760,701171.5,18250.0,538516.38,19219.0,162655.12,23.19762283549745
2762,14928.2,380.0,4195.1900000000005,103.0,10733.01,71.89754960410498
2764,1195.61,39.0,14394.0,600.0,-13198.39,-1103.904283169261
2765,3429.59,41.0,1082.52,18.0,2347.07,68.43587717482265
2767,548648.39,2761.0,413931.10000000003,2963.0,134717.28999999998,24.554394482047048
2769,87046.90000000001,1510.0,55104.0,1435.0,31942.90000000001,36.69619480992431
2770,17270.83,417.0,19964.0,644.0,-2693.1699999999983,-15.59374969240041
2772,78195.39,1461.0,69548.04999999999,1507.0,8647.340000000011,11.058631461522236
2773,0.99,1.0,0.0,,0.99,100.0
2776,3275.2200000000003,78.0,355.3,11.0,2919.92,89.15187376725838
2777,1931.5800000000002,42.0,1509.06,42.0,422.5200000000002,21.8743205044575
2779,8043.469999999999,453.0,5703.599999999999,388.0,2339.87,29.090305552205702
2780,134604.65,3335.0,107578.8,3780.0,27025.84999999999,20.077946787128077
2781,17937.010000000002,299.0,20025.94,454.0,-2088.9299999999967,-11.645920919930337
2782,12147.57,243.0,9489.15,243.0,2658.42,21.884376875375075
2783,137384.41,9159.0,92461.46,9191.0,44922.95,32.69872469518193
2784,969.2099999999999,99.0,710.5,98.0,258.7099999999999,26.69287357744967
2787,43350.18,982.0,33543.119999999995,1014.0,9807.060000000005,22.622881842705162
2788,346877.52,7748.0,245577.63999999998,7861.0,101299.88000000003,29.203356850567896
2790,64338.68,2032.0,57825.03999999999,2366.0,6513.640000000007,10.12398762299756
2792,23932.260000000002,24174.0,18269.94,23423.0,5662.320000000003,23.65977972828309
2793,14707.5,700.0,9930.04,578.0,4777.459999999999,32.483154852966166
2794,28413.3,1770.0,9628.5,917.0,18784.8,66.11270074225803
2795,48836.84,1916.0,33919.4,1810.0,14917.439999999995,30.54546526761354
2796,7858.6900000000005,131.0,8638.2,180.0,-779.5100000000002,-9.919083205979625
2797,4469.85,4515.0,2026.5,2702.0,2443.3500000000004,54.66290815128024
2800,74140.94,906.0,47752.0,800.0,26388.940000000002,35.59293960934404
2801,4138.9400000000005,106.0,636.64,23.0,3502.3000000000006,84.61828390844033
2802,12819.869999999999,513.0,4713.57,249.0,8106.299999999999,63.23231046804687
2803,18556.86,714.0,14792.58,723.0,3764.2800000000007,20.285112890866237
2804,6298.6,140.0,6749.400000000001,210.0,-450.8000000000002,-7.157146032451658
2806,329.94,6.0,239.1,6.0,90.84,27.532278596108384
2807,2069.77,23.0,24919.2,360.0,-22849.43,-1103.9598602743301
2808,26190.789999999997,921.0,23161.41,981.0,3029.3799999999974,11.566585047644603
2809,1819.09,91.0,220.5,15.0,1598.59,87.87855466194637
2810,56269.950000000004,1005.0,50344.74,1151.0,5925.210000000006,10.529972036584368
2812,2494.44,56.0,212.1,7.0,2282.34,91.49708952710829
2813,2938.5299999999997,147.0,710.01,49.0,2228.5199999999995,75.83791895947974
2814,3049.32,68.0,899.0,29.0,2150.32,70.51801713168838
2815,16349.08,292.0,10020.789999999999,247.0,6328.290000000001,38.70731564100244
2816,35098.47,753.0,27584.17,797.0,7514.300000000003,21.409195329596994
2817,2029.7099999999998,29.0,19533.6,360.0,-17503.89,-862.3837888171216
2818,39653.98,1202.0,33956.96,1328.0,5697.020000000004,14.366830265209202
2820,1055.94,56.0,0.0,,1055.94,100.0
2821,36451.450000000004,955.0,27347.52,976.0,9103.930000000004,24.975494801990052
2822,35727.28,1172.0,23645.25,1017.0,12082.029999999999,33.81737988450282
2823,1499.99,1.0,1111.1,1.0,388.8900000000001,25.92617284115228
2824,9836.31,169.0,13498.65,297.0,-3662.34,-37.23286476331064
2826,59392.450000000004,1555.0,46633.84,1576.0,12758.610000000008,21.481871854082474
2827,7499.85,15.0,15872.800000000001,40.0,-8372.95,-111.64156616465664
2828,56959.48,1252.0,52337.880000000005,1548.0,4621.5999999999985,8.113838117904164
2830,52677.26,3774.0,47053.08,4507.0,5624.18,10.676675286451877
2832,3119.7,30.0,2618.35,35.0,501.3499999999999,16.070455492515304
2833,579.42,58.0,521.28,72.0,58.139999999999986,10.03417210313762
2834,266925.97,15753.0,193651.19999999998,15744.0,73274.76999999999,27.45134540487012
2837,3357.27,73.0,476.98,14.0,2880.29,85.79262317299472
2838,83086.68000000001,1832.0,64730.61,1827.0,18356.070000000007,22.092674782528324
2839,29665.960000000003,804.0,23544.0,872.0,6121.960000000003,20.63631178630323
2840,1182.09,91.0,419.52,57.0,762.5699999999999,64.51031647336497
2841,82949.91,2609.0,70088.52,2724.0,12861.39,15.505007781201932
2842,12999.710000000001,29.0,29472.52,98.0,-16472.809999999998,-126.71674983518861
2843,7199.41,159.0,1775.5500000000002,57.0,5423.86,75.33756238358421
2844,17693.85,615.0,22220.16,852.0,-4526.310000000001,-25.581261285700975
2845,8835.58,442.0,11832.490000000002,811.0,-2996.9100000000017,-33.91865616065953
2846,1999.95,5.0,3529.32,12.0,-1529.3700000000001,-76.47041176029401
2847,49793.61,1639.0,57891.12,2027.0,-8097.510000000002,-16.262146889932268
2849,2879.84,16.0,129.49,1.0,2750.3500000000004,95.50356964275794
2850,5699.85,15.0,1714.26,6.0,3985.59,69.92447169662358
2851,6337.95,705.0,3078.0,684.0,3259.95,51.43540103661278
2852,41317.92,1008.0,32008.68,1062.0,9309.239999999998,22.53075663053706
2854,166564.47,2953.0,135882.3,3534.0,30682.170000000013,18.42059714175539
2855,4528.49,151.0,647.4,30.0,3881.0899999999997,85.7038438861519
2856,39698.18,682.0,32711.7,777.0,6986.48,17.598993203214857
2858,203.88,12.0,53.52,4.0,150.35999999999999,73.74926427310183
2859,16814.16,784.0,1513.98,117.0,15300.18,90.9958035370188
2862,67732.56,1844.0,53117.920000000006,1919.0,14614.639999999992,21.576978634795427
2863,11592.52,248.0,6284.219999999999,183.0,5308.300000000001,45.79073402504375
2864,111.97,3.0,191.38,7.0,-79.41,-70.92078235241583
2867,11678.539999999999,146.0,19347.12,312.0,-7668.58,-65.66385866726492
2868,19488.16,184.0,12400.5,175.0,7087.66,36.36905690429471
2870,27167.53,247.0,31460.94,369.0,-4293.41,-15.803460969767954
2871,41211.25,1075.0,39804.15,1185.0,1407.0999999999985,3.4143589432497157
2872,9884.91,309.0,10646.02,446.0,-761.1100000000006,-7.699716031810108
2873,2699.91,9.0,0.0,,2699.91,100.0
2874,28994.28,572.0,2933.2200000000003,57.0,26061.059999999998,89.88345287415311
2876,30877.74,926.0,29914.559999999998,1224.0,963.1800000000039,3.119334510880666
2877,2045.6899999999998,31.0,1674.5,34.0,371.1899999999998,18.144977978090516
2878,22669.510000000002,549.0,19992.8,670.0,2676.7100000000028,11.807533554982012
2879,56577.98,1802.0,41999.11,1891.0,14578.870000000003,25.767745684805295
2880,8970.27,573.0,4650.4400000000005,422.0,4319.83,48.1571903632778
2882,43546.69,331.0,40913.6,455.0,2633.090000000004,6.046590452684242
2884,2599.8,20.0,98.48,1.0,2501.32,96.21201630894684
2885,929.85,15.0,1631.3500000000001,35.0,-701.5000000000001,-75.44227563585525
2886,179095.03,2897.0,158768.4,3227.0,20326.630000000005,11.34963376705652
2887,929.85,15.0,1063.98,23.0,-134.13,-14.424907243103727
2888,6199.38,62.0,10614.96,138.0,-4415.579999999999,-71.22615487355185
2889,432258.32,13468.0,328978.2,14260.0,103280.12,23.893147967631943
2890,180430.09,6491.0,140802.5,6626.0,39627.59,21.962849988048
2893,122300.0,2300.0,95604.7,2410.0,26695.300000000003,21.82771872444808
2894,192295.11,10689.0,139260.28,10762.0,53034.82999999999,27.579916098750505
2897,9918.36,164.0,12754.8,270.0,-2836.4399999999987,-28.59787303546149
2898,18507.21,2479.0,11112.49,1849.0,7394.719999999999,39.95588746223769
2899,89080.95,1805.0,73656.09999999999,1946.0,15424.850000000006,17.315542773174293
2901,4499.1,90.0,12337.37,311.0,-7838.27,-174.21862150207818
2902,38865.130000000005,787.0,12728.0,344.0,26137.130000000005,67.2508492831492
2903,1287.54,46.0,864.36,42.0,423.17999999999995,32.86732839368097
2906,55884.439999999995,556.0,47881.44,656.0,8002.999999999993,14.320623057151497
2907,16970.15,485.0,17549.35,637.0,-579.1999999999971,-3.4130517408508294
2908,93502.43,1357.0,82698.24,1536.0,10804.189999999988,11.55498311648156
2909,3299.42,58.0,259.21000000000004,7.0,3040.21,92.14377072333926
2910,3038.4799999999996,152.0,926.1,63.0,2112.3799999999997,69.52094468286775
2911,7259.34,66.0,5663.52,69.0,1595.8199999999997,21.982990189190748
2912,56848.53999999999,3346.0,44440.11,3453.0,12408.429999999993,21.827174453380852
2913,531.81,19.0,159.92000000000002,8.0,371.88999999999993,69.92911002049603
2914,538.89,11.0,97.8,3.0,441.09,81.85158381116739
2915,2748.75,125.0,229.73999999999998,14.0,2519.01,91.64201909959073
2916,10725.37,163.0,5269.6,112.0,5455.77,50.867895466543345
2917,69846.45999999999,3554.0,57809.62,3701.0,12036.83999999999,17.233285695509824
2918,531.72,28.0,194.04,14.0,337.68000000000006,63.50710900473935
2919,689.9399999999999,6.0,0.0,,689.9399999999999,100.0
2920,20111.010000000002,399.0,9414.6,204.0,10696.410000000002,53.186836464205435
2921,1779.11,89.0,313.32,21.0,1465.79,82.38894728263007
2922,10428.509999999998,149.0,1337.96,26.0,9090.55,87.17017100237715
2923,16237.82,218.0,9403.68,176.0,6834.139999999999,42.08779257314097
2924,107599.26999999999,4573.0,80711.64,4698.0,26887.62999999999,24.98867325029249
2925,4678.33,167.0,15125.009999999998,681.0,-10446.679999999998,-223.29933972165276
2926,65934.69,2331.0,53078.49,2427.0,12856.200000000004,19.498385447781743
2928,2099.79,21.0,367.6,5.0,1732.19,82.49348744398249
2929,2391.08,92.0,683.9,35.0,1707.1799999999998,71.39786205396724
2931,53.98,2.0,38.56,2.0,15.419999999999995,28.56613560577991
2932,444452.14999999997,13785.0,360339.62,14642.0,84112.52999999997,18.924991137966142
2933,16593.72,328.0,7581.6,195.0,9012.12,54.31042587195638
2935,50070.61,439.0,31340.4,420.0,18730.21,37.407592997169395
2936,279.96,4.0,954.36,18.0,-674.4000000000001,-240.89155593656238
2937,4549.349999999999,65.0,5089.92,96.0,-540.5700000000006,-11.8823568202051
2938,527.67,33.0,57.1,5.0,470.56999999999994,89.1788428373794
2939,959.36,64.0,138.36,12.0,821.0,85.57788525683789
2940,19545.8,220.0,14178.24,216.0,5367.5599999999995,27.46144951856665
2942,21542.09,591.0,14400.72,531.0,7141.370000000001,33.15077599248727
2943,2879.7599999999998,24.0,1007.5999999999999,11.0,1872.1599999999999,65.01097313665028
2944,128328.76000000001,2624.0,81924.86,2549.0,46403.90000000001,36.160171733912186
2945,64147.86,214.0,60113.94,282.0,4033.9199999999983,6.288471665305745
2946,27437.109999999997,289.0,23005.71,371.0,4431.399999999998,16.151117956665253
2949,16053.369999999999,163.0,11679.76,166.0,4373.609999999999,27.24418611170115
2950,3170.11,89.0,2491.11,89.0,679.0,21.418815119980064
2951,129456.65000000001,3135.0,88843.86,3087.0,40612.79000000001,31.3717294553814
2952,132962.18,5782.0,85833.75,5875.0,47128.42999999999,35.444988943472495
2953,7999.92,8.0,2238.7799999999997,3.0,5761.14,72.0149701497015
2954,138993.49,2751.0,108865.45,3035.0,30128.039999999994,21.675864099822224
2955,1949.8500000000001,15.0,2244.48,24.0,-294.6299999999999,-15.110393107162082
2956,108812.41,7259.0,78365.07,7317.0,30447.339999999997,27.981495860628392
2957,73143.96,2004.0,53333.4,2060.0,19810.560000000005,27.084341618911534
2958,247565.39,4161.0,187276.54,4598.0,60288.850000000006,24.352697281312224
2959,779.8000000000001,20.0,0.0,,779.8000000000001,100.0
2960,156141.13,1387.0,103455.28,1492.0,52685.850000000006,33.74245466265039
2961,7019.22,78.0,4587.96,78.0,2431.26,34.63718190910101
2962,659.4,60.0,511.2,60.0,148.2,22.474977252047314
2964,5399.76,24.0,0.0,,5399.76,100.0
2965,139529.88,3112.0,119992.96,3464.0,19536.92,14.001961443670702
2967,174601.2,2980.0,141047.99,3463.0,33553.21000000002,19.21705578197631
2968,175.89000000000001,11.0,139.08,12.0,36.81,20.927852635169707
2969,16799.86,14.0,7883.19,9.0,8916.670000000002,53.075858965491385
2972,79.99,1.0,57.55,1.0,22.439999999999998,28.05350668833604
2973,257336.97999999998,9002.0,180436.5,9090.0,76900.47999999998,29.88318274349842
2974,10496.5,350.0,7605.5,350.0,2891.0,27.542514171390465
2975,74248.82,4818.0,58128.200000000004,5135.0,16120.620000000003,21.711617773858226
2976,213.87,13.0,34.77,3.0,179.1,83.74246037312385
2977,263.88,12.0,206.16,12.0,57.72,21.873578899499773
2978,734.65,35.0,0.0,,734.65,100.0
2979,72319.23,1577.0,59522.4,1680.0,12796.829999999994,17.69492014779471
2982,37069.93,507.0,24234.72,464.0,12835.21,34.62431679800852
2983,8369.07,93.0,5510.25,93.0,2858.8199999999997,34.159351039004335
2984,15422.820000000002,418.0,18577.08,668.0,-3154.26,-20.45190179227923
2985,11687.47,553.0,3140.7999999999997,208.0,8546.67,73.12677594038745
2986,106710.43,1557.0,86201.64,1659.0,20508.789999999994,19.21910538641817
2988,18757.789999999997,721.0,13105.08,708.0,5652.709999999997,30.135266467958104
2989,130514.98000000001,502.0,113242.92,588.0,17272.060000000012,13.233775923652605
2990,26138.75,1225.0,20195.37,1263.0,5943.380000000001,22.737812634498596
2991,23345.33,467.0,18463.94,506.0,4881.390000000003,20.909492390983562
2992,103979.2,2080.0,82779.92,2302.0,21199.28,20.38800067705849
2994,45890.82,918.0,35168.88,978.0,10721.940000000002,23.364019209070577
2995,1199.5,50.0,105.06,6.0,1094.44,91.24135056273448
2997,12412.61,139.0,8788.97,139.0,3623.6400000000012,29.193215608965406
2999,249.98,2.0,0.0,,249.98,100.0
3002,9.99,1.0,0.0,,9.99,100.0
3004,1799.94,6.0,234.37,1.0,1565.5700000000002,86.97901041145816
3008,826.47,53.0,192.27,17.0,634.2,76.73599767686667
3009,13729.42,258.0,13460.94,306.0,268.47999999999956,1.9555086813572573
3010,49.98,2.0,0.0,,49.98,100.0
3012,54715.32,55268.0,41038.92,55458.0,13676.400000000001,24.995558830689472
3014,402.69,31.0,365.4,36.0,37.29000000000002,9.260224986962681
3015,103.92,8.0,0.0,,103.92,100.0
3016,113409.79,5421.0,71140.84,4876.0,42268.95,37.2709886862501
3020,99450.55,9245.0,74506.75,9325.0,24943.800000000003,25.081610911151326
3022,119.96,4.0,0.0,,119.96,100.0
3023,554.85,15.0,750.8700000000001,27.0,-196.0200000000001,-35.328467153284684
3025,159459.82,13018.0,122349.3,13170.0,37110.520000000004,23.27264636320297
3030,16.99,1.0,0.0,,16.99,100.0
3038,161886.13,15887.0,113965.92,15984.0,47920.21000000001,29.601183251462004
3039,77290.23,4277.0,54831.24,4098.0,22458.989999999998,29.05799348766332
3040,842326.99,34901.0,594149.88,35922.0,248177.11,29.463274114011234
3041,140309.83,15317.0,89496.33,15351.0,50813.499999999985,36.21521029567208
3042,140973.78,11372.0,101048.67,11709.0,39925.11,28.32094734212277
3045,96774.28,8672.0,67579.2,8664.0,29195.08,30.168222383054673
3046,93078.25,1917.0,71440.95000000001,1995.0,21637.29999999999,23.246354545771958
3047,17696.829999999998,717.0,15319.47,739.0,2377.3599999999988,13.433818373121056
3050,229056.21,25479.0,166883.85,25635.0,62172.359999999986,27.142839742262385
3053,7.92,8.0,0.0,,7.92,100.0
3054,161026.78,13722.0,111273.8,13670.0,49752.979999999996,30.89733272937582
3055,9.49,1.0,0.0,,9.49,100.0
3057,12.99,1.0,0.0,,12.99,100.0
3058,484.11,489.0,85.91,121.0,398.20000000000005,82.25403317427859
3061,5672.1,390.0,996.16,88.0,4675.9400000000005,82.4375451772712
3062,45783.74,2126.0,32817.62,2101.0,12966.119999999995,28.320360023012526
3063,35.98,2.0,13.13,1.0,22.849999999999994,63.507504168982756
3065,85.14,86.0,0.71,1.0,84.43,99.16607939863754
3068,77.94,6.0,44.46,6.0,33.48,42.956120092378754
3070,4340.07,193.0,1305.8700000000001,79.0,3034.2,69.91131479446184
3072,283914.35,11265.0,211839.36,11614.0,72074.98999999999,25.386173682309472
3075,119.92,8.0,408.96,36.0,-289.03999999999996,-241.02735156771175
3078,0.0,,34.98,6.0,-34.98,0.0
3079,9492.72,728.0,4288.2,420.0,5204.5199999999995,54.82643541577124
3084,53679.19,3581.0,41270.740000000005,3662.0,12408.449999999997,23.115941205521164
3085,123563.28,17072.0,86937.68,18419.0,36625.600000000006,29.641168476589492
3086,191347.32,3868.0,135986.46,3882.0,55360.860000000015,28.932132417637213
3089,100394.91,8909.0,67639.95,8865.0,32754.960000000006,32.626116204496824
3092,1957.11,89.0,963.36,72.0,993.7499999999999,50.77639989576467
3095,79.96,4.0,0.0,,79.96,100.0
3096,18.810000000000002,19.0,7.2,10.0,11.610000000000003,61.722488038277525
3098,119.92,8.0,68.16,8.0,51.760000000000005,43.162108072048035
3100,114196.12000000001,2288.0,79426.76000000001,2317.0,34769.36,30.447058971881003
3102,2592041.35,148265.0,2088334.84,161386.0,503706.51,19.43281151745515
3104,74882.55,6245.0,54421.520000000004,6241.0,20461.03,27.324162972548343
3105,83.97,3.0,250.68,12.0,-166.71,-198.53519113969276
3107,79175.14,1186.0,61331.24,1292.0,17843.9,22.53725096033932
3111,367.84,16.0,0.0,,367.84,100.0
3120,4164.72,228.0,2384.92,218.0,1779.8000000000002,42.73516586949423
3121,2936.41,309.0,180.18,26.0,2756.23,93.86393589451065
3123,110611.21,7379.0,80627.8,7370.0,29983.410000000003,27.107026493969283
3125,3289.04,346.0,499.13,71.0,2789.91,84.82444725512612
3128,12686.82,2118.0,11252.0,2425.0,1434.8199999999997,11.30953225473365
3129,131.89000000000001,11.0,149.94,17.0,-18.049999999999983,-13.68564713018423
3131,389.7,30.0,111.36,12.0,278.34,71.42417244033872
3133,116701.93000000001,10307.0,85473.96,9724.0,31227.97,26.758743407242708
3134,30596.94,306.0,24849.76,338.0,5747.18,18.783512338161923
3135,233.82,18.0,227.52,24.0,6.299999999999983,2.6943802925327103
3137,16946.82,17118.0,10636.960000000001,13996.0,6309.859999999999,37.233298046477145
3138,3992.67,333.0,631.72,68.0,3360.95,84.17800619635481
3139,54432.799999999996,2220.0,39002.04,2211.0,15430.759999999995,28.34827530459575
3140,50531.1,3890.0,51921.6,4640.0,-1390.5,-2.7517706917126286
3142,22090.86,22314.0,17060.7,23055.0,5030.16,22.770322205654285
3144,11.879999999999999,12.0,0.0,,11.879999999999999,100.0
3145,1719.5700000000002,43.0,3732.12,126.0,-2012.5499999999997,-117.03798042533886
3147,1242.45,1255.0,45.44,64.0,1197.01,96.34270996820797
3148,71770.35,1465.0,71114.32,2018.0,656.0299999999988,0.9140682747123273
3149,29.7,30.0,0.0,,29.7,100.0
3150,100480.37,8863.0,72487.0,8380.0,27993.369999999995,27.859541122310755
3151,224.70000000000002,30.0,0.0,,224.70000000000002,100.0
3152,670.39,61.0,15.82,2.0,654.5699999999999,97.64017959695101
3153,25851.629999999997,1437.0,17873.73,1351.0,7977.899999999998,30.86033646621122
3154,90636.78,8722.0,77001.59999999999,9872.0,13635.180000000008,15.043760380719624
3158,185931.41999999998,11058.0,143356.02000000002,11226.0,42575.399999999965,22.898442877486747
3159,1150.98,152.0,33.54,6.0,1117.44,97.08596152843664
3160,689.3100000000001,69.0,0.0,,689.3100000000001,100.0
3161,75662.14,7286.0,56303.64,8454.0,19358.5,25.58545132347565
3162,19177.29,19371.0,12502.0,16450.0,6675.290000000001,34.808307117429
3163,914.39,61.0,167.57999999999998,19.0,746.81,81.67302792025284
3168,58138.659999999996,2334.0,45376.24,2392.0,12762.419999999998,21.951692729072185
3170,104.39,11.0,21.09,3.0,83.3,79.79691541335376
3172,70998.39,5361.0,55570.9,5390.0,15427.489999999998,21.72935189093724
3174,100373.49,3151.0,66493.8,3060.0,33879.69,33.753623591249045
3176,44964.78,1622.0,35951.69,1721.0,9013.089999999997,20.044777267897224
3180,581784.62,33938.0,354598.22,32413.0,227186.40000000002,39.04991506994462
3182,63.98,2.0,0.0,,63.98,100.0
3183,66976.48999999999,3451.0,47210.200000000004,3446.0,19766.289999999986,29.512281100427913
3185,13157.2,280.0,1165.89,33.0,11991.310000000001,91.1387681269571
3186,467.64,36.0,359.64,36.0,108.0,23.09468822170901
3187,239.84,16.0,139.52,16.0,100.32,41.82788525683789
3189,36431.13,2987.0,22989.75,2265.0,13441.379999999997,36.89531452908542
3193,901.88,62.0,144.95,13.0,756.9300000000001,83.92801703109062
3194,94295.54,3846.0,64030.07,3497.0,30265.469999999994,32.096396075572606
3196,119.94,6.0,14.81,1.0,105.13,87.65215941303985
3197,45590.409999999996,2359.0,27545.36,1798.0,18045.049999999996,39.58080219063614
3198,441.66,34.0,849.09,83.0,-407.43,-92.24969433500883
3199,12217.4,260.0,2366.7,69.0,9850.7,80.6284479512826
3201,124822.58,4142.0,92802.95999999999,4226.0,32019.62000000001,25.652105572565485
3203,1481.4299999999998,57.0,1008.8000000000001,52.0,472.62999999999977,31.90363365126937
3204,31319.739999999998,1426.0,24366.21,1551.0,6953.529999999999,22.201748801235258
3209,114142.9,5710.0,80663.31,5733.0,33479.59,29.33129436872552
3210,22059.18,22282.0,18443.34,23346.0,3615.84,16.3915431126633
3212,6199.38,62.0,6135.75,81.0,63.63000000000011,1.0263929618768346
3213,155.88,12.0,115.44,12.0,40.44,25.943033102386448
3214,164084.34,6566.0,173952.98,8702.0,-9868.640000000014,-6.014370414629461
3216,177247.95,16805.0,129984.0,16925.0,47263.95000000001,26.665442392986776
3218,114734.52,8548.0,88530.42,8654.0,26204.100000000006,22.838898005587165
3219,3042.27,3073.0,106.56,144.0,2935.71,96.49735230600834
3220,108114.90999999999,5609.0,92323.84,6272.0,15791.069999999992,14.605820788270549
3221,99867.53,9347.0,74359.61,9377.0,25507.92,25.54175516306451
3223,3150.0299999999997,197.0,2397.93,201.0,752.0999999999999,23.875963086065845
3224,6494.400000000001,6560.0,7695.0,10125.0,-1200.5999999999995,-18.48669623059866
3226,86699.69,7231.0,67909.47,7869.0,18790.22,21.672764919920706
3227,137494.66,15134.0,104388.62,15217.0,33106.04000000001,24.078055104103687
3228,15782.69,7931.0,15957.25,10295.0,-174.5599999999995,-1.1060218505210422
3230,4688.06,494.0,920.4,130.0,3767.6600000000003,80.36714547168765
3231,52446.64,4736.0,37345.5,4825.0,15101.14,28.7933411940212
3233,30166.96,1304.0,19625.48,1178.0,10541.48,34.943792811738405
3234,467921.35,7465.0,334756.8,7290.0,133164.55,28.458746325637847
3235,45821.0,2600.0,29698.000000000004,2395.0,16122.999999999996,35.18692302655987
3236,9123.39,961.0,2088.2400000000002,308.0,7035.15,77.11113960928996
3237,151349.24,5976.0,114325.64,6292.0,37023.59999999999,24.462362678530788
3238,632474.53,20847.0,510296.16,22352.0,122178.37000000005,19.317516232629963
3239,5349.400000000001,560.0,2925.0,375.0,2424.4000000000005,45.32097057613939
3243,648535.33,57067.0,475569.5,57575.0,172965.82999999996,26.670224735482023
3244,83141.93000000001,13327.0,57486.240000000005,13307.0,25655.690000000002,30.857703207034042
3246,520763.55,59245.0,401533.11,59841.0,119230.44,22.895312085494464
3248,25371.54,846.0,25961.04,1212.0,-589.5,-2.3234695253027606
3250,85.41,9.0,14.82,2.0,70.59,82.64840182648403
3252,29118.100000000002,2690.0,27268.0,3400.0,1850.1000000000022,6.3537799513017745
3253,463220.03,37497.0,339800.83999999997,37423.0,123419.19000000006,26.64375070309461
3255,0.0,,6666.63,3.0,-6666.63,0.0
3257,80751.59,12941.0,58459.5,12991.0,22292.089999999997,27.605759837050886
3265,23838.01,48649.0,17514.36,48651.0,6323.649999999998,26.52759185854859
3268,19878.63,1987.0,11750.2,1540.0,8128.43,40.8902927415018
3271,83.86,14.0,0.0,,83.86,100.0
3272,198008.78,10722.0,142129.88999999998,10743.0,55878.890000000014,28.220410226253613
3276,643753.66,44434.0,429350.22,44631.0,214403.44000000006,33.305199383254774
3277,11.99,1.0,0.0,,11.99,100.0
3278,111220.8,13920.0,81094.74,14006.0,30126.059999999998,27.0867139959432
3279,32341.75,1025.0,26874.1,1210.0,5467.6500000000015,16.90585698052827
3280,2544.36,364.0,9990.0,1800.0,-7445.639999999999,-292.63311795500636
3282,9124.83,9217.0,5223.48,6612.0,3901.3500000000004,42.7553170853594
3283,19321.69,2131.0,37611.8,3620.0,-18290.110000000004,-94.66102602826153
3285,1468.53,147.0,0.0,,1468.53,100.0
3286,164221.13,3287.0,118450.64,3283.0,45770.490000000005,27.871255057129375
3288,86929.31,4669.0,78102.08,4688.0,8827.229999999996,10.154492196015354
3289,33234.46,554.0,29434.5,633.0,3799.959999999999,11.433794922499114
3292,18188.93,107.0,13055.04,96.0,5133.889999999999,28.225354652527663
3294,6230.79,421.0,2141.94,174.0,4088.85,65.62329977418594
3295,262992.16,23984.0,191961.51,24207.0,71030.64999999997,27.00865683600605
3296,24724.35,1065.0,16597.62,1038.0,8126.73,32.86933731321551
3297,335.88,12.0,266.52,12.0,69.36000000000001,20.65023222579493
3298,26798.09,991.0,30306.36,1324.0,-3508.2700000000004,-13.09149271459272
3300,13649.130000000001,13787.0,6628.5599999999995,9336.0,7020.5700000000015,51.43602559284
3301,1295.19,81.0,72.66,6.0,1222.53,94.39001227619113
3303,21.78,22.0,0.0,,21.78,100.0
3304,279.85999999999996,14.0,0.0,,279.85999999999996,100.0
3305,27748.98,2402.0,12066.75,1395.0,15682.23,56.51461783460149
3306,32468.75,825.0,22528.8,1080.0,9939.95,30.613897978825793
3310,173753.23,28977.0,127422.4,29360.0,46330.830000000016,26.664730203864416
3314,111349.37,4063.0,78431.04000000001,4068.0,32918.32999999999,29.563103949308367
3315,54990.54,55546.0,42498.2,57430.0,12492.340000000004,22.71725282203085
3316,152526.41,12459.0,113797.2,12815.0,38729.21000000001,25.391805917414565
3319,3952.6099999999997,139.0,6501.33,297.0,-2548.7200000000003,-64.48194990145753
3320,27935.03,3007.0,19010.32,2863.0,8924.71,31.94809527679047
3321,19118.82,2058.0,14241.15,2055.0,4877.67,25.512400869928165
3324,37137.79,721.0,29251.04,784.0,7886.75,21.236454834819195
3325,61867.62,5538.0,41528.8,5612.0,20338.82,32.874741262068916
3326,137664.73,13877.0,101501.76,13791.0,36162.970000000016,26.268870755784736
3329,229023.25,14875.0,167098.6,15415.0,61924.649999999994,27.038586693709043
3333,12.99,1.0,9.77,1.0,3.2200000000000006,24.788298691301005
3335,69401.85,6315.0,47765.520000000004,5868.0,21636.33,31.17543696601748
3341,279.92,8.0,0.0,,279.92,100.0
3342,26673.73,1127.0,33672.92,1564.0,-6999.189999999999,-26.240012176774673
3343,95177.73,7327.0,70685.12,7472.0,24492.61,25.7335513255044
3344,516761.8,24620.0,344833.02,23798.0,171928.77999999997,33.27041201574883
3345,39119.42,19658.0,31395.98,20387.0,7723.439999999999,19.7432375019875
3346,33745.32,1168.0,44057.11,1723.0,-10311.79,-30.55768918475214
3347,175782.85,4215.0,123179.28000000001,4313.0,52603.56999999999,29.92531410202986
3348,1766391.1199999999,56888.0,1283470.62,57349.0,482920.49999999977,27.339386760504087
3349,8553.6,8640.0,2891.12,4072.0,5662.4800000000005,66.19996258885148
3350,6569.400000000001,560.0,6113.1,497.0,456.3000000000002,6.9458398027217125
3351,314369.77999999997,18722.0,255142.29,19227.0,59227.48999999996,18.840071078078804
3352,474449.24,18976.0,340005.05,18095.0,134444.19,28.336896482329703
3354,84093.9,5610.0,61860.96000000001,5776.0,22232.939999999988,26.43823154830492
3355,2636.43,107.0,206.69,11.0,2429.74,92.16023182864707
3356,146876.56,23544.0,106090.98,23734.0,40785.58,27.768610593821098
3359,121.77,123.0,0.0,,121.77,100.0
3361,2286.2400000000002,176.0,1377.6,140.0,908.6400000000003,39.74385891245015
3362,33855.479999999996,5652.0,25107.99,5617.0,8747.489999999994,25.83773734710007
3363,64238.23,4677.0,45252.3,4670.0,18985.93,29.55549989468888
3364,209811.47,8353.0,150511.19999999998,8432.0,59300.27000000002,28.26359779091201
3365,12569.97,503.0,41850.6,2244.0,-29280.629999999997,-232.9411287377774
3366,211241.91,6009.0,149927.4,6132.0,61314.51000000001,29.02573168364176
3367,58063.66,5434.0,42142.19,5567.0,15921.470000000001,27.420713747634924
3368,112279.28,6672.0,75996.18,6219.0,36283.100000000006,32.315045126758925
3369,521.73,527.0,755.4399999999999,1064.0,-233.70999999999992,-44.79520058267685
3371,215.82,218.0,28.4,40.0,187.42,86.84088592345472
3372,21429.73,1977.0,23408.7,2982.0,-1978.9700000000012,-9.234694044208682
3373,44452.59,2241.0,19570.32,1412.0,24882.269999999997,55.97484870960274
3375,26733.21,2379.0,31500.180000000004,2502.0,-4766.970000000005,-17.831640869166122
3376,77268.33,1967.0,63116.27,1973.0,14152.060000000005,18.315472846378334
3377,53805.78,2222.0,39237.5,2150.0,14568.279999999999,27.075678486586384
3378,18941.7,330.0,26367.1,590.0,-7425.399999999998,-39.20133884498222
3379,3793.8500000000004,115.0,8046.78,322.0,-4252.929999999999,-112.10063655653227
3384,239.88,12.0,192.53,13.0,47.349999999999994,19.739036184759044
3385,93629.36,5564.0,72035.37999999999,5554.0,21593.98000000001,23.063257080898566
3386,22008.69,22231.0,17770.5,23694.0,4238.189999999999,19.256893527056807
3387,7667.62,238.0,13688.2,445.0,-6020.580000000001,-78.51954061364545
3388,80904.12,8588.0,58457.39,8387.0,22446.729999999996,27.74485403215559
3389,211627.43999999997,12456.0,163718.91999999998,13108.0,47908.51999999999,22.638141821306345
3390,100693.31,3169.0,73264.95000000001,3249.0,27428.359999999986,27.239505782459617
3394,27018.33,767.0,30631.86,1057.0,-3613.529999999999,-13.374364736828658
3395,12027.54,1046.0,3481.45,343.0,8546.09,71.05434694043836
3396,175850.16,8584.0,116265.64,8468.0,59584.520000000004,33.883688249132106
3397,305545.42,12058.0,219098.88,12012.0,86446.53999999998,28.292533398144204
3398,17151.81,319.0,23439.79,521.0,-6287.98,-36.66073726329757
3401,0.0,,66.6,6.0,-66.6,0.0
3402,2974.71,229.0,2082.62,202.0,892.0900000000001,29.98914179869635
3404,10058.93,657.0,3732.4,280.0,6326.530000000001,62.894661758258586
3405,4819073.49,160247.0,3804041.22,164038.0,1015032.27,21.062809523579187
3406,2368.42,158.0,10.78,1.0,2357.64,99.54484424215299
3407,2.9699999999999998,3.0,0.0,,2.9699999999999998,100.0
3408,3442.3199999999997,168.0,1827.54,117.0,1614.7799999999997,46.90964233423969
3409,90317.58,1942.0,69518.82,2163.0,20798.759999999995,23.028473526416445
3410,35101.34,2066.0,7435.24,604.0,27666.1,78.81778872259578
3412,48872.19,4381.0,37955.2,4090.0,10916.990000000005,22.337836712453452
3413,274.99,1.0,2426.3999999999996,12.0,-2151.41,-782.359358522128
3414,1304.66,234.0,0.0,,1304.66,100.0
3415,94.94999999999999,5.0,187.07,13.0,-92.12,-97.01948393891523
3416,22514.98,1502.0,32372.34,3003.0,-9857.36,-43.78134024547213
3417,14462.9,710.0,14575.050000000001,735.0,-112.15000000000146,-0.7754323130216033
3419,17252.61,639.0,23151.68,1019.0,-5899.07,-34.19233379761091
3420,67514.1,6490.0,59062.64,7448.0,8451.460000000006,12.518066596459118
3421,5751.099999999999,2890.0,11922.359999999999,8166.0,-6171.259999999999,-107.30573281633077
3422,191335.0,9500.0,154575.33,9667.0,36759.67000000001,19.212203726448383
3423,1177834.38,44762.0,980963.75,46163.0,196870.6299999999,16.71462756928524
3424,2174.64,136.0,278.16,24.0,1896.4799999999998,87.20891733804216
3425,97467.82999999999,4417.0,64548.049999999996,4151.0,32919.77999999999,33.775020947937385
3427,291064.83999999997,11516.0,204596.69999999998,11462.0,86468.13999999998,29.70751809115797
3432,3807.01,299.0,3325.2,255.0,481.8100000000004,12.655863788117195
3436,312799.06,12094.0,243330.5,12950.0,69468.56,22.20868566548761
3437,82741.54999999999,4445.0,63733.200000000004,4605.0,19008.349999999984,22.973161609856216
3439,32526.71,1829.0,25153.68,1866.0,7373.029999999999,22.667616860112812
3440,1427.49,51.0,940.38,42.0,487.11,34.12353151335561
3441,1199.5,50.0,360.8,20.0,838.7,69.92080033347229
3443,21508.86,2314.0,23451.86,3098.0,-1943.0,-9.033486665495056
3444,375689.38,10362.0,309826.68,10636.0,65862.70000000001,17.531158320205915
3449,391.86,14.0,466.40999999999997,21.0,-74.54999999999995,-19.024651661307598
3450,9740.52,348.0,17285.08,772.0,-7544.560000000001,-77.45541305802976
3451,536.5600000000001,44.0,301.2,40.0,235.36000000000007,43.86461905471896
3452,181795.17,24803.0,138783.3,25006.0,43011.870000000024,23.659522967524396
3453,75.92,8.0,0.0,,75.92,100.0
3454,11820.6,11940.0,14987.52,20816.0,-3166.92,-26.791533424699253
3455,22225.329999999998,1267.0,33922.42,2359.0,-11697.09,-52.62954475816558
3456,483047.16,25684.0,352225.61,26543.0,130821.54999999999,27.082562704643582
3457,146813.38,4162.0,93705.06,4187.0,53108.32000000001,36.17403263925945
3458,56042.049999999996,2795.0,27872.74,1841.0,28169.309999999994,50.264595959641014
3460,30702.52,548.0,25116.48,612.0,5586.040000000001,18.194076577427523
3461,699.86,14.0,519.87,13.0,179.99,25.718000743005742
3462,85547.48,4852.0,63572.48,4864.0,21974.999999999993,25.687489567197062
3464,96343.25,6275.0,57895.3,5755.0,38447.95,39.90725868184849
3467,2620.62,138.0,1816.78,133.0,803.8399999999999,30.67365737878822
3468,914.39,61.0,0.0,,914.39,100.0
3472,42528.979999999996,2402.0,29259.6,2636.0,13269.379999999997,31.200795316511233
3473,43.96,4.0,0.0,,43.96,100.0
3475,389.87,13.0,156.66,7.0,233.21,59.81737502244337
3476,81445.84,3916.0,52204.0,3368.0,29241.839999999997,35.903417534891894
3481,13333.259999999998,674.0,6353.099999999999,390.0,6980.159999999999,52.35148793318363
3483,7440.09,491.0,5707.39,559.0,1732.6999999999998,23.288696776517487
3485,485688.56999999995,23843.0,363756.06,24202.0,121932.50999999995,25.105081225197445
3486,107466.27,8273.0,81829.44,8316.0,25636.83,23.855699095167257
3487,130139.77999999998,7122.0,91777.99,7187.0,38361.78999999998,29.477374250978432
3488,387588.55,16745.0,261478.8,16740.0,126109.75,32.53701637986984
3489,2640491.19,90481.0,1903739.55,91835.0,736751.6399999999,27.902067720968233
3495,165384.76,4624.0,116659.2,4960.0,48725.56000000001,29.461940749558792
3497,167302.71,1729.0,135690.99,1857.0,31611.72,18.894924057117784
3498,68132.62999999999,3337.0,41377.92,2811.0,26754.709999999992,39.26857072741797
3500,120059.97,68553.0,74922.47,70021.0,45137.5,37.59579483486461
3502,157942.33000000002,13867.0,114244.90000000001,14035.0,43697.43000000001,27.666699611180867
3503,94726.36,7964.0,64091.200000000004,7816.0,30635.159999999996,32.34069165119403
3505,1355204.97,70603.0,953554.24,69299.0,401650.73,29.63763702844153
3506,65.89,11.0,0.0,,65.89,100.0
3508,1880.86,314.0,1406.1599999999999,324.0,474.70000000000005,25.238454749423138
3509,227.62,38.0,160.58,37.0,67.03999999999999,29.452596432650907
3510,20503.05,2095.0,6997.85,809.0,13505.199999999999,65.86922433491603
3511,172716.79,16621.0,127373.31999999999,17593.0,45343.470000000016,26.253075916938943
3512,1624366.6199999999,98938.0,1193404.8,101480.0,430961.81999999983,26.531068460394724
3513,290943.74,11526.0,205403.52,11424.0,85540.22,29.40094878824339
3514,95.84,16.0,117.0,26.0,-21.159999999999997,-22.078464106844738
3515,121365.26,5974.0,90225.5,5821.0,31139.759999999995,25.657885955173658
3517,13984.83,1467.0,2588.57,379.0,11396.26,81.49015754928733
3518,13887.599999999999,740.0,5477.5199999999995,348.0,8410.079999999998,60.55819580057028
3521,35977.27,1773.0,39519.35,2119.0,-3542.0800000000017,-9.845327341401951
3522,914148.49,70351.0,691668.38,71899.0,222480.11,24.337414811022658
3524,63161.2,3130.0,47054.700000000004,3201.0,16106.499999999993,25.500623800687755
3525,28877.39,4591.0,22228.8,4631.0,6648.59,23.023514244188966
3527,176974.8,5820.0,123237.45,5635.0,53737.34999999999,30.364407813993854
3528,33944.96,804.0,23086.36,739.0,10858.599999999999,31.98884311544335
3529,230982.93,15907.0,159461.64,15726.0,71521.28999999998,30.963885513098298
3530,1927.5,200.0,284.13,41.0,1643.37,85.25914396887158
3532,89568.5,3350.0,70074.90000000001,3405.0,19493.59999999999,21.763901371575937
3533,28948.559999999998,1544.0,17013.78,1286.0,11934.779999999999,41.2275429244149
3534,244901.13999999998,9386.0,173905.07,9571.0,70996.06999999998,28.989685388969598
3539,2500.6099999999997,139.0,78.78,6.0,2421.8299999999995,96.84956870523591
3542,23414.539999999997,1346.0,31749.95,1805.0,-8335.410000000003,-35.59929001381195
3543,1997.26,74.0,2343.77,121.0,-346.51,-17.349268497842044
3545,4223107.62,135838.0,3023206.01,138109.0,1199901.6100000003,28.41276420040653
3546,28174.82,1618.0,33552.36,1983.0,-5377.540000000001,-19.08633311588149
3547,59979.42,21498.0,48648.6,22113.0,11330.82,18.891179674628397
3549,407030.68,16532.0,326498.04,18322.0,80532.64000000001,19.78539799506023
3556,98464.2,7580.0,72616.8,7660.0,25847.399999999994,26.25055603965705
3560,4124.32,318.0,1380.3999999999999,145.0,2743.92,66.53024013655585
3561,155.88,12.0,92.88,12.0,63.0,40.415704387990765
3562,16417.170000000002,16583.0,6640.4800000000005,8624.0,9776.690000000002,59.55161577787159
3563,199.29,21.0,0.0,,199.29,100.0
3564,10929.800000000001,220.0,3788.4,105.0,7141.4000000000015,65.33879851415398
3565,17597.670000000002,533.0,5299.92,204.0,12297.750000000002,69.88283107934176
3566,11016.72,11128.0,14655.82,20642.0,-3639.1000000000004,-33.03251784560196
3568,15422.22,15578.0,5496.82,6958.0,9925.4,64.3577902532839
3571,22672.07,11393.0,17617.95,11985.0,5054.119999999999,22.2922741505297
3572,1888.1100000000001,189.0,476.15999999999997,62.0,1411.9500000000003,74.78113033668589
3573,18798.01,199.0,17142.51,231.0,1655.5,8.806783271207964
3574,12068.48,12152.0,12192.95,15835.0,-124.47000000000116,-1.0313643474571874
3577,35292.61,1739.0,38713.32,2029.0,-3420.709999999999,-9.69242569478426
3578,43761.74,826.0,36125.1,990.0,7636.639999999999,17.45049442732396
3579,97824.08,7892.0,66750.96,7517.0,31073.119999999995,31.76428543974039
3580,83586.34,6966.0,59525.35999999999,7367.0,24060.980000000003,28.785780068848577
3581,9096.12,9188.0,14563.94,19681.0,-5467.82,-60.11156405148568
3583,155528.66999999998,7533.0,100362.78,7586.0,55165.889999999985,35.46991689699397
3584,126690.21999999999,7178.0,89478.36,7164.0,37211.859999999986,29.372322504452193
3587,37.98,2.0,0.0,,37.98,100.0
3591,112144.65999999999,6334.0,86919.04,6448.0,25225.619999999995,22.493821819068334
3592,26245.35,2665.0,16443.420000000002,2303.0,9801.929999999997,37.34730152198388
3593,101266.48,3752.0,80796.24,3772.0,20470.23999999999,20.214230809642036
3594,11328.57,11443.0,16238.53,21089.0,-4909.960000000001,-43.341392602949895
3595,74401.47,4653.0,51421.560000000005,4278.0,22979.909999999996,30.88636555164837
3597,6796.65,835.0,2031.12,312.0,4765.53,70.1158659045265
3598,106611.16,7884.0,90154.3,8830.0,16456.86,15.436338934873234
3599,2049.18,82.0,1152.1,82.0,897.0799999999999,43.77751100440176
3601,23235.54,646.0,16205.49,609.0,7030.050000000001,30.255591219313178
3606,223483.59,225741.0,167302.9,226085.0,56180.69,25.138619797543075
3607,72710.55,73445.0,53097.12,73746.0,19613.43,26.97466873789292
3608,109228.68000000001,110332.0,79572.24,110517.0,29656.440000000002,27.150781278323606
3609,115081.56,116244.0,87362.92,118058.0,27718.64,24.086082948475845
3610,81002.94,6906.0,57588.72,6972.0,23414.22,28.905395285652595
3611,449.7,30.0,165.0,30.0,284.7,63.30887258172114
3612,284147.5,30650.0,206370.24,30304.0,77777.26000000001,27.372142989116572
3613,2879.68,32.0,135.32,2.0,2744.3599999999997,95.30086676297365
3614,287664.12,13788.0,218967.06,13694.0,68697.06,23.88099704613839
3615,2476.23,177.0,1013.84,92.0,1462.3899999999999,59.05711504989439
3617,65354.28,2972.0,42903.840000000004,2712.0,22450.439999999995,34.35190472605619
3618,1638.3600000000001,164.0,182.25,25.0,1456.1100000000001,88.87607119314437
3620,32031.99,801.0,27191.5,850.0,4840.490000000002,15.111424547772403
3621,189.89999999999998,10.0,0.0,,189.89999999999998,100.0
3622,721.11,39.0,317.90000000000003,22.0,403.21,55.91518630999431
3623,1.98,2.0,0.0,,1.98,100.0
3625,785296.94,44406.0,578749.7100000001,45969.0,206547.22999999986,26.301799928062863
3626,52992.96,3904.0,40988.55,3945.0,12004.409999999996,22.652839169580254
3627,187398.2,14380.0,136895.69999999998,14610.0,50502.50000000003,26.94929833904489
3628,725.67,33.0,123.13000000000001,7.0,602.54,83.03223228189121
3629,21297.899999999998,810.0,14358.48,696.0,6939.419999999998,32.58264899356274
3630,700960.78,27622.0,544908.57,27479.0,156052.21000000008,22.262616461936723
3632,12877.48,452.0,11955.32,554.0,922.1599999999999,7.161028399966453
3633,359.88,12.0,0.0,,359.88,100.0
3634,299.9,10.0,431.82,18.0,-131.92000000000002,-43.98799599866623
3635,13340.73,1027.0,12882.29,1369.0,458.4399999999987,3.4363936606167633
3636,172791.78,25022.0,126921.98999999999,25233.0,45869.79000000001,26.546280152910057
3637,198872.26,37594.0,147185.93,37837.0,51686.330000000016,25.989713195797147
3638,14695.56,14844.0,17823.75,23765.0,-3128.1900000000005,-21.28663351379601
3639,28067.33,2867.0,17999.940000000002,2521.0,10067.39,35.86871284158485
3640,35992.689999999995,1631.0,25256.579999999998,1527.0,10736.109999999997,29.828584637602795
3643,111508.19,11031.0,84200.91,10921.0,27307.28,24.489035289694865
3644,125.94,6.0,95.4,6.0,30.539999999999992,24.2496426869938
3646,575.76,24.0,276.84000000000003,18.0,298.91999999999996,51.91746561067111
3648,6222.32,768.0,1724.25,285.0,4498.07,72.28927473996836
3650,2009508.61,41639.0,1452173.31,42951.0,557335.3,27.734904803418587
3651,21514.08,5392.0,16038.820000000002,5474.0,5475.26,25.44965901400385
3652,90696.77,1823.0,70440.56,1864.0,20256.210000000006,22.33399270999398
3654,147999.47,2753.0,114388.56,2904.0,33610.91,22.710155651233077
3656,200189.06,7894.0,154042.94,7706.0,46146.119999999995,23.051269634814208
3658,237481.54,4046.0,182055.5,4345.0,55426.04000000001,23.33909406179529
3660,100757.25,3875.0,93609.35,4447.0,7147.899999999994,7.094179327045939
3662,24990.55,2145.0,12407.5,1418.0,12583.05,50.35123276598554
3663,66438.51,4749.0,52132.200000000004,4845.0,14306.30999999999,21.533159006726656
3665,22.47,3.0,0.0,,22.47,100.0
3666,8996.4,360.0,9770.8,520.0,-774.3999999999996,-8.607887599484235
3667,136991.27,7573.0,98041.71,7467.0,38949.55999999998,28.43214753757665
3668,536414.8200000001,12218.0,433767.56,12713.0,102647.26000000007,19.135798671632536
3670,18587.81,1219.0,10048.720000000001,836.0,8539.09,45.93919348217999
3671,8964.949999999999,4505.0,14693.140000000001,9541.0,-5728.190000000002,-63.895392612340316
3672,8181.6900000000005,731.0,2857.96,346.0,5323.7300000000005,65.0688305227893
3673,44.97,3.0,0.0,,44.97,100.0
3676,8187.660000000001,234.0,14694.0,474.0,-6506.339999999999,-79.46519518397196
3677,7265.47,653.0,2181.86,254.0,5083.610000000001,69.96945827317434
3678,9.96,4.0,0.0,,9.96,100.0
3679,182523.56,8444.0,124802.37,8613.0,57721.19,31.623966790917297
3680,297848.51,11749.0,222011.04,11728.0,75837.47,25.461759066714823
3681,23632.12,788.0,34651.14,1502.0,-11019.02,-46.62730216332687
3682,413944.31,17869.0,314007.68,18848.0,99936.63,24.142530187212866
3683,98958.68,5432.0,73804.68,5604.0,25154.0,25.41868990168422
3684,527560.96,51954.0,402055.68,52351.0,125505.27999999997,23.789720907324146
3687,132453.75,25125.0,97017.6,25265.0,35436.149999999994,26.75360267263101
3688,618.88,112.0,149.51999999999998,42.0,469.36,75.84022750775596
3689,135817.94,7506.0,96298.57,7541.0,39519.369999999995,29.0973121812921
3690,130039.20999999999,4479.0,100822.17,4503.0,29217.039999999994,22.4678694987458
3693,81839.48,7252.0,64196.64,7362.0,17642.839999999997,21.557859360787724
3694,265312.61,14539.0,196497.96,14577.0,68814.65,25.937195371151034
3695,50346.37,4263.0,33231.36,4327.0,17115.010000000002,33.99452631838204
3696,341285.93,32157.0,246886.0,32485.0,94399.93,27.660070838548776
3697,141.29,71.0,47.4,30.0,93.88999999999999,66.45197820086346
3699,171362.32,4268.0,131347.0,4237.0,40015.32000000001,23.35129449694659
3701,3572.91,3609.0,1767.23,2237.0,1805.6799999999998,50.53807680574097
3702,7302.24,7376.0,3290.14,4634.0,4012.1,54.94341462345801
3703,58162.9,9710.0,48627.2,10480.0,9535.700000000004,16.394815251646673
3704,212825.99,8401.0,148870.48,8104.0,63955.50999999998,30.050610830002473
3705,145.53,147.0,62.64,87.0,82.89,56.95732838589982
3706,233895.03999999998,13896.0,186953.28,14304.0,46941.75999999998,20.06958334815479
3707,1180.08,1192.0,260.48,352.0,919.5999999999999,77.9269202087994
3709,43075.21,3079.0,51106.16,4858.0,-8030.950000000004,-18.64401821836737
3711,1603.93,107.0,1579.04,139.0,24.8900000000001,1.551813358438342
3716,12232.42,358.0,10174.5,475.0,2057.92,16.823490364130727
3717,65.98,2.0,0.0,,65.98,100.0
3719,416.08000000000004,42.0,132.48000000000002,18.0,283.6,68.15996923668524
3722,4519.88,362.0,3562.8999999999996,395.0,956.9800000000005,21.172686000513295
3724,260229.80999999997,14719.0,181560.19,14749.0,78669.61999999997,30.230825592194826
3725,87030.1,6390.0,58680.6,6276.0,28349.500000000007,32.57436220342158
3726,276249.33,53667.0,203968.8,53960.0,72280.53000000003,26.164961196466983
3727,51188.77,25723.0,37790.76,25708.0,13398.009999999995,26.173729120664547
3728,658689.78,26222.0,491403.87,25959.0,167285.91000000003,25.39676720048701
3729,483.56,44.0,51.54,6.0,432.02,89.34155016957564
3730,5742.99,5801.0,3199.5899999999997,4383.0,2543.4,44.28703515067936
3731,77440.03,4397.0,59915.64,4478.0,17524.39,22.629627080464715
3732,39655.2,2480.0,29657.98,2486.0,9997.219999999998,25.210363331921155
3733,230059.53,2047.0,175896.19999999998,2095.0,54163.330000000016,23.543180323805764
3736,92285.54000000001,7846.0,64894.8,7914.0,27390.740000000005,29.68042447386666
3737,41174.25,2575.0,32066.4,2586.0,9107.849999999999,22.12025719958469
3738,9001.75,725.0,1086.93,117.0,7914.82,87.92534784902935
3739,2065.56,144.0,1864.96,188.0,200.5999999999999,9.71165204593427
3740,4296.56,344.0,831.0799999999999,158.0,3465.4800000000005,80.65708380658016
3742,979.65,35.0,173.6,8.0,806.05,82.27938549481958
3743,58174.03,4897.0,34285.5,4275.0,23888.53,41.06390772652333
3745,122739.03,24597.0,75328.59,24537.0,47410.44,38.627028419566294
3746,724360.55,57845.0,496792.68,58309.0,227567.87000000005,31.416380972155377
3747,56947.53,8147.0,37772.56,7292.0,19174.97,33.67129355742032
3748,7658.43,807.0,8009.82,1141.0,-351.3899999999994,-4.58827723175637
3750,507.15,35.0,463.6,40.0,43.549999999999955,8.587202997140876
3752,999.8100000000001,69.0,840.56,76.0,159.2500000000001,15.92802632500176
3753,376.74,26.0,133.8,12.0,242.94,64.48479057174708
3754,130426.09,11091.0,98966.61,11259.0,31459.479999999996,24.12054213999668
3755,53592.46,3154.0,36408.58,3029.0,17183.879999999997,32.063988105789505
3757,15596.619999999999,538.0,3590.58,166.0,12006.039999999999,76.9784735410621
3758,72632.29,3471.0,50948.280000000006,3492.0,21684.009999999987,29.85450410554313
3759,674.85,15.0,553.76,16.0,121.09000000000003,17.94324664740313
3760,108248.81,6119.0,77163.22,6178.0,31085.589999999997,28.716796055309985
3761,211730.95,4305.0,149769.32,4369.0,61961.630000000005,29.264323425554934
3762,109694.87,18313.0,86580.41,18781.0,23114.459999999992,21.071596146656624
3763,85346.67,2933.0,63131.64000000001,3113.0,22215.02999999999,26.02917020664074
3764,34185.82,1218.0,28939.440000000002,1394.0,5246.379999999997,15.346655426138668
3765,13261.36,1064.0,14420.43,1539.0,-1159.0699999999997,-8.740204624563392
3766,161089.99,12201.0,113368.75,12125.0,47721.23999999999,29.623963599476287
3768,126608.68000000001,23532.0,85609.38,23649.0,40999.3,32.38269287698126
3769,394134.45,42105.0,298693.98,42549.0,95440.47000000003,24.215206257661574
3770,7325.17,383.0,2012.1399999999999,142.0,5313.030000000001,72.53114944772614
3773,29615.81,919.0,21643.079999999998,996.0,7972.730000000003,26.920519816949135
3775,118.8,120.0,102.2,140.0,16.599999999999994,13.973063973063967
3776,684036.0399999999,25596.0,497315.2,26795.0,186720.8399999999,27.29693014420701
3777,391.85999999999996,14.0,43.4,2.0,348.46,88.92461593426223
3778,9820.91,209.0,857.5,25.0,8963.41,91.26862989274925
3779,137643.63,10437.0,97221.3,10398.0,40422.33,29.367381549004484
3780,83992.06,6394.0,68221.27,6617.0,15770.789999999994,18.776524828656417
3781,86087.27,6773.0,67194.57,7233.0,18892.699999999997,21.945985742142824
3782,186388.78,7572.0,138123.68,7312.0,48265.100000000006,25.89485268372914
3783,15822.49,7951.0,7843.5,5229.0,7978.99,50.42815637740963
3784,47823.69,4331.0,31441.77,4313.0,16381.920000000002,34.25482224395483
3785,6261.92,658.0,1298.28,186.0,4963.64,79.26706185962134
3787,248461.22999999998,14977.0,175182.8,14846.0,73278.43,29.492903178495894
3788,332234.81,12119.0,253153.36,12664.0,79081.45000000001,23.802879054124404
3790,204226.72,4328.0,164703.0,4620.0,39523.72,19.352864306884037
3791,74423.91,7109.0,47343.52,7217.0,27080.390000000007,36.386680033338756
3792,8199.18,82.0,4285.2,60.0,3913.9800000000005,47.73623703833799
3793,11463.66,834.0,3693.4,313.0,7770.26,67.78166833280122
3794,109404.45000000001,2855.0,80949.55,2915.0,28454.90000000001,26.00890548784808
3797,34970.24,1976.0,24339.620000000003,1906.0,10630.619999999995,30.399047876136954
3798,748067.53,29647.0,611358.9,30830.0,136708.63,18.27490494073443
3799,244.93,7.0,6381.72,228.0,-6136.79,-2505.5281100722655
3800,196544.39,3561.0,171271.45,3997.0,25272.940000000002,12.858642263968969
3802,1408627.78,74722.0,1034996.38,77066.0,373631.4,26.524494639740816
3804,308911.47000000003,29953.0,230197.1,30170.0,78714.37000000002,25.481206638264357
3805,60285.5,3850.0,22077.87,1973.0,38207.630000000005,63.37781058463479
3806,21165.83,2017.0,24031.2,2480.0,-2865.369999999999,-13.537716215239367
3808,146252.25,10975.0,97983.0,10260.0,48269.25,33.0041076291134
3809,313.17,33.0,143.8,20.0,169.37,54.08244723313216
3810,22.49,1.0,0.0,,22.49,100.0
3811,24800.019999999997,1398.0,2789.6000000000004,220.0,22010.42,88.7516219744984
3815,11671.83,417.0,11453.960000000001,532.0,217.86999999999898,1.8666310252976523
3817,173.94,6.0,138.06,6.0,35.879999999999995,20.627802690582957
3818,212452.59,6641.0,146242.9,6730.0,66209.69,31.164454149511666
3820,138642.81,6719.0,89297.67,6699.0,49345.14,35.59156078847507
3821,159783.39,13161.0,109576.6,13363.0,50206.79000000001,31.421782952533427
3826,1327401.1199999999,64388.0,1029112.68,65382.0,298288.4399999998,22.471612800808835
3827,204709.41,15759.0,146661.12,15804.0,58048.29000000001,28.356434616268988
3828,551.0799999999999,92.0,1102.0,232.0,-550.9200000000001,-99.97096610292519
3829,26359.38,2162.0,24919.5,2245.0,1439.880000000001,5.462495703616705
3830,157610.0,6400.0,112914.0,6120.0,44696.0,28.358606687392935
3831,20823.81,5219.0,16686.86,5774.0,4136.950000000001,19.866441347668847
3834,253062.55,19245.0,196242.09,19183.0,56820.45999999999,22.45312868300742
3835,213796.57,17843.0,148657.80000000002,18129.0,65138.76999999999,30.46764033679305
3836,96079.7,8030.0,68777.45,8695.0,27302.25,28.416252340504812
3837,161250.21,162879.0,117630.0,163375.0,43620.20999999999,27.051257793710775
3840,438524.32999999996,21167.0,303283.64,21076.0,135240.68999999994,30.8399513431786
3841,1039.48,52.0,953.82,63.0,85.65999999999997,8.240658790933924
3842,80556.27,13913.0,61525.85,14015.0,19030.420000000006,23.62376013685838
3847,86207.94,21606.0,62758.54,22334.0,23449.4,27.200974759401515
3848,185.94,6.0,652.4000000000001,28.0,-466.4600000000001,-250.8658707109821
3851,303207.3,20370.0,250508.82,20841.0,52698.47999999998,17.38034671328823
3853,11.99,1.0,0.0,,11.99,100.0
3856,2923.1400000000003,86.0,3186.0,120.0,-262.8599999999997,-8.99238490116791
3857,1699669.55,32945.0,1277758.76,33388.0,421910.79000000004,24.823106938639928
3858,3383912.4,141860.0,2466635.93,138809.0,917276.4699999997,27.106980369822804
3859,230764.31,25669.0,172463.25,25325.0,58301.06,25.264331386426264
3860,1885.8899999999999,111.0,1023.42,111.0,862.4699999999999,45.73278399058269
3861,4550.88,912.0,6494.31,1809.0,-1943.4300000000003,-42.704487923214856
3863,117859.62999999999,5537.0,93046.5,6003.0,24813.12999999999,21.05312056384361
3868,11701.47,1803.0,8385.66,1758.0,3315.8099999999995,28.33669615868775
3870,46485.490000000005,1251.0,36201.840000000004,1292.0,10283.650000000001,22.122279446769305
3871,163212.63,13637.0,114004.6,13903.0,49208.03,30.149645894438436
3872,747.66,34.0,5071.83,293.0,-4324.17,-578.3604847123024
3873,374.84999999999997,15.0,2440.0,125.0,-2065.15,-550.9270374816593
3875,40197.35,3565.0,47054.84,4564.0,-6857.489999999998,-17.059557408635143
3876,1210481.34,64266.0,710919.9,50962.0,499561.44000000006,41.26965228559409
3877,100739.27,8373.0,72348.6,8364.0,28390.67,28.182326514774225
3878,499703.1,43690.0,342399.4,43015.0,157303.69999999995,31.47943248701078
3879,427609.96,36604.0,295391.04,37344.0,132218.92000000004,30.92044909337473
3880,27094.62,2038.0,32657.52,2777.0,-5562.9000000000015,-20.531382244888473
3881,152.91,9.0,0.0,,152.91,100.0
3882,131052.68000000001,11132.0,98500.74,11206.0,32551.940000000002,24.83882054147996
3883,83757.0,3600.0,56072.619999999995,3634.0,27684.380000000005,33.05321346275536
3884,11660.730000000001,327.0,5028.4800000000005,194.0,6632.250000000001,56.8767993084481
3887,79360.31,6669.0,48180.5,5570.0,31179.809999999998,39.28892162845634
3888,469.26,474.0,81.32,107.0,387.94,82.67058773387888
3889,11156.33,2197.0,3348.5,905.0,7807.83,69.98564940262614
3890,77049.45,4355.0,56906.8,4520.0,20142.649999999994,26.142496799133536
3891,22127.73,1077.0,23692.9,1309.0,-1565.170000000002,-7.073341910806043
3892,240.39000000000001,61.0,30.52,14.0,209.87,87.30396439119762
3893,816412.77,81723.0,645874.71,81447.0,170538.06000000006,20.88870559925221
3894,202316.99,15251.0,138143.12,15214.0,64173.869999999995,31.719466565808435
3896,161690.34,49146.0,129761.56999999999,49339.0,31928.770000000004,19.746863046982277
3899,162720.18,40782.0,90015.2,40916.0,72704.98,44.68098548071911
3900,14894.4,560.0,10564.8,355.0,4329.6,29.06864324846923
3903,8534.61,589.0,2770.01,239.0,5764.6,67.54380106413767
3904,17986.32,18168.0,14936.98,21038.0,3049.34,16.953662561324386
3905,56953.31,2369.0,61869.18,3219.0,-4915.870000000003,-8.63140351280725
3907,24.99,1.0,18.51,1.0,6.479999999999997,25.930372148859533
3908,824.67,33.0,674.22,34.0,150.44999999999993,18.24366110080395
3909,24540.18,982.0,23863.84,1232.0,676.3400000000001,2.7560515041046973
3910,73886.21,6229.0,53862.119999999995,6093.0,20024.09000000001,27.10125475376259
3913,875307.95,47805.0,692308.68,48481.0,182999.2699999999,20.906844271207625
3915,100698.29000000001,7471.0,72190.2,7615.0,28508.09000000001,28.31040129877082
3917,1109.79,1121.0,99.53999999999999,126.0,1010.25,91.03073554456249
3918,66420.86,1514.0,52878.93,1599.0,13541.93,20.38806784495112
3919,66193.28,5572.0,48587.5,5750.0,17605.78,26.597533767778238
3921,109912.37,4363.0,79010.6,4414.0,30901.76999999999,28.1149155459026
3923,136151.79,1021.0,113358.44,1066.0,22793.350000000006,16.741131350531642
3924,204392.94999999998,8105.0,141855.56,8162.0,62537.389999999985,30.596647291406082
3925,76695.93000000001,1507.0,74793.25,1975.0,1902.6800000000076,2.4808096074980868
3928,6294.75,525.0,961.52,101.0,5333.23,84.72504865165415
3929,36598.14,886.0,27754.65,891.0,8843.489999999998,24.163768978423487
3930,9351.58,642.0,3790.43,313.0,5561.15,59.4674910549875
3931,410.85,415.0,379.2,480.0,31.650000000000034,7.7035414384812055
3933,1.98,2.0,0.0,,1.98,100.0
3934,74.97,3.0,0.0,,74.97,100.0
3936,127286.2,5380.0,84172.14,5534.0,43114.06,33.871747290751074
3938,233926.4,12960.0,163006.99,13051.0,70919.41,30.316975766736892
3939,27320.89,911.0,21986.25,975.0,5334.639999999999,19.525864640573566
3940,9384.81,1119.0,3198.0,520.0,6186.8099999999995,65.92365748480789
3941,31916.61,839.0,25778.079999999998,878.0,6138.5300000000025,19.233026314511477
3943,7817.4800000000005,652.0,2263.24,236.0,5554.240000000001,71.0489825365719
3944,29333.24,676.0,23896.53,747.0,5436.710000000003,18.534297609128764
3945,76817.29999999999,4270.0,59996.4,4335.0,16820.899999999987,21.897280951035754
3947,76814.79000000001,1621.0,58322.159999999996,1674.0,18492.630000000012,24.07430912718763
3949,0.0,,17045.43,3.0,-17045.43,0.0
3951,34807.71,13979.0,29223.27,15969.0,5584.439999999999,16.04368687282214
3952,23559.809999999998,1119.0,12512.039999999999,762.0,11047.769999999999,46.8924409831828
3955,579.74,26.0,407.70000000000005,30.0,172.03999999999996,29.675371718356498
3959,113048.34,4266.0,98514.24,5401.0,14534.099999999991,12.856535531614169
3960,258592.57,20143.0,191428.16,20108.0,67164.41,25.973062567110883
3961,113994.25,4625.0,81474.28,4484.0,32519.97,28.527728372264395
3962,1103.31,69.0,190.88,16.0,912.43,82.6993320100425
3963,19342.4,1768.0,22117.92,1947.0,-2775.519999999997,-14.349408553230191
3967,218911.44,13156.0,169837.92,14442.0,49073.51999999999,22.41706509262375
3969,82979.18999999999,4231.0,63521.1,4330.0,19458.08999999999,23.449361219361133
3970,72164.72,7768.0,53894.22,7949.0,18270.5,25.317773005978545
3973,7729.66,34.0,8149.05,45.0,-419.3900000000003,-5.425723770515137
3978,9459.779999999999,422.0,3229.16,164.0,6230.619999999999,65.86432242610293
3979,66871.69,3931.0,76257.49,4687.0,-9385.800000000003,-14.035535814931555
3980,565522.1900000001,15381.0,505601.95,15805.0,59920.24000000005,10.595559477515822
3981,40313.82,3218.0,33300.979999999996,3554.0,7012.840000000004,17.39562264255782
3982,469603.00999999995,22099.0,356638.38,24801.0,112964.62999999995,24.05534623809161
3983,12115.22,478.0,19306.320000000003,824.0,-7191.100000000004,-59.35591759786454
3984,71622.32,1668.0,55943.600000000006,1732.0,15678.720000000001,21.89082956262796
3985,119.96,4.0,1098.72,48.0,-978.76,-815.9053017672559
3986,439.78,22.0,755.52,48.0,-315.74,-71.79498840329256
3987,57574.3,5170.0,41727.6,4824.0,15846.700000000004,27.523912579050037
3988,1019.66,34.0,1381.12,64.0,-361.4599999999999,-35.44907125904713
3989,147676.34,8966.0,123690.23999999999,10368.0,23986.100000000006,16.24234457598286
3991,99.9,10.0,23.61,3.0,76.29,76.36636636636636
3995,479.88,12.0,352.8,12.0,127.07999999999998,26.481620405101275
3996,46766.49,2851.0,61318.18,4466.0,-14551.690000000002,-31.11563429284516
3997,474637.93,23007.0,334881.75,23835.0,139756.18,29.444798059017323
3998,26783.37,1463.0,20922.05,1535.0,5861.32,21.884176636472557
3999,88961.59999999999,3840.0,64197.9,4030.0,24763.69999999999,27.836392331073174
4005,519.87,13.0,383.88,12.0,135.99,26.15846269259623
4007,34815.92,1208.0,30373.56,1418.0,4442.359999999997,12.759565164442005
4010,1199.8,20.0,45.11,1.0,1154.69,96.24020670111686
4011,79.99,1.0,0.0,,79.99,100.0
4012,12334.429999999998,457.0,10397.37,493.0,1937.0599999999977,15.704495465132947
4015,16.99,1.0,0.0,,16.99,100.0
4018,31220.690000000002,831.0,25877.879999999997,978.0,5342.810000000005,17.113042664976348
4020,144.95,5.0,190.8,12.0,-45.85000000000002,-31.63159710244914
4024,0.0,,49.7,70.0,-49.7,0.0
4025,9732.23,5437.0,4379.89,3197.0,5352.339999999999,54.9960286594131
4028,195.85999999999999,14.0,95.88,12.0,99.97999999999999,51.046665985908305
4029,12847.41,459.0,9213.93,451.0,3633.4799999999996,28.28180932966255
4034,9469.54,246.0,5838.54,219.0,3631.000000000001,38.343995590070904
4040,28296.48,1052.0,18339.6,1020.0,9956.880000000001,35.18769825787519
4041,4399.89,11.0,2571.39,9.0,1828.5000000000005,41.5578571282464
4042,3203.64,3236.0,167.76,233.0,3035.88,94.76345656815374
4043,203.88,12.0,145.68,12.0,58.19999999999999,28.54620364920541
4044,15592.14,1286.0,5983.64,622.0,9608.5,61.6239977321907
4050,76882.01,6399.0,56366.08,6464.0,20515.929999999993,26.684955297084446
4052,1494.77,23.0,464.20000000000005,10.0,1030.57,68.94505509208774
4053,18130.74,1326.0,32190.43,2237.0,-14059.689999999999,-77.54614538623353
4054,40611.12,3088.0,29509.760000000002,3136.0,11101.36,27.335764194634375
4058,239.85,15.0,260.48,22.0,-20.630000000000024,-8.601209089013977
4060,5858.46,504.0,1430.55,153.0,4427.91,75.58146680185578
4062,45436.7,5530.0,32443.949999999997,5565.0,12992.75,28.595276505556082
4064,93850.68000000001,7032.0,65710.03,6983.0,28140.65000000001,29.9844923872688
4065,1707.3899999999999,61.0,396.91,19.0,1310.4799999999998,76.753407247319
4066,219417.81,10719.0,126598.2,9852.0,92819.61,42.30267816454827
4073,1378.16,184.0,177.0,30.0,1201.16,87.15678876182736
4074,189.89999999999998,10.0,228.48000000000002,16.0,-38.58000000000004,-20.315955766192754
4075,70123.54,3246.0,51529.89,3247.0,18593.649999999994,26.51556096568998
4077,645.66,34.0,411.6,40.0,234.05999999999995,36.25127776228974
4089,193553.78,8722.0,118441.62000000001,8118.0,75112.15999999999,38.80686804463338
4091,52705.229999999996,1877.0,42293.299999999996,1949.0,10411.93,19.755022414284127
4092,11529.27,1073.0,17299.74,1546.0,-5770.470000000001,-50.05061031617788
4101,62.93,7.0,0.0,,62.93,100.0
4102,36626.19,3381.0,42812.81,3917.0,-6186.619999999995,-16.891246400458236
4103,129392.65,9035.0,100060.98,8942.0,29331.67,22.668729638043583
4104,389.57,43.0,113.28,16.0,276.28999999999996,70.92178555843621
4105,8982.15,1285.0,365.04,72.0,8617.109999999999,95.9359396135669
4109,8099.969999999999,3.0,4218.74,2.0,3881.2299999999996,47.91659722196502
4111,16374.6,16540.0,15465.039999999999,19576.0,909.5600000000013,5.554700572838429
4113,40874.13,41287.0,31078.52,41998.0,9795.609999999997,23.965305194263458
4114,27.72,28.0,0.0,,27.72,100.0
4121,14610.779999999999,522.0,11549.199999999999,520.0,3061.58,20.954254324546675
4124,14463.9,14610.0,12717.36,17663.0,1746.539999999999,12.075166448883074
4125,10834.56,10944.0,10371.84,14016.0,462.71999999999935,4.270777954988476
4126,10135.25,475.0,12877.37,701.0,-2742.120000000001,-27.055277373523108
4130,88537.9,8110.0,56019.06,8226.0,32518.839999999997,36.72872295367294
4131,12791.429999999998,457.0,10541.34,482.0,2250.0899999999983,17.590605585145667
4132,419.84999999999997,15.0,0.0,,419.84999999999997,100.0
4135,137572.38,138962.0,108607.2,139240.0,28965.180000000008,21.054502364500784
4138,8956.8,320.0,6218.799999999999,280.0,2738.0,30.568953197570565
4139,119.94,6.0,71.4,6.0,48.53999999999999,40.47023511755877
4140,33418.21,5579.0,26505.0,5580.0,6913.209999999999,20.686954806974995
4141,18518.94,18706.0,16986.75,23925.0,1532.1899999999987,8.273637692006124
4145,132505.00999999998,7799.0,95328.24,7518.0,37176.769999999975,28.056878754999516
4147,27161.23,677.0,19189.59,667.0,7971.639999999999,29.349333590562722
4148,8501.02,498.0,3886.8,316.0,4614.22,54.27842776513877
4149,67799.47,45503.0,54071.079999999994,46613.0,13728.390000000007,20.248521116758003
4150,6247.3,470.0,1829.56,212.0,4417.74,70.71438861588206
4152,101506.06,18194.0,68430.0,18248.0,33076.06,32.585305744307284
4153,138811.92,11208.0,108203.97,11283.0,30607.95000000001,22.049943549516506
4157,141210.63,142637.0,102669.84,142597.0,38540.79000000001,27.293122337886324
4160,12064.359999999999,564.0,1255.5,81.0,10808.859999999999,89.59331452310774
4164,1199.98,2.0,0.0,,1199.98,100.0
4173,180.54,96.0,34.760000000000005,44.0,145.77999999999997,80.74664894206269
4174,230394.16999999998,7883.0,178981.1,8290.0,51413.06999999998,22.315265182274352
4176,76507.54000000001,6646.0,53573.6,6680.0,22933.94000000001,29.976052033564283
4178,55487.020000000004,5198.0,33107.479999999996,4438.0,22379.540000000008,40.33292831368491
4179,144216.81,6719.0,101952.76000000001,6734.0,42264.04999999999,29.305911009957846
4181,189110.7,16430.0,154736.18,16514.0,34374.52000000002,18.17693023186949
4187,190625.62999999998,9737.0,127639.04999999999,9933.0,62986.57999999999,33.04203112666434
4190,10766.64,536.0,5348.48,274.0,5418.16,50.32359213273594
4191,0.0,,510.12,36.0,-510.12,0.0
4192,3338.2099999999996,179.0,9408.78,626.0,-6070.5700000000015,-181.85105191105418
4194,179783.85,13415.0,125553.12000000001,13244.0,54230.729999999996,30.164405757246826
4195,61012.58,5342.0,46441.85,5369.0,14570.730000000003,23.881517549331637
4196,120103.03,10497.0,81164.8,10880.0,38938.229999999996,32.420689136652086
4197,60671.99,3501.0,47783.92,3656.0,12888.07,21.24220748322249
4198,575754.9199999999,23008.0,455224.98,25998.0,120529.93999999994,20.934244035639324
4199,208875.83,9217.0,191415.96,11313.0,17459.869999999995,8.358970973328987
4200,24690.35,2165.0,12119.039999999999,1578.0,12571.31,50.91588414097006
4201,118800.69,9031.0,83906.3,8786.0,34894.39,29.37221155870391
4204,72356.79,6521.0,49830.119999999995,6438.0,22526.67,31.13276583994398
4206,10187.74,226.0,11246.4,288.0,-1058.6599999999999,-10.391509795106666
4207,80.91,29.0,59.449999999999996,29.0,21.46,26.523297491039425
4208,224.82,18.0,108.6,12.0,116.22,51.69468908460102
4211,41904.24,4176.0,31340.399999999998,4018.0,10563.84,25.209477608948404
4212,56.97,3.0,0.0,,56.97,100.0
4214,1552.84,116.0,847.84,112.0,704.9999999999999,45.400685196156715
4215,3352.71,129.0,4345.6,224.0,-992.8900000000003,-29.614550617261866
4216,10105.17,483.0,15549.48,919.0,-5444.3099999999995,-53.876481048809666
4218,286511.17,16583.0,233803.83,18993.0,52707.34,18.39626008298385
4219,6925.05,495.0,1505.88,141.0,5419.17,78.25459743972968
4221,213320.77,11823.0,118310.42,9143.0,95010.34999999999,44.538724475821084
4222,229242.9,20910.0,168237.44,21056.0,61005.45999999999,26.611711856724895
4223,288560.95,13505.0,197481.12,13236.0,91079.83000000002,31.56346345546756
4224,212285.18,13082.0,148822.96,13009.0,63462.22,29.894795293764737
4225,522535.20999999996,20179.0,369034.93,20089.0,153500.27999999997,29.376064437839506
4226,300152.1,25990.0,200501.76,26107.0,99650.33999999997,33.199947626553325
4227,1323223.53,75147.0,967725.98,68294.0,355497.55000000005,26.866023913586247
4228,57553.189999999995,2681.0,40219.200000000004,2736.0,17333.98999999999,30.118208912485983
4229,128167.9,6010.0,87082.8,5924.0,41085.09999999999,32.05568633019656
4230,8739.97,303.0,3421.44,132.0,5318.529999999999,60.8529548728428
4232,29429.5,3550.0,22109.760000000002,3412.0,7319.739999999998,24.87211811277799
4233,153199.13,12287.0,99453.19,12637.0,53745.94,35.0824054940782
4234,80286.1,7190.0,61778.68,7732.0,18507.420000000006,23.051835871962897
4235,27492.48,2752.0,28849.27,3811.0,-1356.7900000000009,-4.935131352282519
4237,3527.37,3563.0,5909.76,7776.0,-2382.3900000000003,-67.54012196055419
4239,46848.299999999996,2170.0,33459.4,2210.0,13388.899999999994,28.57926541624775
4241,118022.92,59308.0,85592.22,58226.0,32430.699999999997,27.47830675600976
4243,1657809.59,77041.0,1106876.61,76389.0,550932.98,33.2325849315421
4244,33674.36,3164.0,34253.04,3481.0,-578.6800000000003,-1.7184587917929257
4245,643474.8,58320.0,466410.88,58816.0,177063.92000000004,27.516838266238246
4246,211183.84,30666.0,131664.0,31200.0,79519.84,37.65432051997918
4247,133890.22,11778.0,97877.5,12250.0,36012.72,26.89719981041184
4248,299.8,20.0,152.04,14.0,147.76000000000002,49.28619079386258
4249,95393.74,7226.0,74537.86,7174.0,20855.880000000005,21.86294404643324
4250,98362.88,2712.0,77700.46,2798.0,20662.42,21.006318643781068
4251,5015.34,5066.0,8314.8,10660.0,-3299.459999999999,-65.7873643661247
4252,9858.42,9958.0,3303.3,4290.0,6555.12,66.49260226283725
4254,72486.62999999999,2837.0,82075.29000000001,3503.0,-9588.660000000018,-13.228177389402735
4256,10000.369999999999,363.0,14457.48,646.0,-4457.110000000001,-44.56945093031559
4257,10784.07,10893.0,10117.03,13139.0,667.039999999999,6.1854197904872565
4258,83206.41,7359.0,54132.75,7365.0,29073.660000000003,34.94161086868188
4259,3674.57,343.0,688.86,89.0,2985.71,81.25331671460879
4260,1635666.58,79042.0,1317439.48,79078.0,318227.1000000001,19.455499298640685
4261,4475972.88,200412.0,3261197.94,201682.0,1214774.94,27.139908408024134
4262,862422.9,55710.0,610436.88,54552.0,251986.02000000002,29.218382304087704
4263,33161.009999999995,1999.0,20303.100000000002,1530.0,12857.909999999993,38.774180882910365
4264,447487.39999999997,28860.0,338428.56,29352.0,109058.83999999997,24.371376713623665
4265,264221.58,24042.0,200048.94,24219.0,64172.640000000014,24.28743329746193
4267,240837.56999999998,11043.0,181660.6,11630.0,59176.96999999997,24.57131999795546
4268,175606.91,7809.0,167060.5,9154.0,8546.410000000003,4.866784570151598
4269,292863.98,23702.0,218154.42,23661.0,74709.55999999997,25.509985898573113
4270,76435.68,4332.0,57405.219999999994,4426.0,19030.46,24.89735160333499
4272,22136.39,761.0,15302.07,749.0,6834.32,30.87368807651112
4274,17864.84,516.0,10438.699999999999,470.0,7426.140000000001,41.56846632827387
4276,26668.469999999998,1053.0,33590.56,1409.0,-6922.09,-25.95608221993988
4277,46397.94,11006.0,58312.799999999996,12460.0,-11914.859999999993,-25.679717677120994
4278,92106.15,7985.0,76207.59999999999,8005.0,15898.550000000003,17.26111665724819
4280,94352.67,3933.0,67632.66,3609.0,26720.009999999995,28.31929398500328
4282,78631.53,5947.0,56618.67,5843.0,22012.86,27.994953169549163
4283,57674.659999999996,2834.0,43942.0,3175.0,13732.659999999996,23.81056082515267
4287,5039.16,84.0,711.04,16.0,4328.12,85.88971177735972
4289,764.49,51.0,140.14,13.0,624.35,81.66882496827951
4290,11563.37,1063.0,4808.57,611.0,6754.800000000001,58.41549652047803
4291,133524.21,10279.0,108128.73000000001,10407.0,25395.47999999998,19.019382327744147
4294,108721.77,6723.0,81618.70000000001,6970.0,27103.069999999992,24.928834399955033
4295,7.99,1.0,5.75,1.0,2.24,28.03504380475595
4296,217813.26,16774.0,156601.53,16857.0,61211.73000000001,28.102848283892364
4297,22072.18,3382.0,13197.7,2435.0,8874.48,40.20663115288114
4298,11611.710000000001,11729.0,9708.8,13120.0,1902.9100000000017,16.38785329637066
4299,41724.46,3154.0,30785.27,3151.0,10939.189999999999,26.217691013856136
4300,5039.72,28.0,5372.799999999999,40.0,-333.079999999999,-6.609097330804073
4302,9376.16,634.0,3255.8,292.0,6120.36,65.27576321223188
4303,51038.64,6336.0,37434.43,6421.0,13604.21,26.654726693344493
4304,3681.81,3719.0,316.79,401.0,3365.02,91.39580804006725
4308,225.94,6.0,114.66,6.0,111.28,49.25201380897584
4309,44388.52,5048.0,34784.04,4913.0,9604.479999999996,21.637306222419664
4313,154464.25,5675.0,116520.0,6000.0,37944.25,24.565069263599828
4315,22894.36,764.0,15180.06,658.0,7714.300000000001,33.69519829337881
4316,287.76,24.0,173.76,24.0,114.0,39.6163469557965
4317,53157.47,1553.0,33910.17,1429.0,19247.300000000003,36.20808138536316
4319,409.59000000000003,41.0,14.58,2.0,395.01000000000005,96.4403427818062
4320,83409.37000000001,1663.0,61017.880000000005,1694.0,22391.490000000005,26.84529328059905
4322,2615.62,238.0,1976.2,241.0,639.4199999999998,24.446211605661368
4326,16023.679999999998,732.0,11458.56,512.0,4565.119999999999,28.489835044134676
4327,90006.48999999999,4551.0,68540.68,4628.0,21465.809999999998,23.84918020911603
4329,389.94,6.0,309.48,6.0,80.45999999999998,20.633943683643633
4330,482985.67,17633.0,369126.45,17755.0,113859.21999999997,23.574036886021894
4331,709.29,71.0,85.68,12.0,623.6099999999999,87.92031468087805
4333,53.97,3.0,0.0,,53.97,100.0
4334,48556.96,1304.0,35245.200000000004,1380.0,13311.759999999995,27.414731070478865
4337,1627.63,37.0,69.82,2.0,1557.8100000000002,95.71032728568532
4340,18582.75,1825.0,21840.85,2287.0,-3258.0999999999985,-17.5329270425529
4343,88209.0,8800.0,58094.13,8979.0,30114.870000000003,34.140359827228515
4344,4978.75,425.0,8889.300000000001,830.0,-3910.550000000001,-78.54481546572937
4345,52493.74,2626.0,38675.12,2476.0,13818.619999999995,26.32431981413402
4346,130627.43000000001,12257.0,103960.49,12391.0,26666.940000000002,20.414502528297465
4348,92.94,6.0,0.0,,92.94,100.0
4349,100027.48,6052.0,74331.18,6138.0,25696.300000000003,25.689240596684037
4351,52810.07,2393.0,30132.0,1944.0,22678.07,42.94270013275877
4353,7990.389999999999,261.0,2519.2000000000003,94.0,5471.189999999999,68.47212714273019
4354,239.96,4.0,355.52,8.0,-115.55999999999997,-48.158026337722944
4355,9319.24,376.0,4758.49,239.0,4560.75,48.93907657705993
4357,399.6,40.0,7.46,1.0,392.14000000000004,98.13313313313314
4358,30003.870000000003,5613.0,19753.62,4637.0,10250.250000000004,34.16309296100804
4359,260198.97,24253.0,187167.96,24276.0,73031.01000000001,28.06737090465808
4361,695.88,12.0,519.36,12.0,176.51999999999998,25.366442490084495
4362,54196.17,6783.0,40607.6,6712.0,13588.57,25.072934120621436
4363,76668.76000000001,2324.0,51731.4,2180.0,24937.360000000008,32.526103200312626
4365,2226.51,2249.0,4646.45,6365.0,-2419.9399999999996,-108.68758730030403
4366,38626.259999999995,2174.0,42149.26,2846.0,-3523.0000000000073,-9.12073806783263
4368,379652.86,11114.0,263846.85000000003,11035.0,115806.00999999995,30.503131202541173
4370,100341.02,8298.0,71170.36,8941.0,29170.660000000003,29.071520301467935
4375,203.88,12.0,155.64,12.0,48.24000000000001,23.660977045320784
4377,311.76,24.0,479.52,48.0,-167.76,-53.81062355658198
4379,5752.89,5811.0,124.1,170.0,5628.79,97.84282334617905
4380,201244.17,14183.0,159597.32,14723.0,41646.850000000006,20.694686459736946
4382,122358.39,8561.0,90681.84,8686.0,31676.550000000003,25.888335078616187
4383,919.08,92.0,0.0,,919.08,100.0
4385,167640.63,6837.0,113348.62,6853.0,54292.01000000001,32.38594963524058
4386,31413.23,677.0,28776.92,838.0,2636.3100000000013,8.39235570490523
4387,280.17,33.0,0.0,,280.17,100.0
4389,24380.25,975.0,15134.099999999999,915.0,9246.150000000001,37.92475466822531
4390,117983.73000000001,2627.0,90690.93,2721.0,27292.800000000017,23.1326810908589
4391,20711.34,766.0,14009.4,774.0,6701.9400000000005,32.35879474722543
4397,0.0,,9.44,1.0,-9.44,0.0
4398,584.36,64.0,91.13999999999999,14.0,493.22,84.40344992812649
4399,1337.0,100.0,203.0,20.0,1134.0,84.81675392670157
4401,10597.35,265.0,6538.5599999999995,224.0,4058.790000000001,38.300046709790664
4402,5553.99,101.0,24612.96,564.0,-19058.97,-343.1581619700432
4404,62791.77,9223.0,40560.48,9389.0,22231.289999999994,35.40478314275899
4408,1783.67,133.0,81.84,8.0,1701.8300000000002,95.41170732254285
4410,113891.96,11304.0,89133.2,11240.0,24758.76000000001,21.73881281874507
4411,29866.920000000002,2908.0,17071.92,2358.0,12795.000000000004,42.840038410388495
4412,83941.34,4666.0,64279.08,4716.0,19662.259999999995,23.42381000827482
4413,40767.14,20486.0,29640.96,20584.0,11126.18,27.292029806358748
4414,54571.78,5422.0,43829.11,5527.0,10742.669999999998,19.6853941725925
4415,2384.83,217.0,2066.64,237.0,318.19000000000005,13.3422508103303
4416,106918.79000000001,10621.0,81838.08,10656.0,25080.710000000006,23.457719639363674
4418,4534.81,119.0,8700.0,300.0,-4165.19,-91.84927262663705
4421,9198.63,837.0,7068.4,862.0,2130.2299999999996,23.158122459540166
4422,47901.98,4752.0,37176.659999999996,4338.0,10725.320000000007,22.39013919675138
4424,945.14,86.0,16.78,2.0,928.36,98.22460164631696
4425,149.88,12.0,114.36,12.0,35.519999999999996,23.698959167333868
4427,246.33,17.0,126.96,12.0,119.37000000000002,48.459383753501406
4429,301339.83999999997,13116.0,234879.38999999998,13569.0,66460.44999999998,22.054982839308597
4431,34942.840000000004,2316.0,25829.699999999997,2327.0,9113.140000000007,26.08013544405665
4437,461672.38,13562.0,332735.08,14171.0,128937.29999999999,27.92831141425441
4438,92900.65,9235.0,68002.2,9252.0,24898.449999999997,26.80115801127333
4447,50823.579999999994,1942.0,39733.38,1926.0,11090.199999999997,21.82097365041974
4450,59355.7,2230.0,41517.93,2243.0,17837.769999999997,30.05232858849276
4453,3642.21,279.0,365.84,34.0,3276.37,89.95554896614966
4460,593.46,54.0,515.45,61.0,78.00999999999999,13.144946584437028
4478,264650.88999999996,14711.0,195982.05000000002,14485.0,68668.83999999994,25.946952228273233
4480,44055.69,3131.0,28490.24,2872.0,15565.45,35.33130453750696
4482,3551.02,98.0,11789.4,401.0,-8238.38,-232.00038298854975
4483,27103.65,10885.0,19757.41,10237.0,7346.240000000002,27.104246107074143
4488,157493.97,13203.0,107780.78,13439.0,49713.19,31.565138652610003
4491,29521.309999999998,969.0,16279.199999999999,855.0,13242.109999999999,44.85610564029848
4494,132910.91,7809.0,74022.05,7751.0,58888.86,44.307017384803096
4498,26359.98,702.0,22705.2,795.0,3654.779999999999,13.86488153632893
4502,145991.61,6639.0,108258.15,6695.0,37733.45999999999,25.846320894741826
4505,233.87,13.0,232.92000000000002,18.0,0.9499999999999886,0.40620857741479827
4511,8839.74,26.0,1499.94,6.0,7339.799999999999,83.03185387805523
4513,45660.93,1007.0,35185.15,1001.0,10475.779999999999,22.94254628628895
4518,781.8299999999999,17.0,175.55,5.0,606.28,77.54626964941228
4521,49021.39,2161.0,37701.58,2263.0,11319.809999999998,23.09157288277627
4522,56976.51,3699.0,37302.48,3708.0,19674.03,34.530072129725035
4524,11848.189999999999,431.0,8817.99,401.0,3030.199999999999,25.57521444203713
4525,1142.57,143.0,805.65,131.0,336.91999999999996,29.48790883709532
4527,22903.68,632.0,17255.72,641.0,5647.959999999999,24.659618017715925
4528,129066.49,851.0,108249.18,1013.0,20817.310000000012,16.129136230480903
4535,439.78,22.0,0.0,,439.78,100.0
4540,7307.089999999999,291.0,11200.96,493.0,-3893.87,-53.28892897172472
4542,3711.36,64.0,5042.4,120.0,-1331.0399999999995,-35.863942058975674
4545,1986.58,142.0,1480.4499999999998,145.0,506.1300000000001,25.477453714423792
4550,70652.61,5439.0,58260.16,5873.0,12392.449999999997,17.5399748148016
4556,2353.43,157.0,199.07,17.0,2154.3599999999997,91.54128229860245
4563,173593.72,9628.0,116143.38,9567.0,57450.34,33.09471102986905
4565,57242.340000000004,5916.0,40132.51,5981.0,17109.83,29.8901652168657
4574,2431.24,76.0,579.37,23.0,1851.87,76.16977344893964
4575,9971.01,399.0,1530.23,79.0,8440.78,84.65320965478924
4576,181.85999999999999,14.0,122.76,12.0,59.09999999999998,32.4975255691191
4580,40090.02,1398.0,27146.94,1213.0,12943.079999999998,32.285042511827136
4582,40693.37,1163.0,45653.159999999996,1564.0,-4959.789999999994,-12.188201665283541
4583,6276.2699999999995,273.0,3094.91,179.0,3181.3599999999997,50.688705234159784
4585,179.88,12.0,136.32,12.0,43.56,24.216144096064042
4595,2429.73,27.0,12776.34,186.0,-10346.61,-425.83373461248783
4605,5329.59,41.0,198.46,2.0,5131.13,96.27626140097081
4606,11199.2,80.0,16674.66,162.0,-5475.459999999999,-48.89152796628329
4616,2519.58,42.0,11737.44,216.0,-9217.86,-365.84907008310915
4620,9178.58,342.0,15658.02,731.0,-6479.4400000000005,-70.59305469909289
4624,45522.439999999995,1956.0,29977.2,1980.0,15545.239999999994,34.148521037097304
4625,28538.04,196.0,29789.340000000004,266.0,-1251.300000000003,-4.384673929954555
4626,131418.29,7521.0,88378.62,7898.0,43039.67000000001,32.75013698625968
4627,6298.74,126.0,1530.06,42.0,4768.68,75.70847502833901
4628,110015.01,999.0,95188.1,1190.0,14826.909999999989,13.477170069793193
4629,13886.94,406.0,10522.199999999999,390.0,3364.7400000000016,24.229527887353164
4632,15038.119999999999,188.0,19578.32,328.0,-4540.200000000001,-30.191273909238664
4634,136024.92,11908.0,103100.52,12101.0,32924.40000000001,24.20468249494284
4639,64551.92999999999,807.0,15293.2,260.0,49258.729999999996,76.30868666513922
4652,218786.88,1312.0,168165.69,1419.0,50621.19,23.137214626398073
4662,220629.66999999998,11033.0,154753.56,10062.0,65876.10999999999,29.8582280433996
4664,107263.75,2925.0,82865.68000000001,2984.0,24398.069999999992,22.745867079978087
4670,57972.990000000005,11651.0,33975.06,11838.0,23997.930000000008,41.395018611253285
4673,549271.82,8118.0,379439.12,8132.0,169832.69999999995,30.91960916545837
4676,25.98,2.0,0.0,,25.98,100.0
4677,46321.060000000005,994.0,35198.37,1017.0,11122.690000000002,24.012166388247593
4678,329579.45999999996,14254.0,240004.34000000003,14303.0,89575.11999999994,27.178611191364883
4679,133127.04,10896.0,96293.54000000001,11158.0,36833.5,27.667932825667872
4682,137866.67,3833.0,112875.56000000001,4193.0,24991.11,18.127013584936808
4683,49984.71,12569.0,39820.88,13453.0,10163.830000000002,20.333878099922963
4686,108205.74,2026.0,89142.0,2075.0,19063.740000000005,17.618048728283732
4687,7433.7699999999995,323.0,12495.6,712.0,-5061.830000000001,-68.09236766808768
4689,858571.95,18005.0,594540.54,17838.0,264031.4099999999,30.752391805951724
4692,11803.66,834.0,14760.0,1200.0,-2956.34,-25.045960320781862
4696,10761.76,724.0,4398.78,334.0,6362.9800000000005,59.12583071913888
4697,3249.87,13.0,6766.5599999999995,36.0,-3516.6899999999996,-108.21017456082858
4698,1868.89,111.0,519.0,50.0,1349.89,72.22950521432509
4701,99525.01,5699.0,75522.08,5956.0,24002.929999999993,24.11748564506549
4702,51872.46,2154.0,36268.82,2177.0,15603.64,30.08077889500517
4703,2717.55,2745.0,7.7,10.0,2709.8500000000004,99.71665654725764
4705,3323.43,3357.0,118.56,156.0,3204.87,96.43260125833852
4722,665392.63,18637.0,552900.7000000001,19910.0,112491.92999999993,16.906097983081047
4723,1316.7,1330.0,31.57,41.0,1285.13,97.60233918128655
4724,54521.39,2561.0,41437.72,2468.0,13083.669999999998,23.997315548998287
4732,134109.75,1525.0,103523.84,1484.0,30585.910000000003,22.806626662118155
4734,280600.63,18637.0,236179.30000000002,19847.0,44421.32999999999,15.830801947950004
4736,51212.72,17128.0,36418.52,17018.0,14794.200000000004,28.887745075832733
4737,90567.54000000001,7846.0,62109.32,7852.0,28458.22000000001,31.42209670263762
4748,4449.88,212.0,616.42,37.0,3833.46,86.1474916177515
4751,985.05,995.0,238.32000000000002,331.0,746.7299999999999,75.8063042485153
4752,10094.949999999999,505.0,9330.300000000001,630.0,764.6499999999978,7.574579368892347
4757,167.88,12.0,157.79999999999998,15.0,10.080000000000013,6.004288777698363
4760,10272.23,577.0,2515.47,191.0,7756.76,75.51193849826183
4762,81203.25,11375.0,56909.42,11314.0,24293.83,29.91731242284022
4763,659.94,6.0,503.76,6.0,156.18000000000006,23.66578779889082
4764,58883.42,2858.0,43097.1,2910.0,15786.32,26.809448228380756
4767,102833.40999999999,3759.0,73360.40000000001,3805.0,29473.00999999998,28.66092838893506
4772,14528.499999999998,850.0,22121.07,1797.0,-7592.5700000000015,-52.25983411914514
4779,38860.5,1350.0,30204.41,1399.0,8656.09,22.27477773060048
4783,105634.89,8111.0,72061.2,8115.0,33573.69,31.782766091771386
4784,7604.95,405.0,5278.7699999999995,399.0,2326.1800000000003,30.58770932090284
4785,21237.26,274.0,59398.95,1101.0,-38161.69,-179.6921542609546
4787,110368.84999999999,5315.0,81627.93000000001,5431.0,28740.919999999984,26.04078958872905
4796,77476.40999999999,4459.0,55924.33,4543.0,21552.079999999987,27.817602803227448
4798,187794.31,94369.0,146712.72,95268.0,41081.59,21.875843842127058
4802,164.97,3.0,5076.0,120.0,-4911.03,-2976.9230769230767
4804,112488.93999999999,6206.0,78387.98,6457.0,34100.95999999999,30.314944740345133
4806,135805.65,8935.0,104605.43000000001,8933.0,31200.219999999987,22.97416933684275
4808,422.53,47.0,417.02,58.0,5.509999999999991,1.3040494166094696
4813,274.95,5.0,4782.0,120.0,-4507.05,-1639.2253136933987
4815,591.68,32.0,40.5,3.0,551.18,93.15508382909681
4816,467.64,36.0,351.72,36.0,115.91999999999996,24.78829869130099
4817,46642.770000000004,3523.0,30240.6,3877.0,16402.170000000006,35.165514398051414
4818,51570.72,3928.0,27749.45,3695.0,23821.27,46.19146290763441
4820,599.88,12.0,0.0,,599.88,100.0
4824,7228.999999999999,400.0,5976.32,406.0,1252.6799999999994,17.328537833725267
4829,162256.01,12599.0,119855.81999999999,12498.0,42400.19000000002,26.131660700888688
4833,19081.81,1319.0,11491.480000000001,1066.0,7590.33,39.77783030016544
4834,6223.16,434.0,5135.55,365.0,1087.6099999999997,17.476812423270488
4844,659.88,12.0,4533.84,108.0,-3873.96,-587.0703764320785
4845,11353.79,1421.0,9354.960000000001,1464.0,1998.83,17.604958344306173
4846,22596.019999999997,1298.0,15326.400000000001,1236.0,7269.619999999995,32.17212588765631
4857,4000.59,4041.0,2752.5,3670.0,1248.0900000000001,31.19764834686884
4858,36518.49,18351.0,15417.65,21715.0,21100.839999999997,57.781249991442685
4868,6501.33,6567.0,5025.9800000000005,6362.0,1475.3499999999995,22.6930489607511
4876,16643.1,1490.0,22488.05,1885.0,-5844.950000000001,-35.11935877330546
4878,69339.16,9834.0,48363.6,9830.0,20975.560000000005,30.250669318751488
4881,67253.9,3410.0,12529.26,846.0,54724.63999999999,81.37021050080367
4882,53308.14,7686.0,36420.3,7749.0,16887.839999999997,31.679664681603963
4884,5724.47,353.0,14368.5,927.0,-8644.029999999999,-151.00140274994888
4886,3536.45,155.0,6713.98,403.0,-3177.5299999999997,-89.85083911832487
4889,43123.78,3722.0,37870.91,3949.0,5252.869999999995,12.180912712197296
4890,10925.64,11036.0,11761.56,15894.0,-835.9200000000001,-7.65099344294705
4892,659.3399999999999,66.0,544.5799999999999,73.0,114.75999999999999,17.40528407195074
4896,135315.81999999998,7418.0,104419.59999999999,7432.0,30896.219999999987,22.83267396229058
4897,16424.420000000002,3658.0,14015.44,4273.0,2408.9800000000014,14.667062824745111
4898,54170.65,1335.0,60067.92,2013.0,-5897.269999999997,-10.886467118264221
4899,13407.679999999998,632.0,8867.880000000001,621.0,4539.799999999997,33.859698322155644
4902,1956.22,178.0,510.35,59.0,1445.87,73.91142100581733
4903,39756.36,9964.0,9471.0,3300.0,30285.36,76.17739652221682
4904,7391.42,458.0,16302.8,1060.0,-8911.38,-120.56384294222218
4916,165412.13,14187.0,112840.06,14338.0,52572.07000000001,31.78247568663798
4921,1659.1699999999998,83.0,190.44,12.0,1468.7299999999998,88.52197182928813
4932,93900.6,12940.0,57910.5,12869.0,35990.100000000006,38.32787010945617
4938,43719.96,4704.0,38694.24,5512.0,5025.720000000001,11.495252969124403
4939,172157.23,10477.0,120883.70000000001,10430.0,51273.53,29.782966419708305
4942,33743.119999999995,1688.0,31695.02,2077.0,2048.099999999995,6.069681760311421
4945,89136.77,8873.0,66699.63,8929.0,22437.14,25.17158743804605
4948,1104.15,85.0,115.44,12.0,988.71,89.54489879092515
4959,17399.25,17575.0,10718.16,15096.0,6681.09,38.398724082934606
4978,4459.15,435.0,3272.48,452.0,1186.6699999999996,26.61202247065023
4979,106496.04999999999,1395.0,104623.34,1831.0,1872.7099999999919,1.7584783660990169
4989,56753.28,2472.0,45964.939999999995,2759.0,10788.340000000004,19.009192067841724
4994,259.87,13.0,3748.8,240.0,-3488.9300000000003,-1342.5674375649364
5001,4949.89,11.0,5075.099999999999,15.0,-125.20999999999913,-2.5295511617429702
5003,22649.22,22878.0,18459.48,23666.0,4189.740000000002,18.4983853748606
5005,5803.71,129.0,4330.53,129.0,1473.1800000000003,25.383418537452773
5014,14881.710000000001,2129.0,7191.360000000001,1816.0,7690.35,51.67652104496055
5015,21373.25,2675.0,15764.28,2681.0,5608.969999999999,26.242943866749318
5016,0.0,,225.15,5.0,-225.15,0.0
5018,10462.32,10568.0,10578.44,13919.0,-116.1200000000008,-1.1098876730973704
5021,95.92,8.0,0.0,,95.92,100.0
5027,46523.37,3463.0,26472.75,3525.0,20050.620000000003,43.097952706349524
5031,98192.27,6273.0,74721.51000000001,6381.0,23470.759999999995,23.902859155817453
5033,114938.10999999999,6389.0,96003.93999999999,7402.0,18934.17,16.47336118542405
5042,92026.38,6162.0,68063.64,6373.0,23962.740000000005,26.03899012435348
5054,12369.84,6216.0,4647.66,3273.0,7722.18,62.427484914922104
5056,13275.94,1606.0,7259.4,1308.0,6016.540000000001,45.31912617863594
5058,141149.29,8471.0,100486.39,8423.0,40662.90000000001,28.808433963784026
5060,145183.62,10338.0,103859.8,11108.0,41323.81999999999,28.463142054179386
5062,1106.04,96.0,41.95,5.0,1064.09,96.20718961339554
5065,9077.41,459.0,1678.74,147.0,7398.67,81.50639885165482
5067,6182.55,495.0,14958.6,1605.0,-8776.05,-141.94871048353832
5070,30564.3,1170.0,21580.649999999998,1209.0,8983.650000000001,29.39262472885033
5071,5738.360000000001,164.0,4717.44,182.0,1020.920000000001,17.79114590231357
5073,199.89999999999998,10.0,153.8,10.0,46.099999999999966,23.061530765382678
5075,44922.549999999996,2145.0,25130.160000000003,1672.0,19792.389999999992,44.058919184240416
5076,77774.82,2118.0,64001.12,2276.0,13773.700000000004,17.709716332355384
5077,8970.83,617.0,2652.21,209.0,6318.62,70.43517712407882
5079,3359.81,269.0,15079.76,1618.0,-11719.95,-348.82776109363334
5080,799.5999999999999,40.0,108.18,9.0,691.4199999999998,86.47073536768384
5083,472.57,43.0,396.48,48.0,76.08999999999997,16.101318323211373
5087,32059.23,2277.0,28620.350000000002,3061.0,3438.8799999999974,10.726645649318458
5090,54853.2,4080.0,43886.700000000004,4290.0,10966.499999999993,19.992452582529356
5094,18751.77,5373.0,13767.16,5137.0,4984.610000000001,26.582077318567798
5096,229682.86000000002,21914.0,175300.6,21940.0,54382.26000000001,23.67710851388737
5098,1209.4499999999998,55.0,721.9699999999999,43.0,487.4799999999999,40.30592418041258
5101,258455.35,18265.0,203093.33000000002,19547.0,55362.01999999999,21.420342043606368
5102,36697.009999999995,1799.0,42668.399999999994,2220.0,-5971.389999999999,-16.272143152807274
5103,1093841.67,43533.0,757553.72,44198.0,336287.94999999995,30.743750144387892
5104,124.94999999999999,5.0,18.93,1.0,106.01999999999998,84.84993997599038
5105,390990.44999999995,17355.0,266683.67,18007.0,124306.77999999997,31.79279186998045
5106,14208.15,1185.0,8625.119999999999,906.0,5583.030000000001,39.29455981250199
5107,42971.78,2822.0,29142.36,2874.0,13829.419999999998,32.18256260271276
5109,200642.77,14323.0,141056.4,14335.0,59586.369999999995,29.697740915359173
5111,239543.37,241963.0,176150.88,244654.0,63392.48999999999,26.463888355582537
5112,71.96,4.0,0.0,,71.96,100.0
5114,62.94,6.0,0.0,,62.94,100.0
5116,10.99,1.0,0.0,,10.99,100.0
5124,279734.5,4150.0,219981.57,4269.0,59752.92999999999,21.360586556180948
5125,33458.46,4054.0,25204.84,4229.0,8253.619999999999,24.668260284543877
5126,4179.24,76.0,578.9,14.0,3600.3399999999997,86.14819919411184
5128,61104.3,4870.0,43642.8,4860.0,17461.5,28.576548622601027
5130,30989.809999999998,1619.0,21045.66,1598.0,9944.149999999998,32.088451010186894
5132,805.6899999999999,31.0,699.65,35.0,106.03999999999996,13.16138961635368
5133,30674.94,3306.0,29066.940000000002,4071.0,1607.9999999999964,5.242064043157041
5134,66881.82,4718.0,55867.030000000006,5377.0,11014.79,16.469034485006535
5135,11224.73,427.0,4125.14,239.0,7099.589999999999,63.24953918713412
5137,69375.75,7025.0,48722.31,7371.0,20653.440000000002,29.77040248213533
5138,1174428.36,84289.0,976289.4,87954.0,198138.96000000008,16.871098037857333
5142,94657.73999999999,3926.0,53274.85,3053.0,41382.88999999999,43.718442886973634
5145,587.03,47.0,200.64,22.0,386.39,65.82116757235575
5146,79845.73999999999,4226.0,60590.92,4276.0,19254.819999999992,24.11502479656397
5147,54941.36,4264.0,41384.96,4384.0,13556.400000000001,24.674307297817165
5148,87905.43999999999,4656.0,66556.48999999999,4697.0,21348.949999999997,24.286267152522072
5149,63648.3,1970.0,46078.53,1987.0,17569.770000000004,27.604460763288262
5152,14526.019999999999,698.0,21412.3,1183.0,-6886.280000000001,-47.406516031232236
5153,381031.35,25465.0,266209.56,25499.0,114821.78999999998,30.134473187048776
5155,24832.920000000002,3108.0,18064.8,3120.0,6768.120000000003,27.25462813072326
5160,44025.94,4006.0,31967.36,4016.0,12058.580000000002,27.38971615370393
5165,126652.06,6594.0,89484.29000000001,6713.0,37167.76999999999,29.346360414508844
5167,1984.48,52.0,1288.56,56.0,695.9200000000001,35.06812867854552
5168,54821.259999999995,2874.0,30038.339999999997,2199.0,24782.92,45.20676832309217
5169,9138.01,599.0,1817.8,149.0,7320.21,80.10726624286907
5170,148198.36000000002,10564.0,105414.48,10552.0,42783.88000000002,28.869334316520114
5171,3142.38,1262.0,4695.78,2566.0,-1553.3999999999996,-49.43386859641417
5178,139.92999999999998,7.0,0.0,,139.92999999999998,100.0
5181,89.97,3.0,23.99,1.0,65.98,73.3355562965433
5185,41117.92,2108.0,27452.19,1879.0,13665.73,33.23546035402569
5187,29666.87,3713.0,23082.4,3784.0,6584.4699999999975,22.194690575716272
5188,22169.17,683.0,13793.4,582.0,8375.769999999999,37.78116185675873
5191,430139.43,43057.0,343781.36,43352.0,86358.07,20.07676208619145
5192,45680.06,2394.0,24530.04,1809.0,21150.019999999997,46.30033323073568
5194,34810.2,2380.0,22751.3,2365.0,12058.899999999998,34.64185784626345
5195,47449.79,5921.0,28079.28,5949.0,19370.510000000002,40.82317329539288
5196,26476.69,331.0,18900.75,319.0,7575.939999999999,28.61362201997304
5197,151301.0,18000.0,102913.5,17898.0,48387.5,31.980951877383497
5198,4268.780000000001,122.0,6752.88,249.0,-2484.0999999999995,-58.1922703910719
5202,49437.090000000004,3491.0,36724.22,3562.0,12712.870000000003,25.715247398259084
5205,9139.41,259.0,15931.02,498.0,-6791.610000000001,-74.31125203924543
5212,109308.59,5341.0,83359.6,5420.0,25948.98999999999,23.73920475966252
5214,303.81,19.0,290.7,30.0,13.110000000000014,4.315196998123832
5215,60416.49,4651.0,46325.43,4923.0,14091.059999999998,23.323201993363067
5218,65291.33,4667.0,47953.2,4490.0,17338.130000000005,26.555026524961285
5219,192403.91999999998,9808.0,129667.23,9801.0,62736.68999999999,32.60676289755426
5220,7490.900000000001,910.0,2564.9700000000003,443.0,4925.93,65.75885407627922
5221,122543.95,10355.0,90684.63,10557.0,31859.319999999992,25.998280616872556
5223,5469.25,675.0,2004.9,326.0,3464.35,63.34232298761256
5224,47.45,5.0,7.08,1.0,40.370000000000005,85.07903055848261
5228,55468.3,6170.0,43208.1,6155.0,12260.200000000004,22.103075089735945
5230,72655.53,5047.0,50066.240000000005,5047.0,22589.289999999994,31.090943800148445
5231,159.9,10.0,106.56,12.0,53.34,33.35834896810507
5232,120658.51,7649.0,82852.56,7736.0,37805.95,31.333015798056845
5233,198561.75,9825.0,146029.5,10071.0,52532.25,26.456379438638105
5242,763368.2999999999,24770.0,559210.05,25361.0,204158.24999999988,26.74439716713412
5245,999.9,10.0,4316.4,60.0,-3316.4999999999995,-331.68316831683165
5246,52286.16,3584.0,35474.869999999995,3631.0,16811.290000000008,32.15246635056008
5250,175.84,16.0,7.14,1.0,168.70000000000002,95.93949044585987
5251,45401.4,45860.0,33294.24,46242.0,12107.160000000003,26.66693097569679
5253,81454.48,4952.0,58844.8,4970.0,22609.679999999993,27.757441947944418
5254,138526.67,13233.0,97960.8,13328.0,40565.87000000001,29.28379784196069
5255,79187.04,6096.0,58110.25,6215.0,21076.789999999994,26.616464007241582
5259,61308.46,3554.0,48582.78,3631.0,12725.68,20.75680909290496
5268,21899.64,2436.0,16734.56,2551.0,5165.079999999998,23.585227885024587
5270,49291.31,35269.0,55838.75,36025.0,-6547.440000000002,-13.283152750454397
5273,631.21,79.0,228.24,36.0,402.97,63.84087704567418
5276,13231.91,2209.0,10178.880000000001,2208.0,3053.029999999999,23.0732373481984
5277,14086.37,1763.0,11222.75,1855.0,2863.620000000001,20.329013081439722
5283,239.88,12.0,141.6,12.0,98.28,40.970485242621315
5285,89692.79,10461.0,65838.23999999999,10551.0,23854.550000000003,26.595838974347885
5286,15692.67,3933.0,11532.48,3936.0,4160.1900000000005,26.51040262746875
5287,0.98,2.0,0.0,,0.98,100.0
5292,213373.31,11069.0,161617.17,12309.0,51756.139999999985,24.25614525078136
5295,479.76,24.0,257.04,24.0,222.71999999999997,46.42321160580289
5296,185106.59,6341.0,158268.33,7533.0,26838.26000000001,14.498813899602393
5297,239029.83000000002,16817.0,182382.0,16950.0,56647.830000000016,23.699062999793796
5298,97668.4,5560.0,72533.6,5680.0,25134.79999999999,25.734833374970812
5299,761559.71,35129.0,563231.34,36909.0,198328.37,26.04239265756325
5308,9697.05,9795.0,7149.0,9532.0,2548.0499999999993,26.276548022336684
5311,667168.24,18376.0,436293.3,18409.0,230874.94,34.60520542764446
5312,571763.22,26178.0,399634.2,27186.0,172129.01999999996,30.10494798878458
5315,307571.76,11624.0,214591.3,11165.0,92980.46000000002,30.230493202626928
5316,75517.33,32977.0,62699.46,34262.0,12817.870000000003,16.973415241243302
5317,14370.72,4368.0,10826.46,4401.0,3544.26,24.66306489862721
5318,52909.2,1880.0,38344.4,2056.0,14564.799999999996,27.527915750001885
5322,25642.879999999997,1012.0,19702.02,1131.0,5940.859999999997,23.167678513489896
5325,4731.5599999999995,244.0,1177.54,91.0,3554.0199999999995,75.11307053064951
5327,139.93,7.0,95.94,6.0,43.99000000000001,31.437147145001077
5330,67227.28,4072.0,47038.979999999996,4119.0,20188.300000000003,30.029922376749447
5333,70351.21,5479.0,47471.2,5488.0,22880.01000000001,32.52255362772013
5334,69691.98,3002.0,53941.14,3027.0,15750.839999999997,22.60064931431134
5335,4768.41,159.0,22.21,1.0,4746.2,99.5342262934605
5337,394423.38,14262.0,333040.2,16167.0,61383.17999999999,15.56276405318569
5338,6256.87,313.0,14465.06,919.0,-8208.189999999999,-131.1868394261028
5339,14818.32,4608.0,14208.1,6046.0,610.2199999999993,4.118010678673421
5341,5.39,11.0,0.0,,5.39,100.0
5342,687309.77,22623.0,441344.89999999997,22234.0,245964.87000000005,35.786610453682336
5346,94931.01000000001,1899.0,68999.09999999999,1905.0,25931.910000000018,27.316584959961993
5348,75099.5,6250.0,51111.35,6511.0,23988.15,31.94182384702961
5353,206346.24,11026.0,137801.07,10791.0,68545.16999999998,33.21852145209914
5356,245074.68,24532.0,176407.98,24707.0,68666.69999999998,28.018683937483868
5357,10427.02,298.0,18411.36,726.0,-7984.34,-76.57355601120933
5358,98995.43,3857.0,73098.06,3882.0,25897.369999999995,26.160167191556216
5359,20213.26,1074.0,13623.12,954.0,6590.139999999998,32.603053639046834
5361,293.04,296.0,15.8,20.0,277.24,94.6082446082446
5363,1258.2,80.0,270.6,22.0,987.6,78.49308536003815
5364,1844950.29,59771.0,1399080.15,60645.0,445870.14000000013,24.167054387140162
5365,932815.85,48615.0,720971.72,48583.0,211844.13,22.710176933635935
5367,146209.51,15699.0,92032.37999999999,15786.0,54177.13000000002,37.05445015170355
5368,171642.74,8176.0,124855.54,8198.0,46787.2,27.25847886138383
5370,1049.97,3.0,7919.57,31.0,-6869.599999999999,-654.2663123708296
5371,398.97,403.0,55.3,70.0,343.67,86.13930871995387
5373,6468.74,676.0,1591.11,213.0,4877.63,75.40309241057764
5375,68301.81999999999,3418.0,50931.2,3460.0,17370.619999999995,25.43214807453154
5376,1857.57,143.0,625.28,64.0,1232.29,66.33881899470813
5378,61586.6,2340.0,43927.0,2180.0,17659.6,28.674419435396658
5381,14944.05,15095.0,9366.63,12831.0,5577.42,37.32201110140825
5382,162437.53,12847.0,121181.28,12837.0,41256.25,25.398225397788305
5384,1319.6000000000001,40.0,337.12,14.0,982.4800000000001,74.45286450439528
5390,6936.93,7007.0,2725.8,3540.0,4211.13,60.705960705960706
5391,491568.89,29911.0,359566.28,29914.0,132002.61,26.853328736893822
5392,202824.88999999998,10511.0,143919.17,10559.0,58905.71999999997,29.042648562511225
5394,82974.5,7550.0,66603.36,7638.0,16371.14,19.730326787145447
5395,10622.32,568.0,14476.07,953.0,-3853.75,-36.27973926599839
5396,106146.0,5800.0,72075.18000000001,5937.0,34070.81999999999,32.09807246622576
5399,135047.37,67863.0,99725.2,68776.0,35322.17,26.155392733675598
5401,138351.16,24984.0,117953.44,25421.0,20397.72,14.743439809250605
5403,94132.47,10503.0,63196.00000000001,10675.0,30936.469999999994,32.86482337072425
5404,86022.81,15669.0,67901.76000000001,15718.0,18121.04999999999,21.06540114185992
5408,218.31,19.0,176.8,20.0,41.50999999999999,19.01424579726077
5410,68417.69,7581.0,46807.65,7611.0,21610.04,31.58545691910966
5414,3547.56,444.0,1703.55,277.0,1844.01,51.97967053411359
5415,106949.86,7614.0,64853.75,7675.0,42096.11,39.36060318358528
5417,10786.5,1350.0,7724.749999999999,1325.0,3061.750000000001,28.385018309924455
5430,18199.48,52.0,24526.62,89.0,-6327.139999999999,-34.76549879447105
5431,4917.58,242.0,4093.44,256.0,824.1399999999999,16.75905628378186
5434,4446.63,387.0,855.36,99.0,3591.27,80.76385937215375
5438,81078.84,8116.0,60583.170000000006,8067.0,20495.66999999999,25.278691703038664
5440,621256.18,18082.0,474284.16000000003,18298.0,146972.02000000002,23.657232673323268
5444,163818.05,8195.0,118962.9,8210.0,44855.149999999994,27.381079191212443
5445,661672.67,41133.0,521320.8,44330.0,140351.87000000005,21.21167706684939
5447,209580.21,20979.0,164159.45,21515.0,45420.75999999998,21.672256173424
5456,103.95,105.0,0.0,,103.95,100.0
5457,47302.299999999996,23770.0,37463.58,24327.0,9838.719999999994,20.799665132562254
5458,40613.05,2495.0,32883.09,2571.0,7729.960000000006,19.03319253294201
5459,353.88,12.0,264.12,12.0,89.75999999999999,25.364530349270936
5462,64185.85,3115.0,45187.8,3074.0,18998.049999999996,29.598501850485732
5463,1415.91,109.0,1175.52,124.0,240.3900000000001,16.97777401106003
5467,399.8,20.0,385.56000000000006,27.0,14.239999999999952,3.5617808904452106
5468,31924.88,512.0,24359.4,540.0,7565.48,23.697755480991624
5476,2624.75,25.0,4786.4,62.0,-2161.6499999999996,-82.35641489665682
5480,89183.85,8115.0,67604.2,8612.0,21579.65000000001,24.196813660769305
5485,119.96,4.0,85.68,4.0,34.27999999999999,28.576192064021335
5487,2784.0099999999998,199.0,1999.48,193.0,784.5299999999997,28.179855675805754
5489,60202.11,5789.0,44428.33,5869.0,15773.779999999999,26.201374004997497
5490,20366.28,20572.0,17109.12,22512.0,3257.16,15.992905920963473
5491,258819.4,130060.0,191657.12,131272.0,67162.28,25.949476739378884
5492,43347.11,289.0,35998.56,312.0,7348.550000000003,16.95280262052073
5495,7931.04,496.0,5764.98,494.0,2166.0600000000004,27.311172305271448
5502,29876.22,30178.0,25285.260000000002,32838.0,4590.959999999999,15.36660260233724
5505,198103.68,10432.0,155353.0,10714.0,42750.67999999999,21.579952477409805
5507,10085.59,1441.0,6510.36,1434.0,3575.2300000000005,35.44889292545107
5508,2469.8100000000004,19.0,5999.400000000001,60.0,-3529.59,-142.90937359553973
5513,527.52,48.0,379.68,48.0,147.83999999999997,28.025477707006363
5515,2437.7099999999996,249.0,1790.1,234.0,647.6099999999997,26.566326593401175
5517,3089.3399999999997,166.0,394.06000000000006,34.0,2695.2799999999997,87.24452472049046
5521,197.89,11.0,0.0,,197.89,100.0
5525,87027.78,3422.0,63840.0,3500.0,23187.78,26.64411294876188
5527,2854.7599999999998,124.0,5132.16,288.0,-2277.4,-79.7755327943505
5529,83.88,12.0,0.0,,83.88,100.0
5536,15403.619999999999,10338.0,12407.35,10789.0,2996.2699999999986,19.45172628252319
5537,729.27,73.0,287.6,40.0,441.66999999999996,60.56330302905645
5539,76002.85,6415.0,54568.560000000005,6504.0,21434.29,28.201955584560316
5549,8322.15,285.0,3271.44,129.0,5050.709999999999,60.6899659342838
5560,59087.82,3418.0,43294.149999999994,3385.0,15793.670000000006,26.72914654830726
5566,41930.18,2782.0,32123.52,2808.0,9806.66,23.388070358868003
5587,236196.4,12660.0,164295.75,12475.0,71900.65,30.441043978655053
5589,125.91,9.0,132.24,12.0,-6.3300000000000125,-5.0274005241839514
5595,399.98,2.0,2773.62,19.0,-2373.64,-593.4396719835992
5597,74995.57,7243.0,55836.340000000004,7318.0,19159.230000000003,25.547148984933376
5598,2789.41,559.0,13103.16,3284.0,-10313.75,-369.7466489329285
5603,476.19,481.0,78.21,99.0,397.98,83.57588357588358
5606,39600.36,3964.0,28666.53,3987.0,10933.830000000002,27.610430814265328
5609,2575.7,430.0,33560.28,7171.0,-30984.579999999998,-1202.9576425825987
5610,593.82,18.0,51.14,2.0,542.6800000000001,91.3879626822943
5614,1976.04,396.0,12971.490000000002,3251.0,-10995.45,-556.4386348454485
5616,178630.63999999998,8936.0,138358.48,8996.0,40272.159999999974,22.544934060584442
5623,5679.6,40.0,7252.65,71.0,-1573.0499999999993,-27.69649271075426
5626,88925.01,8599.0,63643.65,8659.0,25281.359999999993,28.429977123421178
5627,46481.04,2596.0,35858.4,2680.0,10622.64,22.85370551089218
5628,44336.04,4296.0,31667.76,4374.0,12668.280000000002,28.573323192599076
5629,19921.84,2216.0,1607.58,229.0,18314.260000000002,91.93056464663908
5630,79304.98,4102.0,45202.299999999996,3190.0,34102.68,43.001940105148506
5633,19516.98,1302.0,13897.52,1196.0,5619.459999999999,28.792671817053662
5635,1095.99,51.0,479.37,29.0,616.62,56.26146223961898
5640,2871.31,169.0,6378.04,503.0,-3506.73,-122.12996855094016
5641,18722.510000000002,1249.0,14629.8,1318.0,4092.7100000000028,21.859836101035608
5643,17508.32,1168.0,13034.070000000002,1217.0,4474.249999999998,25.55499328319335
5644,4944.089999999999,291.0,6332.77,503.0,-1388.6800000000012,-28.087676397476613
5645,299.88,12.0,225.48,12.0,74.4,24.80992396958784
5653,2308.8199999999997,118.0,56.2,4.0,2252.62,97.56585615162724
5654,35.97,3.0,9.52,1.0,26.45,73.53350013900473
5655,41268.99,2801.0,23205.600000000002,2640.0,18063.389999999996,43.76988629961624
5656,14794.21,9929.0,6668.839999999999,5749.0,8125.37,54.92263527420525
5658,280.87,13.0,214.08,16.0,66.78999999999999,23.779684551571897
5661,240509.2,17280.0,182012.74,17654.0,58496.46000000002,24.321921988847002
5662,38890.72,3628.0,26056.56,3624.0,12834.16,33.0005718587879
5667,44992.1,4190.0,30695.2,4148.0,14296.899999999998,31.776467424281147
5668,77415.37,5563.0,59545.05,6145.0,17870.319999999992,23.083684803159883
5669,47194.619999999995,2738.0,43538.52,3254.0,3656.0999999999985,7.746857586733401
5676,81574.08,40992.0,57869.26,40753.0,23704.82,29.059255096716996
5678,3306.63,337.0,900.9,130.0,2405.73,72.75473820778254
5680,6491.38,3262.0,1125.66,771.0,5365.72,82.65915722080666
5681,25087.170000000002,783.0,18635.4,783.0,6451.77,25.717408539903065
5683,65.66,134.0,2.34,6.0,63.31999999999999,96.43618641486444
5685,8838.45,555.0,5017.2,370.0,3821.250000000001,43.2343906454186
5688,1327.04,96.0,62.4,8.0,1264.6399999999999,95.29780564263322
5689,47382.079999999994,2392.0,32262.160000000003,2174.0,15119.919999999991,31.910629503812398
5691,1251.1,90.0,118.05000000000001,15.0,1133.05,90.56430341299657
5693,989.29,71.0,60.08,8.0,929.2099999999999,93.92695771715069
5694,105638.94,9906.0,74327.22,9603.0,31311.72,29.64032013195134
5696,24164.04,2196.0,23533.95,2805.0,630.0900000000001,2.6075523794862123
5697,48259.659999999996,2234.0,37744.020000000004,2493.0,10515.639999999992,21.789710080841832
5698,8986.35,565.0,6808.259999999999,466.0,2178.090000000001,24.23776060358211
5699,3044.79,21.0,3345.8999999999996,30.0,-301.1099999999997,-9.889351975013044
5702,34674.74,1126.0,25633.190000000002,1171.0,9041.549999999996,26.07532168950653
5705,34802.59,1741.0,27518.79,1721.0,7283.799999999996,20.928902130559813
5706,98547.38,3262.0,60873.0,2955.0,37674.380000000005,38.22971244897632
5707,28164.03,897.0,20220.480000000003,944.0,7943.549999999996,28.204592879641144
5708,59473.26,60074.0,25089.88,66026.0,34383.380000000005,57.81317519840009
5710,1903.93,7.0,9529.44,48.0,-7625.51,-400.51419957666513
5713,111350.93,7007.0,79415.43000000001,7097.0,31935.499999999985,28.68004784513249
5714,72707.22,7278.0,52036.32000000001,7288.0,20670.899999999994,28.4303264517609
5725,119485.22,11478.0,85840.0,11600.0,33645.22,28.15847851307467
5730,9016.69,4531.0,15024.15,9693.0,-6007.459999999999,-66.62600133751964
5731,94095.68000000001,7232.0,70247.76,7788.0,23847.920000000013,25.344330366707602
5734,1293182.98,60102.0,975128.98,61639.0,318054.0,24.594663316710218
5735,598769.43,46557.0,447044.09,48121.0,151725.34000000003,25.33952676909374
5736,19.99,1.0,0.0,,19.99,100.0
5737,2803.35,165.0,428.15999999999997,32.0,2375.19,84.72684466798653
5739,67076.93,33707.0,53117.01,34717.0,13959.919999999991,20.811805191442115
5740,44075.03,2297.0,29701.7,2114.0,14373.329999999998,32.61104983933079
5741,30399.61,2139.0,20380.219999999998,2086.0,10019.390000000003,32.958942565381605
5742,149.7,30.0,94.32,24.0,55.379999999999995,36.9939879759519
5747,114342.17,8783.0,81775.92,9209.0,32566.25,28.481399294765875
5748,9144.0,700.0,9397.199999999999,984.0,-253.1999999999989,-2.7690288713910642
5750,162655.16,12684.0,112700.61,12969.0,49954.55,30.711936836187675
5758,149258.31999999998,7568.0,101587.93000000001,7621.0,47670.38999999997,31.938179392612735
5759,62351.02,4798.0,51363.04,5441.0,10987.979999999996,17.622775056446542
5760,2855.65,1435.0,638.73,423.0,2216.92,77.63276311872953
5765,251755.31,17169.0,178782.52,17257.0,72972.79000000001,28.985601137866766
5767,86715.82,5918.0,59601.079999999994,5753.0,27114.740000000013,31.26850440899943
5771,35592.47,1153.0,25916.04,1158.0,9676.43,27.18673359842686
5773,40659.659999999996,2034.0,25072.18,1643.0,15587.479999999996,38.33647403839579
5776,75531.01999999999,3398.0,55516.32,3408.0,20014.69999999999,26.498649164277133
5780,53854.25,3775.0,39818.16,3814.0,14036.089999999997,26.063105511635566
5789,3532.98,202.0,1572.5,125.0,1960.48,55.49083210207814
5795,3399.99,1.0,2518.51,1.0,881.4799999999996,25.925958605760595
5798,35943.479999999996,2052.0,37707.12,2376.0,-1763.6400000000067,-4.906703524533537
5801,12040.380000000001,12162.0,11936.96,16352.0,103.42000000000189,0.8589429901714222
5802,14959.33,467.0,22659.6,821.0,-7700.269999999999,-51.47469839892561
5805,104528.74,7126.0,77944.2,7022.0,26584.540000000008,25.432756579673693
5808,39155.48,752.0,29314.28,769.0,9841.200000000004,25.13364668240564
5810,85808.85,5815.0,60865.200000000004,5742.0,24943.65,29.06885478595739
5815,83507.70999999999,3629.0,59682.29,3799.0,23825.41999999999,28.53080272468254
5817,90929.90999999999,3009.0,67685.73,2957.0,23244.179999999993,25.562743876024946
5818,111.87,113.0,19.5,25.0,92.37,82.56905336551354
5820,20369.44,1456.0,34084.01,2857.0,-13714.570000000003,-67.32914601481437
5822,16820.54,2246.0,14645.279999999999,2347.0,2175.260000000002,12.93216507912351
5825,383.52,48.0,304.32,48.0,79.19999999999999,20.650813516896118
5826,59965.42,6458.0,44994.74,6559.0,14970.68,24.965521795728275
5828,122713.42,13458.0,83669.37999999999,12658.0,39044.04000000001,31.817253565257985
5831,4781.16,684.0,21.36,4.0,4759.8,99.553246492483
5833,60981.06,894.0,47419.18,934.0,13561.879999999997,22.239495344948086
5836,49726.75,1925.0,38350.8,2010.0,11375.949999999997,22.876922380811127
5837,95.88,12.0,74.88,12.0,21.0,21.902377972465583
5838,15159.74,676.0,8300.25,465.0,6859.49,45.24807153684694
5847,188616.19,8181.0,142824.81,8251.0,45791.380000000005,24.277544785524512
5849,193756.31999999998,11168.0,138160.80000000002,11142.0,55595.51999999996,28.693525971178623
5855,24909.89,1311.0,19650.45,1345.0,5259.439999999999,21.113862807101913
5858,70921.61,35639.0,57660.52,36494.0,13261.090000000004,18.698235981952475
5866,39.98,2.0,0.0,,39.98,100.0
5872,59593.69,19931.0,47365.119999999995,20416.0,12228.570000000007,20.51990739288003
5875,73573.73,4027.0,49564.31999999999,4056.0,24009.410000000003,32.63312869960515
5877,37560.6,37940.0,22412.38,36149.0,15148.219999999998,40.33007992417586
5890,135768.74,5926.0,100643.06,6041.0,35125.67999999999,25.87169918495229
5891,291849.48,18252.0,208987.84000000003,17651.0,82861.63999999996,28.391909418512572
5893,37706.52,18948.0,29625.39,19363.0,8081.129999999997,21.431651608262968
5897,70779.07,5293.0,39194.84,5254.0,31584.23000000001,44.6236860699074
5903,69930.59,35141.0,59179.8,37220.0,10750.789999999994,15.373515367166208
5911,1034.64,36.0,267.12,14.0,767.5200000000001,74.18232428670842
5912,2915.47,153.0,1829.52,168.0,1085.9499999999998,37.24785369082858
5921,363394.82999999996,17317.0,257975.38999999998,17419.0,105419.43999999997,29.009614693747842
5925,6452.85,415.0,1812.45,129.0,4640.400000000001,71.91241079523002
5929,130097.76000000001,3224.0,131392.96,3767.0,-1295.1999999999825,-0.9955590319156783
5952,95078.22,47778.0,68336.08,48124.0,26742.14,28.126462611521337
5953,6916.54,346.0,3316.83,209.0,3599.71,52.044953112394346
5954,766.08,192.0,568.32,192.0,197.76,25.81453634085213
5959,2188.54,146.0,630.7,53.0,1557.84,71.18170104270428
5962,62893.10999999999,2589.0,49605.24,2874.0,13287.869999999995,21.127703813660982
5970,985.66,34.0,937.4000000000001,43.0,48.25999999999988,4.896211675425591
5977,44666.75,1825.0,31690.6,1930.0,12976.150000000001,29.051027889873343
5983,21856.44,756.0,15915.060000000001,743.0,5941.379999999997,27.183658454899323
5989,5851.43,1957.0,9616.3,4181.0,-3764.869999999999,-64.34102433080459
5990,16638.52,412.0,7439.04,189.0,9199.48,55.29025418126131
5992,699.8,20.0,636.24,24.0,63.559999999999945,9.082595027150607
6003,16198.38,162.0,19853.28,272.0,-3654.8999999999996,-22.563367447855896
6010,3418.2,180.0,8232.980000000001,542.0,-4814.780000000002,-140.8571762916155
6015,37433.79,1521.0,24219.5,1475.0,13214.29,35.3004331113681
6021,13741.58,642.0,8997.76,544.0,4743.82,34.521648893358694
6038,449.82,18.0,343.44,18.0,106.38,23.649459783913564
6040,318.83,17.0,100.68,12.0,218.14999999999998,68.42204309506633
6042,13182.81,1319.0,10566.57,1407.0,2616.24,19.845844702305502
6043,149.94,6.0,109.44,6.0,40.5,27.010804321728692
6044,3349.95,5.0,3664.0099999999998,7.0,-314.05999999999995,-9.375065299482081
6046,459.90000000000003,10.0,0.0,,459.90000000000003,100.0
6049,18434.149999999998,1085.0,26933.14,1846.0,-8498.990000000002,-46.10459391943758
6062,181.74,26.0,0.0,,181.74,100.0
6063,202.93,7.0,121.8,6.0,81.13000000000001,39.97930320800276
6064,27.96,4.0,4.99,1.0,22.97,82.15307582260371
6066,167.76,24.0,5.38,1.0,162.38,96.793037672866
6081,58917.93,29607.0,43421.86,29741.0,15496.07,26.30111071451424
6084,119.94,6.0,91.56,6.0,28.379999999999995,23.661830915457728
6090,354.88,12.0,431.67999999999995,19.0,-76.79999999999995,-21.641118124436417
6094,179.94,6.0,281.16,12.0,-101.22000000000003,-56.25208402800935
6096,84733.73,4827.0,58588.76,4588.0,26144.969999999994,30.85544564130482
6102,7850.78,422.0,2760.96,192.0,5089.82,64.832029428923
6105,47196.39,2361.0,24990.56,1684.0,22205.829999999998,47.049848515956405
6109,3604.81,119.0,9503.34,363.0,-5898.530000000001,-163.62942845808797
6115,22768.609999999997,1139.0,16349.34,1162.0,6419.269999999997,28.193508518965356
6116,36330.89,1311.0,26893.3,1442.0,9437.59,25.9767652265056
6120,33.83,17.0,0.0,,33.83,100.0
6126,74619.62,2638.0,49748.17,2747.0,24871.449999999997,33.33097917142971
6127,143.28,72.0,1.47,1.0,141.81,98.97403685092128
6129,83.58,42.0,7.25,5.0,76.33,91.32567599904283
6136,833.99,101.0,429.0,25.0,404.99,48.56053429897241
6140,1143.36,164.0,639.84,186.0,503.51999999999987,44.03862300587741
6145,14731.710000000001,1829.0,8848.95,1705.0,5882.76,39.93263511160619
6146,179.64000000000001,36.0,122.03999999999999,36.0,57.60000000000002,32.06412825651304
6150,44977.5,2250.0,24923.28,1838.0,20054.22,44.58722694680674
6156,32667.71,1629.0,31598.78,1882.0,1068.9300000000003,3.2721301860460996
6157,22901.38,3112.0,16178.92,2692.0,6722.460000000001,29.353951595930027
6159,783.84,16.0,95.43,3.0,688.4100000000001,87.82532149418249
6162,188476.25999999998,8574.0,119508.18,8422.0,68968.07999999999,36.592449362057586
6166,399.99,1.0,1503.7,5.0,-1103.71,-275.934398359959
6168,24732.670000000002,3383.0,17564.64,2967.0,7168.0300000000025,28.98203065014817
6173,35939.020000000004,4498.0,24927.24,4524.0,11011.780000000002,30.640178836262095
6174,98663.76,10484.0,56306.399999999994,9708.0,42357.36,42.93102148144364
6183,81789.09,8691.0,53334.96,8904.0,28454.129999999997,34.789640036342256
6184,79.84,16.0,121.32,36.0,-41.47999999999999,-51.953907815631254
6186,8612.28,672.0,5213.6,665.0,3398.6800000000003,39.46318512635446
6193,42088.5,2150.0,26288.01,1987.0,15800.490000000002,37.541109804340856
6195,31109.17,1083.0,20391.84,1071.0,10717.329999999998,34.45071019252522
6198,3778.1099999999997,189.0,8315.52,426.0,-4537.410000000001,-120.09735026243284
6199,227.88,12.0,189.93,13.0,37.94999999999999,16.653501843075297
6204,103.92,8.0,0.0,,103.92,100.0
6206,47850.58,3742.0,29281.02,3651.0,18569.56,38.807387496661484
6212,464.07,93.0,386.4,120.0,77.67000000000002,16.73669920486134
6213,103390.6,12940.0,71685.1,13010.0,31705.5,30.665747176242323
6214,28259.8,2020.0,18505.04,2038.0,9754.759999999998,34.518149456117875
6215,94.81,19.0,118.08,36.0,-23.269999999999996,-24.54382449108743
6216,51799.17,6483.0,35478.0,6570.0,16321.169999999998,31.508555059859066
6220,1169.91,9.0,866.61,9.0,303.30000000000007,25.925071159319952
6224,51887.46,3054.0,33336.159999999996,2728.0,18551.300000000003,35.7529545674427
6225,33691.56,8444.0,26197.18,8791.0,7494.379999999997,22.244087243214615
6226,39464.04,4896.0,25173.2,4888.0,14290.84,36.21230872460093
6227,23504.12,988.0,19695.690000000002,1071.0,3808.4299999999967,16.203244367370473
6231,210520.44999999998,12487.0,132801.37,12931.0,77719.07999999999,36.917591616396415
6232,37427.11,289.0,49472.200000000004,470.0,-12045.090000000004,-32.18279477095614
6234,92977.79,10071.0,51193.04,11276.0,41784.74999999999,44.94057129127289
6236,15032.07,1393.0,8501.9,1310.0,6530.17,43.441588550346026
6240,11812.49,1351.0,6742.879999999999,1258.0,5069.610000000001,42.917369665498136
6241,7415.62,1238.0,5175.9,1278.0,2239.7200000000003,30.202734228560796
6242,0.0,,412.68,12.0,-412.68,0.0
6245,7154.49,651.0,4980.0599999999995,657.0,2174.4300000000003,30.39252273746976
6249,110736.63,8789.0,70552.16,8999.0,40184.47,36.28832663591081
6254,9227.75,425.0,7072.709999999999,431.0,2155.040000000001,23.35390533987159
6256,111971.07,11737.0,60626.799999999996,11659.0,51344.27000000001,45.854942709755306
6257,3942.37,263.0,2553.74,259.0,1388.63,35.223228667020095
6258,2350.04,196.0,1603.8,198.0,746.24,31.754353117393748
6260,1479.55,45.0,5567.639999999999,258.0,-4088.0899999999992,-276.3063093508161
6264,204172.08,27492.0,135590.53,28307.0,68581.54999999999,33.59007264852275
6265,828.34,166.0,525.45,155.0,302.89,36.56590289011758
6266,24772.2,3180.0,15959.24,3154.0,8812.960000000001,35.57600859027458
6267,35099.03,1997.0,22558.2,1834.0,12540.829999999998,35.72984780491084
6269,51911.28,5540.0,29969.97,5581.0,21941.309999999998,42.26694082673361
6270,8004.150000000001,8085.0,3917.76,5088.0,4086.3900000000003,51.05339105339105
6273,57851.85,7215.0,33524.04,7194.0,24327.809999999998,42.051913638025404
6278,78158.11,6981.0,55945.5,7410.0,22212.61,28.420096135896838
6280,9925.18,782.0,5491.330000000001,797.0,4433.849999999999,44.67274145154042
6281,252407.0,18500.0,166001.92,18527.0,86405.07999999999,34.232442047962216
6285,52268.42,5158.0,33093.38,4999.0,19175.04,36.685708119740376
6288,103053.05,6595.0,66174.68000000001,6578.0,36878.369999999995,35.78581128845774
6290,82.94,6.0,0.0,,82.94,100.0
6293,61499.65,6285.0,38190.42,6462.0,23309.230000000003,37.90140269090963
6295,59.88,12.0,41.04,12.0,18.840000000000003,31.46292585170341
6296,20487.7,2630.0,13787.88,2582.0,6699.8200000000015,32.70166978235722
6312,37433.06,3694.0,25150.5,3726.0,12282.559999999998,32.812065056930955
6314,19627.63,1637.0,12918.06,1669.0,6709.5700000000015,34.18431058665769
6319,101738.98,8914.0,61091.52,9091.0,40647.46,39.952690699277696
6322,18972.02,1498.0,12288.960000000001,1506.0,6683.0599999999995,35.22587473553159
6329,68419.5,6750.0,41986.4,6772.0,26433.1,38.63386899933498
6342,0.0,,140.94,29.0,-140.94,0.0
6343,1072.8500000000001,215.0,701.76,204.0,371.09000000000015,34.58917835671343
6344,7275.17,683.0,4203.7,635.0,3071.4700000000003,42.2185323504468
6346,5936.5199999999995,348.0,11997.72,828.0,-6061.2,-102.10022033110309
6349,383345.58,54842.0,255349.13,55151.0,127996.45000000001,33.38931154495117
6351,208058.84999999998,11715.0,137759.96,12322.0,70298.88999999998,33.78798354407899
6355,229.54000000000002,46.0,270.48,84.0,-40.94,-17.83567134268537
6356,39386.24,5056.0,26486.280000000002,5133.0,12899.959999999995,32.752453648786975
6357,13724.19,981.0,9264.4,1007.0,4459.790000000001,32.49583399821775
6358,27837.420000000002,2058.0,17707.05,2071.0,10130.370000000003,36.391195735811735
6359,1829.3899999999999,61.0,1039.74,62.0,789.6499999999999,43.16466144452522
6360,37059.51,2649.0,24659.38,2663.0,12400.130000000001,33.46004844640418
6361,18049.41,2259.0,12209.4,2261.0,5840.01,32.35568364838519
6362,21005.71,2629.0,14595.109999999999,2759.0,6410.6,30.518368576925038
6365,334.7,30.0,445.79999999999995,60.0,-111.09999999999997,-33.193904989542865
6366,1641.25,75.0,161.04,12.0,1480.21,90.18796648895659
6368,21132.72,3528.0,14925.82,3614.0,6206.9000000000015,29.371041683228665
6373,59.88,12.0,0.0,,59.88,100.0
6375,9612.99,1751.0,6621.36,1761.0,2991.63,31.12070229970072
6378,13791.98,1302.0,8665.58,1309.0,5126.4,37.169427449865786
6383,753.49,151.0,379.62,114.0,373.87,49.618442182378004
6385,112858.04,10096.0,73492.16,10682.0,39365.87999999999,34.880882212733795
6389,349.5,50.0,283.2,60.0,66.30000000000001,18.969957081545065
6390,28211.7,830.0,34818.78,1097.0,-6607.079999999998,-23.419645040887286
6394,4183.01,299.0,3043.62,333.0,1139.3900000000003,27.238519630600937
6395,304.39,61.0,232.88,71.0,71.50999999999999,23.492887414172607
6396,61868.18,7942.0,40929.28,7994.0,20938.9,33.84437686707448
6398,39771.39,4461.0,24260.55,4105.0,15510.84,38.99999471982247
6402,105921.5,2350.0,71680.4,2420.0,34241.100000000006,32.32686470640994
6411,8250.28,172.0,14854.519999999999,436.0,-6604.239999999998,-80.04867713580627
6416,559.7199999999999,28.0,308.7,21.0,251.01999999999992,44.847423711855924
6420,171189.35,29537.0,95244.18,29951.0,75945.17000000001,44.363256242283775
6426,7277.08,492.0,4912.28,541.0,2364.8,32.496550814337624
6427,59.88,12.0,41.04,12.0,18.840000000000003,31.46292585170341
6429,33142.04,3496.0,23478.399999999998,4048.0,9663.640000000003,29.158253384523107
6431,391.69,131.0,271.91999999999996,132.0,119.77000000000004,30.57775281472594
6432,7928.91,8009.0,2994.56,4679.0,4934.35,62.23238755390086
6433,37473.18,682.0,26046.350000000002,667.0,11426.829999999998,30.493355514530652
6434,233.73999999999998,26.0,258.72,42.0,-24.980000000000047,-10.687088217677783
6438,28280.32,4868.0,15839.179999999998,4919.0,12441.140000000001,43.99221790983978
6445,131.88,12.0,90.96,12.0,40.92,31.028207461328485
6446,7592.5,450.0,4713.8,481.0,2878.7,37.91504774448469
6448,58171.86,5764.0,34907.67,5789.0,23264.190000000002,39.992171472598606
6450,19.99,1.0,13.6,1.0,6.389999999999999,31.965982991495746
6451,183749.32,19856.0,104511.96,17332.0,79237.36,43.122532371820476
6455,93958.81,7707.0,37611.84,6176.0,56346.97,59.96986339013872
6456,2084.52,348.0,1587.9,395.0,496.6199999999999,23.824189741523224
6457,414.63,37.0,340.32,48.0,74.31,17.922002749439258
6459,107581.11,9789.0,75902.4,10080.0,31678.710000000006,29.446349828515437
6460,21678.44,2956.0,13713.56,2881.0,7964.879999999999,36.74102011030314
6461,3158.82,218.0,399.35,35.0,2759.4700000000003,87.35762088374773
6465,4755.96,4804.0,4080.96,5668.0,675.0,14.192718189387632
6472,1603.98,402.0,1197.8200000000002,442.0,406.15999999999985,25.32201149640269
6477,24005.97,2403.0,21559.2,2764.0,2446.7700000000004,10.192339655510693
6478,32049.55,3345.0,13149.92,2786.0,18899.629999999997,58.970032340547675
6479,567452.47,61253.0,368120.55,61869.0,199331.91999999998,35.1275094458572
6481,14568.77,923.0,10474.42,1034.0,4094.3500000000004,28.103607922974966
6483,5013.11,539.0,3404.52,579.0,1608.5899999999997,32.087666139382534
6486,79.84,16.0,128.4,60.0,-48.56,-60.82164328657315
6495,54131.93,3907.0,47573.340000000004,4317.0,6558.5899999999965,12.115936010410115
6498,126520.53,7647.0,74084.22,7614.0,52436.31,41.444902262107185
6499,122534.13999999998,6986.0,86376.16,6812.0,36157.97999999998,29.508494530585505
6505,945.14,86.0,286.56,36.0,658.5799999999999,69.68068222697165
6506,4825.9400000000005,106.0,5380.0199999999995,162.0,-554.079999999999,-11.48128654728403
6510,3233.02,98.0,13015.98,501.0,-9782.96,-302.59509684443645
6520,2015.64,36.0,399.9,10.0,1615.7400000000002,80.16014764541288
6523,73413.34999999999,4465.0,44998.380000000005,4473.0,28414.969999999987,38.705453435921385
6524,112071.9,14510.0,65839.99,14407.0,46231.90999999999,41.25200875509382
6525,7078.2300000000005,177.0,1999.2,68.0,5079.030000000001,71.75565077710105
6526,88448.17,10583.0,57380.63,10847.0,31067.54,35.125135997726126
6527,76.86,14.0,129.24,36.0,-52.38000000000001,-68.14988290398128
6529,74948.58,2142.0,52294.69,2257.0,22653.89,30.225909550254322
6530,25180.48,3052.0,15488.98,2906.0,9691.5,38.488146373698996
6532,1049.85,15.0,204.36,4.0,845.4899999999999,80.53436205172167
6535,47198.29,3871.0,28074.480000000003,3932.0,19123.809999999998,40.51801452976368
6542,57378.62,8088.0,26463.43,7133.0,30915.190000000002,53.87928465341272
6543,323.64,36.0,280.32,48.0,43.31999999999999,13.385242862439748
6545,1689.8700000000001,13.0,379.52,4.0,1310.3500000000001,77.54146768686348
6547,5432.75,525.0,3556.3999999999996,523.0,1876.3500000000004,34.537757121163324
6552,92281.86,4014.0,56113.89,4011.0,36167.97,39.192935643039704
6553,68768.72,4928.0,39203.1,5065.0,29565.620000000003,42.99283162461073
6559,379.98,2.0,0.0,,379.98,100.0
6560,72075.0,3900.0,73918.72,5372.0,-1843.7200000000012,-2.5580575789108586
6563,17275.77,2223.0,10137.82,2233.0,7137.950000000001,41.31769524600061
6565,352579.31,37769.0,228698.19999999998,38180.0,123881.11000000002,35.135672027947415
6566,19490.49,1951.0,10260.88,1757.0,9229.610000000002,47.35442772346925
6567,127212.9,13410.0,80661.59999999999,13180.0,46551.3,36.59322285711591
6568,2809.37,563.0,1774.22,551.0,1035.1499999999999,36.846339214841755
6569,123470.48999999999,6051.0,80372.16,6192.0,43098.32999999999,34.90577384118261
6570,2326007.78,214238.0,1460072.3599999999,215668.0,865935.4199999999,37.2283974045865
6572,82308.23999999999,4676.0,55272.0,4700.0,27036.23999999999,32.84754964994999
6574,202573.38,12162.0,121588.29000000001,12171.0,80985.09,39.97815013996409
6575,314527.77,31723.0,197538.0,33825.0,116989.77000000002,37.19537069811038
6579,605967.38,56157.0,318768.0,54960.0,287199.38,47.395188170029876
6581,110289.15,8241.0,63736.74,8109.0,46552.409999999996,42.20941951225483
6584,38032.19,2981.0,23352.3,2883.0,14679.890000000003,38.598592402909226
6585,19040.170000000002,2383.0,11783.199999999999,2288.0,7256.970000000003,38.11399793174117
6586,63120.66,5834.0,39282.100000000006,5863.0,23838.559999999998,37.76665199635111
6588,225.09,41.0,200.86999999999998,53.0,24.220000000000027,10.760140388289141
6590,96892.04,6196.0,60691.4,6193.0,36200.63999999999,37.36183075513736
6592,4935.51,549.0,2906.46,482.0,2029.0500000000002,41.111252940425615
6593,34157.7,3040.0,24319.68,3102.0,9838.019999999997,28.801763584784684
6595,502198.46,62368.0,283082.24,63188.0,219116.22000000003,43.63140022372829
6596,50342.43,4657.0,28656.0,4800.0,21686.43,43.077837124668
6598,441.85999999999996,14.0,5906.4,240.0,-5464.54,-1236.7129860136697
6599,162703.12,13838.0,80521.18,13931.0,82181.94,50.51036513620637
6600,23721.699999999997,330.0,33964.56,586.0,-10242.86,-43.179283103656154
6608,35880.89,411.0,27891.28,443.0,7989.610000000001,22.26703406743813
6616,43.98,2.0,34.62,2.0,9.36,21.282401091405184
6624,16252.050000000001,395.0,6324.01,191.0,9928.04,61.087924292627704
6633,113.88,12.0,0.0,,113.88,100.0
6635,9543.57,943.0,6187.14,929.0,3356.4299999999994,35.169543472725614
6638,59226.299999999996,2370.0,39633.659999999996,2442.0,19592.64,33.080979227133895
6646,12172.589999999998,641.0,9030.960000000001,666.0,3141.6299999999974,25.80905131939873
6647,163534.03,18847.0,89924.79000000001,18021.0,73609.23999999999,45.01157343214742
6648,14334.22,1778.0,8487.199999999999,1648.0,5847.02,40.79063946276813
6649,161133.81,12819.0,104584.43,13289.0,56549.380000000005,35.094670696361
6650,341002.63,26137.0,190780.38,25851.0,150222.25,44.05310598337614
6651,78422.24,6276.0,48601.810000000005,6239.0,29820.43,38.02547593641803
6652,7.99,1.0,0.0,,7.99,100.0
6654,1584665.41,38506.0,1098336.0,40380.0,486329.4099999999,30.68972206568199
6655,33873.54,4846.0,23073.43,4817.0,10800.11,31.883617714593754
6658,42582.64,3836.0,39884.48,3616.0,2698.159999999996,6.336291033153407
6659,18625.58,2042.0,11727.45,1971.0,6898.130000000001,37.03578626813233
6660,112155.18000000001,7482.0,76953.11,7493.0,35202.07000000001,31.386931927709448
6670,65138.87,6113.0,44533.24,6151.0,20605.630000000005,31.633385718849595
6681,102029.47,4253.0,66213.63,4167.0,35815.84,35.10342649040517
6682,1016328.61,101339.0,612328.41,101547.0,404000.19999999995,39.750942364989605
6686,119.76,24.0,120.61999999999999,37.0,-0.8599999999999852,-0.7181028724114772
6687,18676.73,1327.0,20411.74,2029.0,-1735.010000000002,-9.289688291258706
6688,251277.02,26194.0,155219.96,26716.0,96057.06,38.22755459293492
6692,78134.03,6805.0,44715.92,6694.0,33418.11,42.77023724489828
6694,25341.11,3089.0,16000.77,3083.0,9340.34,36.85844858413858
6698,8340.18,182.0,3548.93,121.0,4791.25,57.44780088679141
6717,16299.8,820.0,15703.500000000002,950.0,596.2999999999975,3.658327096037973
6721,18759.16,1084.0,11245.65,1027.0,7513.51,40.05248635866425
6724,15056.52,1948.0,8713.66,1882.0,6342.860000000001,42.12699880184797
6725,312013.94,22806.0,192643.0,22825.0,119370.94,38.25820730958367
6727,137534.81,7589.0,81139.52,7832.0,56395.28999999999,41.00437554681611
6734,15552.62,1538.0,9962.15,1535.0,5590.470000000001,35.94551914725622
6735,35440.95,3505.0,23037.84,3528.0,12403.109999999997,34.99655060036483
6738,4378.77,4423.0,3449.94,4423.0,928.8300000000004,21.212121212121218
6742,61527.719999999994,3328.0,56804.52,4548.0,4723.199999999997,7.676539940046531
6743,8881.82,768.0,5119.5199999999995,784.0,3762.3,42.359561441236146
6748,25140.03,4197.0,15731.16,4044.0,9408.869999999999,37.42585032714758
6754,2816.43,357.0,1892.72,401.0,923.7099999999998,32.79719361035069
6755,41432.36,2764.0,28807.239999999998,2786.0,12625.120000000003,30.47164100717411
6762,4827.889999999999,611.0,2886.4,640.0,1941.4899999999993,40.21404795883915
6764,9030.98,502.0,7139.599999999999,520.0,1891.38,20.94324204017726
6768,2114.47,353.0,1304.68,338.0,809.7899999999997,38.2975402819619
6774,1799.28,72.0,979.51,49.0,819.77,45.56100217864923
6782,24328.77,1623.0,15748.800000000001,1632.0,8579.97,35.266764411024475
6783,14503.35,1065.0,8581.12,1024.0,5922.23,40.833531563397415
6784,265.78000000000003,22.0,271.08,36.0,-5.2999999999999545,-1.9941304838588132
6798,273.65,35.0,236.13,51.0,37.51999999999998,13.710944637310426
6814,6683.969999999999,403.0,12277.199999999999,780.0,-5593.23,-83.68125530186401
6824,216815.21,14579.0,164833.5,16050.0,51981.70999999999,23.97512148709493
6828,44889.15,4285.0,27651.739999999998,4177.0,17237.410000000003,38.39994742604839
6829,260.71,29.0,208.79999999999998,36.0,51.91,19.911012235817573
6842,509.66,34.0,450.72,48.0,58.94,11.56457246007142
6846,4003.34,266.0,8605.8,630.0,-4602.459999999999,-114.96550380432336
6854,110356.38,7362.0,72273.8,7330.0,38082.58,34.508725277143014
6855,175192.36,8764.0,122856.72,8088.0,52335.639999999985,29.87324333093063
6857,133893.24,13892.0,74455.05,13865.0,59438.18999999999,44.3922262244158
6859,44891.62,4688.0,26001.36,5544.0,18890.260000000002,42.07970218049605
6861,70945.56,11844.0,48890.94,11838.0,22054.619999999995,31.08668111154524
6862,8005.139999999999,286.0,7006.74,338.0,998.3999999999996,12.471986748514077
6863,4361.78,362.0,2530.3799999999997,362.0,1831.4,41.98744549243658
6864,127023.29,12155.0,67679.33,12283.0,59343.95999999999,46.718959963956216
6867,95711.78,5022.0,61903.659999999996,4859.0,33808.12,35.32284113825905
6869,49876.53,4447.0,32735.199999999997,4814.0,17141.33,34.367527171597544
6872,205.82,18.0,79.44,12.0,126.38,61.403167816538726
6873,91025.9,6210.0,57454.0,6245.0,33571.899999999994,36.88170070276701
6876,114498.85,19115.0,76835.38,19354.0,37663.47,32.89419064034267
6877,1253.34,66.0,149.16,11.0,1104.1799999999998,88.09899947340705
6879,20146.5,20350.0,7648.64,10336.0,12497.86,62.03489439853076
6881,52734.89,4311.0,46500.3,3355.0,6234.5899999999965,11.822514468125366
6891,1412.17,283.0,1019.16,298.0,393.0100000000001,27.830218741369674
6892,798.4,160.0,528.84,156.0,269.55999999999995,33.762525050100194
6896,53904.59,2929.0,20381.8,2018.0,33522.78999999999,62.18911970205134
6904,6149.179999999999,82.0,35300.159999999996,612.0,-29150.979999999996,-474.0628831811721
6916,374.75,25.0,11.1,1.0,363.65,97.03802535023348
6918,190349.34,11466.0,124479.59999999999,11368.0,65869.74,34.60465899172543
6919,940.8,120.0,633.15,135.0,307.65,32.700892857142854
6929,10206.73,627.0,6198.450000000001,465.0,4008.279999999999,39.27095161721726
6932,14927.08,2492.0,9735.6,2440.0,5191.48,34.77893868057249
6933,167048.27,18761.0,100639.58,19133.0,66408.68999999999,39.75419200689716
6935,462.59000000000003,41.0,412.11,57.0,50.48000000000002,10.912471086707455
6937,945345.02,87974.0,599076.0,88752.0,346269.02,36.628851125698006
6938,150520.81,18819.0,89846.33,19157.0,60674.479999999996,40.30969538364828
6940,0.0,,78.84,12.0,-78.84,0.0
6941,646.35,65.0,390.6,63.0,255.75,39.568345323741006
6942,8048.0,700.0,1521.84,204.0,6526.16,81.09045725646124
6946,40730.32,4468.0,21229.28,4432.0,19501.04,47.878435524199176
6950,65968.29,1971.0,46263.840000000004,1967.0,19704.44999999999,29.869578247367016
6952,7374.3099999999995,369.0,7684.299999999999,598.0,-309.9899999999998,-4.203647527700894
6957,265.81,19.0,32.28,3.0,233.53,87.85598735939205
6958,57063.47,7103.0,37507.21,7037.0,19556.260000000002,34.27106693651824
6960,147959.32,19968.0,94530.0,20550.0,53429.32000000001,36.11081748686058
6967,923055.25,46511.0,549995.73,46257.0,373059.52,40.415730261000085
6968,1828.78,122.0,1274.63,131.0,554.1499999999999,30.301621846258154
6974,62984.8,4020.0,38717.119999999995,4264.0,24267.680000000008,38.52942297189164
6975,41213.020000000004,5863.0,27815.53,5807.0,13397.490000000005,32.507906481980704
6976,167311.09,8491.0,108799.59999999999,8540.0,58511.490000000005,34.971674621210106
6980,45177.399999999994,2260.0,28911.16,2071.0,16266.239999999994,36.00525926680154
6981,638.29,71.0,440.64,72.0,197.64999999999998,30.96554857509909
6983,408147.97,25703.0,194973.52,23576.0,213174.44999999998,52.22969747956851
6984,100693.67,5733.0,56805.68,5183.0,43887.99,43.585649425629235
6986,101.9,10.0,0.0,,101.9,100.0
6987,11326.87,1113.0,6231.0,930.0,5095.870000000001,44.98921590871971
6990,11475.88,712.0,5721.009999999999,461.0,5754.87,50.14752681275859
6995,43827.3,6270.0,29812.96,6224.0,14014.340000000004,31.976279624800075
7017,20770.51,649.0,15379.59,601.0,5390.919999999998,25.954682865273888
7032,299.88,12.0,220.44,12.0,79.44,26.490596238495396
7070,21806.31,2069.0,25862.100000000002,2766.0,-4055.790000000001,-18.59915776671982
7077,44647.02,45098.0,38038.22,51403.0,6608.799999999996,14.802331712172496
7111,31619.899999999998,510.0,33029.36,676.0,-1409.4600000000028,-4.457509353287022
7127,19785.81,419.0,10232.24,332.0,9553.570000000002,48.28495775507801
7130,59042.74999999999,3025.0,67254.72,3804.0,-8211.970000000008,-13.908515440083685
7143,100067.21999999999,5078.0,106105.5,5814.0,-6038.280000000013,-6.034223794765173
7159,93696.16,12684.0,60184.72,12751.0,33511.44,35.766076219132145
7162,31.96,4.0,123.6,24.0,-91.63999999999999,-286.73341677096363
7193,1171.98,102.0,80.19,9.0,1091.79,93.15773306711718
7195,551.88,12.0,418.08,12.0,133.8,24.244400956729724
7198,70838.75,6825.0,57979.0,7835.0,12859.75,18.1535529635969
7202,6562.06,594.0,1690.99,203.0,4871.070000000001,74.23080557020204
7205,1114.53,97.0,53.46,6.0,1061.07,95.20335926354606
7211,6454.17,583.0,1715.35,203.0,4738.82,73.42260894894308
7215,2485.85,415.0,1675.34,422.0,810.51,32.60494398294346
7219,15958.53,347.0,1431.62,47.0,14526.91,91.02912360975604
7221,152912.73,14577.0,100156.0,14600.0,52756.73000000001,34.50120209089198
7222,284.62,38.0,176.39999999999998,36.0,108.22000000000003,38.02262666010822
7224,59537.67,4733.0,29322.7,2530.0,30214.969999999998,50.74933231347482
7230,272.79,21.0,246.96,36.0,25.830000000000013,9.468822170900697
7241,3788.77,123.0,641.0799999999999,31.0,3147.69,83.07946906251897
7254,93075.51,11649.0,62787.03999999999,11714.0,30288.47,32.541825449035954
7261,28191.15,5135.0,18627.6,5160.0,9563.550000000003,33.92394421653605
7262,42816.51,7799.0,27994.82,7798.0,14821.690000000002,34.616763486795165
7265,26456.27,1573.0,17430.600000000002,1668.0,9025.669999999998,34.11542897014582
7266,28262.46,1854.0,18280.0,2000.0,9982.46,35.32056303662172
7269,12176.76,1524.0,8410.24,1546.0,3766.5200000000004,30.932037750600326
7271,41.94,6.0,0.0,,41.94,100.0
7272,5253.08,292.0,5883.360000000001,412.0,-630.2800000000007,-11.998294333990737
7278,4144.84,116.0,692.0,25.0,3452.84,83.30454251551328
7279,56958.13,6787.0,31007.11,6697.0,25951.019999999997,45.56157303619342
7282,32804.840000000004,3416.0,21077.28,3444.0,11727.560000000005,35.74948086928637
7284,8687.93,907.0,5808.88,943.0,2879.05,33.13850364816475
7293,66192.2,7880.0,47882.64,8034.0,18309.559999999998,27.661204794522614
7294,13.98,2.0,0.0,,13.98,100.0
7300,569.62,38.0,399.6,36.0,170.01999999999998,29.84796882131947
7302,147412.15,13085.0,88448.34000000001,13777.0,58963.80999999998,39.999287711358924
7311,95.94,6.0,0.0,,95.94,100.0
7316,63.96,4.0,12.02,1.0,51.94,81.20700437773608
7320,87156.15,4785.0,63084.299999999996,4790.0,24071.85,27.619221363036345
7321,610.59,41.0,204.32,16.0,406.27000000000004,66.5372836109337
7327,3886.56,144.0,7531.2,360.0,-3644.64,-93.77547239718415
7328,532.59,41.0,398.84000000000003,59.0,133.75,25.1131264199478
7340,57311.81999999999,3018.0,38301.439999999995,2602.0,19010.379999999997,33.170086031118885
7341,105448.86,106514.0,82089.0,109452.0,23359.86,22.15278572001632
7344,3198.09,291.0,363.78000000000003,47.0,2834.31,88.62508559796628
7345,290794.5,26350.0,181460.25,26883.0,109334.25,37.59845870537441
7353,46049.719999999994,2428.0,30578.88,2544.0,15470.839999999993,33.595948031822985
7358,29776.319999999996,1568.0,19823.829999999998,1399.0,9952.489999999998,33.424177332860474
7361,2132.5,150.0,1444.8,168.0,687.7,32.24853458382181
7363,12133.929999999998,607.0,13085.800000000001,910.0,-951.8700000000026,-7.844696648159358
7371,10294.31,869.0,5990.460000000001,839.0,4303.8499999999985,41.80804735820078
7374,64214.11,6189.0,54104.82,7887.0,10109.29,15.743097584004515
7375,545.09,91.0,381.12,96.0,163.97000000000003,30.08127098277349
7383,15872.06,794.0,13876.8,944.0,1995.2600000000002,12.570895019298064
7393,15065.79,1221.0,19462.74,1594.0,-4396.950000000001,-29.184994613624642
7404,4901.49,4951.0,3431.12,4456.0,1470.37,29.99842904912588
7412,69.86,14.0,79.2,24.0,-9.340000000000003,-13.369596335528206
7413,17527.56,2044.0,10520.13,2027.0,7007.430000000002,39.97949514935337
7423,39193.29,4571.0,26600.61,4863.0,12592.68,32.12968342285121
7424,960.38,62.0,294.96,24.0,665.4200000000001,69.28715716695476
7428,143.88,12.0,0.0,,143.88,100.0
7430,1870.44,156.0,1602.27,171.0,268.1700000000001,14.337268236350809
7433,503.58,42.0,422.87,49.0,80.70999999999998,16.02724492632749
7436,49.99,1.0,592.48,16.0,-542.49,-1085.1970394078814
7439,47.96,4.0,131.18,14.0,-83.22,-173.51959966638867
7450,143.88,12.0,111.48,12.0,32.39999999999999,22.518765638031688
7454,35.97,3.0,0.0,,35.97,100.0
7458,743.38,62.0,733.04,77.0,10.340000000000032,1.3909440662918067
7473,4986.28,172.0,7467.88,358.0,-2481.6000000000004,-49.76856494220141
7485,8993.460000000001,2254.0,6495.150000000001,2279.0,2498.3100000000004,27.77918620864495
7489,16537.95,16705.0,14911.5,19882.0,1626.4500000000007,9.834653025314507
7535,90652.66,15134.0,66977.40000000001,15085.0,23675.259999999995,26.116453725682177
7537,46980.27,573.0,26926.8,380.0,20053.469999999998,42.68487601284539
7590,4696.4,260.0,53.08,4.0,4643.32,98.86977259177242
7629,9154.68,532.0,3326.6800000000003,218.0,5828.0,63.66142781615524
7633,149.97,3.0,0.0,,149.97,100.0
7680,20576.96,1104.0,26312.16,1337.0,-5735.200000000001,-27.871949986781335
7700,47.96,4.0,110.64,12.0,-62.68,-130.69224353628024
7715,244003.85,45565.0,139664.0,46400.0,104339.85,42.761558885238905
7716,140239.79,23971.0,91452.7,24130.0,48787.09000000001,34.78833646285409
7718,52191.44,8906.0,33425.439999999995,9083.0,18766.000000000007,35.95608781823228
7725,44365.59,4441.0,28110.170000000002,4631.0,16255.419999999995,36.639702075414746
7728,42907.05,4295.0,27418.190000000002,4517.0,15488.86,36.09863647116266
7740,23498.77,3923.0,16810.0,4100.0,6688.77,28.464340899544954
7750,923.67,33.0,1066.08,48.0,-142.40999999999997,-15.417844035207375
7770,175.84,16.0,216.89999999999998,30.0,-41.059999999999974,-23.35077343039125
7780,2529.45,55.0,829.92,24.0,1699.5299999999997,67.18970527189705
7788,21978.44,1556.0,12449.44,1564.0,9528.999999999998,43.356125366495526
7792,3817.17,83.0,3018.12,84.0,799.0500000000002,20.93304725752325
7818,15360.84,2616.0,9913.12,2672.0,5447.719999999999,35.464987591824396
7828,5409.65,735.0,2543.2200000000003,398.0,2866.4299999999994,52.9873466860148
7830,263.76,24.0,212.7,30.0,51.06,19.358507734303913
7832,239.6,40.0,236.4,60.0,3.1999999999999886,1.3355592654423993
7838,1753.83,117.0,1123.8500000000001,133.0,629.9799999999998,35.92024312504632
7849,53213.37,5863.0,48547.2,6224.0,4666.1700000000055,8.768792504590492
7851,361.35,365.0,67.15,85.0,294.20000000000005,81.41690881416909
7855,519.48,52.0,0.0,,519.48,100.0
7860,33681.77,5623.0,22926.31,5633.0,10755.459999999995,31.932585490608112
7865,834892.1,23290.0,577389.36,24088.0,257502.74,30.842637030581553
7867,64000.63,7037.0,57815.04,7528.0,6185.5899999999965,9.664889236246575
7868,56628.01,1599.0,41205.8,1790.0,15422.21,27.234243265832575
7872,48416.270000000004,1073.0,15121.5,593.0,33294.770000000004,68.76773035180116
7874,1048.25,175.0,694.26,174.0,353.99,33.769616026711184
7878,471064.4,31160.0,311688.0,31200.0,159376.40000000002,33.833250825152575
7890,3118.96,104.0,1932.27,87.0,1186.69,38.047618436914874
7891,33877.05,795.0,28156.68,783.0,5720.370000000003,16.885679243027365
7898,1738.26,174.0,0.0,,1738.26,100.0
7902,156.42000000000002,158.0,4.32,6.0,152.10000000000002,97.23820483314155
7909,19236.05,395.0,17184.0,400.0,2052.0499999999993,10.667730641165933
7917,62041.76,6824.0,50516.0,7300.0,11525.760000000002,18.57742269078118
7931,63035.75,6925.0,47632.14,7362.0,15403.61,24.43630796809747
7936,9843.57,9943.0,11405.44,16064.0,-1561.8700000000008,-15.866906010725792
7948,7819.02,7898.0,10334.61,14157.0,-2515.59,-32.17270194986072
7951,24546.5,350.0,31675.800000000003,620.0,-7129.300000000003,-29.044059234514098
7956,10519.74,10626.0,13408.67,16973.0,-2888.9300000000003,-27.46199050546877
7969,66311.19,4381.0,39461.1,4370.0,26850.090000000004,40.491039295177785
7974,299.88,12.0,232.44,12.0,67.44,22.488995598239296
7977,87360.72,8328.0,62459.11,8339.0,24901.61,28.504355275460185
7978,103852.37,14313.0,56307.25,14255.0,47545.119999999995,45.78144918599354
7982,107834.62,14838.0,58381.0,14780.0,49453.619999999995,45.860615078905084
7985,43606.35,4365.0,33353.659999999996,4471.0,10252.690000000002,23.511919708941477
7986,55069.299999999996,1870.0,42857.7,1915.0,12211.599999999999,22.17496863043474
7990,31748.22,3178.0,24660.48,3211.0,7087.740000000002,22.3248421486307
7991,47056.73,4827.0,34542.04,4771.0,12514.690000000002,26.59489939058664
7992,30972.690000000002,4431.0,27744.45,4999.0,3228.2400000000016,10.422859622460953
7993,42631.89,6761.0,33227.92,6809.0,9403.970000000001,22.058534116127625
7994,58873.8,6020.0,47334.17,5969.0,11539.630000000005,19.600620309883183
7995,20826.41,3209.0,18186.3,3674.0,2640.1100000000006,12.676740734480884
7996,33301.92,5308.0,24120.32,5384.0,9181.599999999999,27.570782705621777
8000,910688.8999999999,13210.0,742435.64,13759.0,168253.2599999999,18.475382756943663
8008,1318.68,132.0,828.24,116.0,490.44000000000005,37.1917371917372
8010,5169.06,94.0,824.88,21.0,4344.18,84.04197281517337
8011,8701.289999999999,871.0,6342.24,876.0,2359.0499999999993,27.111497260750987
8012,99.9,10.0,89.52,12.0,10.38000000000001,10.3903903903904
8015,6615.92,408.0,16379.86,1106.0,-9763.94,-147.58249797458254
8016,113786.72,15728.0,77645.9,16210.0,36140.82000000001,31.761896291588336
8017,1318.8,120.0,1036.2,132.0,282.5999999999999,21.428571428571423
8018,141699.28,19622.0,91328.40000000001,19854.0,50370.87999999999,35.54773178805142
8019,139.86,14.0,100.66,14.0,39.20000000000002,28.028028028028036
8021,305773.24,6976.0,254470.69,8081.0,51302.54999999999,16.777972460899456
8023,230817.31,49019.0,159968.88,48771.0,70848.43,30.694591319862447
8027,34922.51,17549.0,28056.55,18101.0,6865.960000000003,19.6605570447256
8028,263.76,24.0,151.02,18.0,112.73999999999998,42.74340309372156
8032,92932.26,11524.0,63740.68,12118.0,29191.579999999994,31.411675558089296
8033,155554.75,52025.0,121872.4,52988.0,33682.350000000006,21.6530514175877
8036,46425.28,3872.0,31731.989999999998,3837.0,14693.29,31.64932984787599
8038,350.46000000000004,54.0,43.3,10.0,307.16,87.64480967870799
8040,119788.66,13434.0,82060.54000000001,13654.0,37728.119999999995,31.495568946175702
8043,1623.23,277.0,1197.96,268.0,425.27,26.19899829352587
8048,46856.34,1866.0,52737.119999999995,2544.0,-5880.779999999999,-12.550660166799199
8050,78169.4,4460.0,52050.520000000004,4076.0,26118.87999999999,33.41317702323415
8053,91251.27,92173.0,69196.5,92262.0,22054.770000000004,24.169274575575773
8057,43572.03,1897.0,32423.05,1765.0,11148.98,25.587469759843646
8058,31.99,1.0,23.01,1.0,8.979999999999997,28.071272272585173
8059,23775.96,804.0,19339.7,890.0,4436.259999999998,18.658594647702966
8060,21.99,1.0,14.28,1.0,7.709999999999999,35.06139154160982
8063,748.24,376.0,27.029999999999998,17.0,721.21,96.3875227199829
8064,90718.65,91635.0,69961.04,92054.0,20757.61,22.881303899473814
8065,158.37,133.0,0.0,,158.37,100.0
8066,285991.46,31254.0,225051.32,31564.0,60940.140000000014,21.308377529874498
8068,4538120.6,187140.0,3418303.68,187407.0,1119816.9199999995,24.67578583081286
8070,1919.94,6.0,1401.42,6.0,518.52,27.007093971686615
8072,173745.35,4465.0,120751.68,4832.0,52993.67000000001,30.500770236440864
8075,14355.630000000001,1437.0,9645.75,1429.0,4709.880000000001,32.80859147247457
8076,295.84,16.0,280.32,24.0,15.519999999999982,5.24607896160086
8077,20499.48,2052.0,14028.84,2051.0,6470.639999999999,31.564898231564896
8078,104263.29,4871.0,70673.96,4844.0,33589.32999999999,32.21587387085137
8079,324.35,65.0,284.76,84.0,39.59000000000003,12.205950362262996
8081,119.80000000000001,20.0,143.64000000000001,36.0,-23.840000000000003,-19.89983305509182
8082,2068091.16,65184.0,1396130.77,64249.0,671960.3899999999,32.49181675337754
8084,221.94,6.0,162.0,6.0,59.94,27.00729927007299
8085,150722.45,4555.0,149010.57,5823.0,1711.8800000000047,1.135783023696871
8090,1109.6299999999999,37.0,1954.1999999999998,60.0,-844.5699999999999,-76.112758306823
8092,58772.85,25665.0,45420.6,26718.0,13352.25,22.718398035827768
8096,26745.6,13440.0,22434.72,14568.0,4310.879999999997,16.118090452261296
8097,62627.58,4842.0,45868.96,4859.0,16758.620000000003,26.75916904341506
8100,5758.53,147.0,661.71,23.0,5096.82,88.50904657959583
8101,53950.89,27111.0,39809.07,27081.0,14141.82,26.212394271901722
8102,198849.84,7916.0,147353.65,7901.0,51496.19,25.897023603338077
8103,62902.62,63538.0,49600.32,64416.0,13302.300000000003,21.147449820055193
8107,323428.91000000003,9109.0,252997.12,9472.0,70431.79000000004,21.77659071973499
8108,6303.83,117.0,13811.42,329.0,-7507.59,-119.09569261861441
8110,42909.270000000004,4773.0,31179.68,4753.0,11729.590000000004,27.33579480611067
8111,331589.61,334939.0,259998.2,337660.0,71591.40999999997,21.590365874250395
8112,1528730.27,61323.0,1208990.72,61936.0,319739.55000000005,20.91536723479676
8113,40183.659999999996,2234.0,25008.3,2253.0,15175.359999999997,37.76500199334754
8114,3835.2000000000003,480.0,2498.4900000000002,391.0,1336.71,34.85372340425531
8118,69280.19,11081.0,50661.86,11159.0,18618.33,26.87395920825275
8119,207.84,16.0,124.68,12.0,83.16,40.01154734411085
8120,71058.14,7986.0,56257.67999999999,7946.0,14800.460000000006,20.828662275708325
8122,296.91,9.0,456.84000000000003,18.0,-159.93,-53.864807517429526
8123,68651.97,6203.0,38252.74,5858.0,30399.230000000003,44.280200553603926
8124,38801.05,3495.0,23321.25,3455.0,15479.800000000003,39.89531211139905
8128,45282.57,1343.0,30769.68,1416.0,14512.89,32.049616441822984
8130,60147.54,46626.0,43391.94,46658.0,16755.6,27.85749841140635
8131,86729.79,4821.0,50374.14,4853.0,36355.649999999994,41.91829589348711
8135,56433.65,5135.0,43272.450000000004,5121.0,13161.199999999997,23.32154663042351
8136,3618.1899999999996,181.0,7972.58,434.0,-4354.39,-120.3471901696705
8143,238310.5,6414.0,181673.84,7892.0,56636.66,23.765910440370863
8144,109744.34999999999,3565.0,81149.88,3626.0,28594.469999999987,26.055528143362267
8149,35922.03,1797.0,19968.75,1775.0,15953.279999999999,44.41085317283015
8151,410.85,415.0,5.68,8.0,405.17,98.61750030424729
8152,15779.89,1511.0,5118.679999999999,707.0,10661.21,67.56200455136252
8154,67818.81,3019.0,49819.2,3104.0,17999.61,26.54073405298619
8155,93900.98,18452.0,60817.759999999995,18542.0,33083.22,35.23202846232276
8159,1549701.9,58610.0,1163442.72,59088.0,386259.17999999993,24.924740687225068
8166,217855.91999999998,10608.0,165858.7,10955.0,51997.21999999997,23.867710365639812
8170,31711.940000000002,10606.0,27196.61,12533.0,4515.330000000002,14.23858016885754
8171,34574.76,34924.0,26281.36,37016.0,8293.400000000001,23.98686209246283
8172,45084.6,45540.0,32380.26,45606.0,12704.34,28.1788903528034
8173,108737.40999999999,5159.0,80453.52,5634.0,28283.889999999985,26.011186030640225
8178,724379.96,27204.0,526072.71,28421.0,198307.25,27.376136965467683
8184,119085.58,59842.0,93565.75,60365.0,25519.83,21.429823829215934
8187,105353.20999999999,5479.0,72500.84999999999,5505.0,32852.36,31.18306504377038
8189,136885.21,4279.0,89309.09999999999,3490.0,47576.11,34.756209235460865
8190,21154.77,1323.0,24501.6,1992.0,-3346.829999999998,-15.820687249258668
8191,42804.119999999995,2188.0,31847.8,2204.0,10956.319999999996,25.596414550748847
8198,44.97,3.0,0.0,,44.97,100.0
8200,42048.37,14063.0,32141.920000000002,14744.0,9906.45,23.5596528474231
8202,606781.84,31816.0,431558.75,32375.0,175223.08999999997,28.877444651276967
8203,139414.73,46627.0,66328.26,43926.0,73086.47000000002,52.42377903683493
8205,34414.16,11884.0,20442.329999999998,13361.0,13971.830000000005,40.59907317220587
8207,195.51000000000002,49.0,216.29999999999998,70.0,-20.789999999999964,-10.633727175080539
8212,25575.8,1120.0,18909.1,1135.0,6666.700000000001,26.06643780448706
8214,138201.66,13834.0,99833.4,13491.0,38368.26000000001,27.762517469037647
8218,115963.75,3625.0,67552.1,2830.0,48411.649999999994,41.74722704293367
8221,22717.16,284.0,17725.23,277.0,4991.93,21.974269671032822
8223,139587.53,9247.0,94825.08,9153.0,44762.45,32.067656759883924
8228,5534.59,41.0,647.94,6.0,4886.65,88.2928997450579
8231,20209.1,1490.0,13349.6,1480.0,6859.499999999998,33.9426298053847
8232,65995.46,7754.0,48834.24,7826.0,17161.22000000001,26.003637219893623
8233,54922.979999999996,2302.0,43984.71,2541.0,10938.269999999997,19.91565279232845
8235,227.76,24.0,187.2,30.0,40.56,17.808219178082194
8236,146467.0,98300.0,104952.02,98086.0,41514.979999999996,28.344255019902093
8237,30996.899999999998,310.0,21490.56,288.0,9506.339999999997,30.668679771202918
8238,7065.82,218.0,17707.2,620.0,-10641.380000000001,-150.603610055167
8242,20555.16,1484.0,10866.4,1360.0,9688.76,47.135415146367144
8246,23527.71,2629.0,13867.92,2266.0,9659.789999999999,41.05707695309063
8252,41181.0,2050.0,33588.98,2098.0,7592.019999999997,18.435734926300956
8254,6563.97,453.0,4298.03,451.0,2265.9400000000005,34.52087684739571
8258,278457.14999999997,9285.0,196754.35,9347.0,81702.79999999996,29.3412469387121
8259,11454.0,4600.0,18520.32,10176.0,-7066.32,-61.69303300157149
8261,239.94000000000003,6.0,0.0,,239.94000000000003,100.0
8262,60193.59,2741.0,43410.08,2744.0,16783.509999999995,27.882553607452216
8264,259038.34,28366.0,155638.71,28983.0,103399.63,39.91672815692071
8265,60519.42,6058.0,42208.14000000001,6126.0,18311.27999999999,30.25686630836844
8267,51254.85,2115.0,36567.9,1982.0,14686.949999999997,28.6547516966687
8268,5159.599999999999,940.0,3026.97,999.0,2132.6299999999997,41.33324288704551
8272,3350.23,627.0,2046.92,701.0,1303.31,38.90210522859625
8273,79675.68,3432.0,62266.6,3652.0,17409.079999999994,21.849929614657817
8274,668.76,124.0,392.04,132.0,276.71999999999997,41.37807285124708
8275,97170.43,3057.0,63786.8,3080.0,33383.62999999999,34.3557499951374
8279,849.66,34.0,2238.0,120.0,-1388.3400000000001,-163.39947743803407
8280,72035.83,5117.0,45692.6,5134.0,26343.230000000003,36.569620978893425
8282,374.22,378.0,59.64,84.0,314.58000000000004,84.06285072951741
8283,12887.51,449.0,9207.1,490.0,3680.41,28.557960381796015
8284,4428.91,109.0,13606.67,431.0,-9177.76,-207.22389933414772
8288,317622.81,24819.0,199714.82,25153.0,117907.98999999999,37.122015890483425
8289,41333.11,689.0,30828.16,704.0,10504.95,25.415338937718456
8295,44148.96,1104.0,31124.0,1004.0,13024.96,29.502303112009887
8296,185815.88,6212.0,153722.8,7084.0,32093.080000000016,17.271440955423195
8298,27534.38,2562.0,19180.2,2459.0,8354.18,30.340904716212968
8308,1174.53,47.0,2287.18,119.0,-1112.6499999999999,-94.73150962512665
8312,109769.75,12725.0,73659.0,12900.0,36110.75,32.89681355746916
8322,4780.18,582.0,1541.28,247.0,3238.9000000000005,67.75686271228281
8323,132660.36,8364.0,102804.1,8639.0,29856.25999999998,22.50578846612506
8327,37477.799999999996,2220.0,24199.28,2212.0,13278.519999999997,35.430361440639516
8329,117955.98,14417.0,71126.64,15198.0,46829.34,39.70069173262771
8337,12224.54,1046.0,9448.800000000001,762.0,2775.74,22.706294060962616
8338,179479.86,8614.0,125425.44,8656.0,54054.419999999984,30.11726218195177
8339,544906.37,12463.0,400282.5,13250.0,144623.87,26.54104961188103
8342,209317.89,16311.0,138880.36000000002,16916.0,70437.53,33.65098415620375
8345,141624.64,24136.0,82086.45999999999,24358.0,59538.18000000002,42.039421953693946
8346,116302.31999999999,7468.0,71972.64,7248.0,44329.67999999999,38.11590344887359
8348,683.62,38.0,0.0,,683.62,100.0
8351,17023.510000000002,1549.0,12356.960000000001,1496.0,4666.550000000001,27.412384402511584
8358,161219.35,8065.0,102458.79,7071.0,58760.56000000001,36.44758523092918
8359,42736.36,7368.0,24553.6,7673.0,18182.760000000002,42.546346951401574
8361,73331.08,4892.0,49022.380000000005,4873.0,24308.699999999997,33.14924585864547
8364,609.39,61.0,395.89,61.0,213.5,35.03503503503504
8366,6721.79,721.0,4274.88,732.0,2446.91,36.40265465002626
8367,26607.25,1775.0,17476.8,1760.0,9130.45,34.315647051085705
8368,29694.78,14922.0,22585.07,14957.0,7109.709999999999,23.942625606251333
8369,40090.47,1153.0,29718.5,1225.0,10371.970000000001,25.87141033766878
8370,130515.97,15303.0,87551.43,15333.0,42964.54000000001,32.91899067983788
8379,51221.28,4272.0,32801.37,4299.0,18419.909999999996,35.961440245148104
8385,3499.99,1.0,2713.17,1.0,786.8199999999997,22.48063565895902
8386,63214.14,4686.0,46344.25,4705.0,16869.89,26.6868931539684
8387,149388.44,6556.0,101785.85,5833.0,47602.59,31.864975629975113
8391,1043.42,58.0,533.2,40.0,510.22,48.89881351708804
8393,119878.34,2266.0,70072.53,2013.0,49805.81,41.546963363022876
8395,126810.95,2205.0,78798.72,2112.0,48012.229999999996,37.86126513522689
8398,144663.93,2907.0,93423.98999999999,2803.0,51239.94,35.41998340567687
8401,10088.82,918.0,7946.12,962.0,2142.7,21.238360878675604
8402,3673.5299999999997,147.0,492.36,33.0,3181.1699999999996,86.59708781471772
8408,92830.69,2531.0,51882.56,2336.0,40948.130000000005,44.110552232241304
8409,5943.929999999999,717.0,3884.36,722.0,2059.5699999999993,34.649970642319126
8411,76.93,7.0,0.0,,76.93,100.0
8412,15346.93,307.0,11427.199999999999,320.0,3919.7300000000014,25.540808487430393
8413,175762.3,9770.0,138958.68000000002,9731.0,36803.619999999966,20.939427852275468
8419,41.94,6.0,0.0,,41.94,100.0
8420,71714.31,1769.0,53909.0,1739.0,17805.309999999998,24.828113106017472
8421,210632.5,38974.0,131150.29,38917.0,79482.20999999999,37.735017150724595
8422,1467.24,276.0,776.16,252.0,691.08,47.10067882555001
8423,12164.56,1544.0,7133.49,1521.0,5031.07,41.35842151298526
8424,199138.59,8041.0,132535.44,8136.0,66603.15,33.445626987717446
8425,14610.269999999999,773.0,8373.84,552.0,6236.4299999999985,42.68524811656457
8428,11258.429999999998,657.0,12088.970000000001,911.0,-830.5400000000027,-7.3770499083797905
8432,176.22,178.0,0.0,,176.22,100.0
8434,2129.29,71.0,224.73,11.0,1904.56,89.44577770054806
8437,66066.98,1802.0,55303.62,2102.0,10763.359999999993,16.291587719008792
8438,1797.84,1816.0,378.72,526.0,1419.12,78.93472166599919
8440,115722.07999999999,5692.0,92073.59999999999,6255.0,23648.479999999996,20.435581524286462
8441,237351.59,18491.0,166438.28,18659.0,70913.31,29.87690539591498
8442,63983.5,4550.0,43095.68,4624.0,20887.82,32.64563520282573
8443,17376.649999999998,985.0,11951.1,813.0,5425.549999999997,31.223221967410282
8444,32045.03,1297.0,22976.36,1322.0,9068.669999999998,28.299770666465278
8446,13201.96,2204.0,10398.24,2241.0,2803.7199999999993,21.237149635357174
8447,10625.43,557.0,5955.84,352.0,4669.59,43.947303779705855
8448,73330.07,7193.0,54567.66,7266.0,18762.410000000003,25.586243133273978
8450,187580.8,9420.0,130616.64,9424.0,56964.15999999999,30.367798836554698
8451,269353.27999999997,15472.0,195384.21000000002,15519.0,73969.06999999995,27.461729814465208
8452,102788.43999999999,5956.0,81709.92,6444.0,21078.51999999999,20.506702893827352
8453,18307.98,6562.0,18570.11,8801.0,-262.130000000001,-1.4317800216080694
8454,23879.870000000003,713.0,20856.800000000003,841.0,3023.0699999999997,12.659491027379962
8455,44623.18,2882.0,43574.4,4005.0,1048.7799999999988,2.3503031384137096
8456,728.46,54.0,520.5600000000001,54.0,207.89999999999998,28.539659006671602
8458,24975.95,705.0,19860.12,756.0,5115.830000000002,20.483024669732288
8459,1305.0,100.0,1547.59,121.0,-242.58999999999992,-18.589272030651337
8460,159.9,10.0,0.0,,159.9,100.0
8462,247420.16999999998,10783.0,171204.04,10822.0,76216.12999999998,30.804331756784414
8464,30814.33,1967.0,22055.54,2069.0,8758.79,28.424405138777963
8467,991.98,1002.0,251.12,344.0,740.86,74.6849734873687
8469,195273.25,7975.0,133398.81,8189.0,61874.44,31.686080914820643
8470,19234.26,6894.0,16076.32,7729.0,3157.9399999999987,16.418307748777437
8472,331230.36,14364.0,215481.25,14375.0,115749.10999999999,34.94519946782656
8473,306667.95,8205.0,203658.52,8333.0,103009.43000000002,33.58989095534764
8474,230884.46000000002,6154.0,154096.58,6259.0,76787.88000000003,33.258141323153595
8475,43493.42,24298.0,29510.16,23992.0,13983.259999999998,32.15028848041842
8476,49957.46,3754.0,34815.46,3877.0,15142.0,30.309787567262227
8480,329242.0,21500.0,250421.01,22379.0,78820.98999999999,23.940138256965998
8482,45284.10999999999,2389.0,31744.440000000002,2223.0,13539.669999999991,29.899384132756484
8483,5209.19,181.0,7566.02,289.0,-2356.830000000001,-45.243694317158734
8484,14122.98,5062.0,16014.24,7414.0,-1891.2600000000002,-13.391366411338119
8485,80290.93,4407.0,52218.81,3947.0,28072.119999999995,34.96300267041371
8489,8734.26,174.0,12847.8,294.0,-4113.539999999999,-47.09660577999738
8491,34479.04,1696.0,24080.879999999997,1614.0,10398.160000000003,30.157916229686222
8495,471.24,476.0,111.47,157.0,359.77,76.34538663950427
8496,46787.84,3016.0,34987.82,3011.0,11800.019999999997,25.2202709079966
8497,85408.45,8255.0,62453.16,8316.0,22955.289999999994,26.877071296809618
8498,402153.9,39910.0,235311.12,40293.0,166842.78000000003,41.48729628134901
8500,38166.0,3920.0,25440.280000000002,4051.0,12725.719999999998,33.3430802284756
8501,13880.56,1544.0,7788.4800000000005,1596.0,6092.079999999999,43.889295532745074
8504,686725.33,68667.0,404495.92,69263.0,282229.41,41.09785931443653
8505,19158.66,634.0,23264.41,871.0,-4105.75,-21.43025660458508
8506,449036.67,14633.0,325305.54000000004,15187.0,123731.12999999995,27.554794132960218
8508,659.6999999999999,30.0,224.7,14.0,434.99999999999994,65.93906321055026
8512,1456174.78,73122.0,1073853.44,72952.0,382321.3400000001,26.255182087413992
8513,245204.17,25083.0,164577.28,25088.0,80626.89000000001,32.88153296903557
8515,102789.76999999999,5023.0,61464.27,4207.0,41325.49999999999,40.20390355966357
8517,231267.08,11292.0,158974.19999999998,11470.0,72292.88,31.259477137861563
8518,988.14,86.0,775.1700000000001,87.0,212.9699999999999,21.552614002064477
8519,10266.35,1465.0,10500.599999999999,1892.0,-234.24999999999818,-2.281726222075014
8520,54299.229999999996,3177.0,40380.9,3283.0,13918.329999999994,25.632647092785653
8522,6537.96,6604.0,8163.58,11498.0,-1625.62,-24.86433076984258
8523,20962.99,4201.0,13459.6,4180.0,7503.390000000001,35.79351037232762
8525,5046.29,471.0,2892.96,492.0,2153.33,42.67154681954465
8526,355263.51,12449.0,237682.62,11634.0,117580.89000000001,33.096810308494675
8527,15.95,5.0,2.64,2.0,13.309999999999999,83.44827586206897
8534,31824.87,5313.0,21281.88,5294.0,10542.989999999998,33.12814789188455
8535,25608.600000000002,6540.0,24231.3,6549.0,1377.300000000003,5.378271361964352
8537,312343.97,20903.0,204110.43,21737.0,108233.53999999998,34.65203442217885
8539,379.81,19.0,449.19,31.0,-69.38,-18.267028250967588
8543,5684.66,334.0,2547.32,172.0,3137.3399999999997,55.1895803794774
8544,498.69,31.0,0.0,,498.69,100.0
8550,3522.18,282.0,676.08,72.0,2846.1,80.80506958758497
8553,20909.31,2969.0,17351.28,3324.0,3558.0300000000025,17.016486914202346
8558,129.9,10.0,41.56,4.0,88.34,68.00615858352579
8562,205463.74,13026.0,150504.64,13156.0,54959.09999999998,26.74880735647077
8563,461.58,42.0,8.72,1.0,452.85999999999996,98.11083669136444
8565,3302.45,255.0,495.81,63.0,2806.64,84.98660085693955
8567,19428.2,1780.0,11940.75,1769.0,7487.450000000001,38.539082364809914
8570,736.33,67.0,0.0,,736.33,100.0
8575,11006.33,367.0,13881.92,611.0,-2875.59,-26.126692548742408
8576,83752.16,16784.0,63824.97,17391.0,19927.190000000002,23.7930460539764
8579,5914.78,722.0,2019.3600000000001,336.0,3895.4199999999996,65.8590852068885
8580,95.94,6.0,75.54,6.0,20.39999999999999,21.263289555972477
8581,23395.32,468.0,17077.32,468.0,6318.0,27.005401080216046
8587,32.97,3.0,0.0,,32.97,100.0
8590,108474.03,14097.0,71192.94,14042.0,37281.09,34.36867792226398
8599,52580.41,8159.0,35946.24,8096.0,16634.170000000006,31.635679523990028
8606,10360.35,10465.0,5215.12,7144.0,5145.2300000000005,49.662704445313146
8609,42893.7,3830.0,29222.9,3830.0,13670.799999999996,31.871347074278965
8612,351316.83999999997,5516.0,255645.57,5583.0,95671.26999999996,27.23219017909872
8614,431.28,72.0,291.6,72.0,139.67999999999995,32.38731218697829
8616,1171.56,44.0,755.3199999999999,46.0,416.24,35.52869678036123
8617,39598.44,3556.0,25373.510000000002,3529.0,14224.93,35.92295555077422
8618,337.87,13.0,380.82,22.0,-42.94999999999999,-12.711989818569268
8619,70083.97,11003.0,48378.0,10995.0,21705.97,30.97137619344338
8620,138880.17,11583.0,101570.0,11608.0,37310.17000000001,26.86500887779732
8621,39507.49,6281.0,28894.05,6295.0,10613.439999999999,26.86437432496977
8622,589317.73,4127.0,395736.95999999996,4544.0,193580.77000000002,32.84828542321305
8623,23486.45,7855.0,18132.66,7749.0,5353.790000000001,22.795228738272495
8626,326500.2,18180.0,214599.63,18389.0,111900.57,34.2727416399745
8627,222471.82,23741.0,130136.77,23791.0,92335.05,41.50415544764276
8628,120124.34,10066.0,54347.3,9134.0,65777.04,54.75746214297619
8629,56.97,3.0,55.1,5.0,1.8699999999999974,3.2824293487800555
8630,23326.6,2940.0,16464.7,3010.0,6861.899999999998,29.416631656563748
8632,23676.829999999998,1217.0,17013.399999999998,1324.0,6663.43,28.14325228503985
8634,1839.89,211.0,1518.9,249.0,320.99,17.446151672110833
8637,45723.17999999999,2482.0,33619.119999999995,2494.0,12104.059999999998,26.4724806979742
8642,40148.49,2951.0,43602.59,3491.0,-3454.0999999999985,-8.60331235371492
8652,47355.16,884.0,36214.56,909.0,11140.600000000006,23.525630575421992
8653,77345.09,14621.0,51633.31,14627.0,25711.78,33.24293759306505
8654,50572.4,9560.0,33778.25,9515.0,16794.15,33.20813329009499
8655,47849.829999999994,2717.0,33615.9,2733.0,14233.929999999993,29.747085830816943
8658,61679.12,1688.0,45015.12,1854.0,16664.0,27.0172466792652
8660,56149.89,4511.0,44767.8,4620.0,11382.089999999997,20.270903469267697
8664,44350.95,1905.0,32185.54,2206.0,12165.409999999996,27.429874670102887
8670,255130.42,20008.0,156866.55,19983.0,98263.87000000002,38.51515236795362
8671,48949.89,2411.0,33138.63,2287.0,15811.260000000002,32.300910175691925
8673,122034.44,11256.0,88671.29,11267.0,33363.15000000001,27.339126561321546
8674,37990.76,4424.0,23155.920000000002,4436.0,14834.84,39.048547594204486
8676,17622.649999999998,235.0,10628.15,197.0,6994.499999999998,39.69039843610353
8677,29904.960000000003,804.0,22800.1,830.0,7104.860000000004,23.75813243020557
8678,219699.09,14191.0,133201.44,14292.0,86497.65,39.370964167398235
8680,1884307.34,47966.0,1373128.48,47546.0,511178.8600000001,27.128210411789834
8687,8454.25,775.0,5123.88,774.0,3330.37,39.39284975012568
8688,8297.38,762.0,5104.02,771.0,3193.3599999999988,38.48636557563953
8689,42234.28,3872.0,25220.14,3886.0,17014.14,40.285142779751425
8691,494108.17,31383.0,374790.5,31495.0,119317.66999999998,24.14808684503233
8692,599.92,8.0,431.6,8.0,168.31999999999994,28.057074276570198
8693,92130.39,8961.0,64702.68000000001,9062.0,27427.709999999992,29.770534999363395
8694,66501.05,6095.0,48475.33,6067.0,18025.72,27.105917876484657
8696,37208.8,3420.0,25746.16,3442.0,11462.640000000003,30.806260884521947
8699,465.40999999999997,59.0,305.58000000000004,66.0,159.82999999999993,34.34176317655399
8700,137281.11,4961.0,93866.64,5682.0,43414.46999999999,31.624503910261208
8701,48960.99,4901.0,33788.1,5043.0,15172.89,30.989753270920378
8704,25874.829999999998,1517.0,19164.58,2213.0,6710.249999999996,25.933503717705577
8705,497.37,63.0,342.71999999999997,72.0,154.65000000000003,31.093552083961644
8708,3547.56,564.0,2527.14,547.0,1020.4200000000001,28.763995534959243
8712,22655.57,1343.0,24743.28,1572.0,-2087.709999999999,-9.214996577000708
8717,4739.04,296.0,3571.3,355.0,1167.7399999999998,24.640855531922075
8718,219.56,44.0,206.4,60.0,13.159999999999997,5.993805793404991
8720,4554.3,570.0,3474.68,583.0,1079.6200000000003,23.705509079331627
8725,97193.7,5830.0,69702.08,5887.0,27491.619999999995,28.285392983290063
8726,143676.01,72199.0,103131.6,72120.0,40544.41,28.219331814685
8727,128154.43,4157.0,100377.56999999999,4351.0,27776.86,21.67452190298845
8728,16649.73,1027.0,9601.2,1016.0,7048.529999999999,42.334200014054275
8729,5.9399999999999995,6.0,2.96,4.0,2.9799999999999995,50.16835016835016
8730,81866.31,10569.0,58217.5,10585.0,23648.809999999998,28.88710875084024
8737,142631.76,11624.0,84687.54000000001,11861.0,57944.22,40.62504732466317
8741,34061.369999999995,1363.0,23025.3,1410.0,11036.069999999996,32.40054642546673
8744,50669.17,2783.0,34582.24,2807.0,16086.93,31.74895108800875
8746,212476.74,31126.0,124125.54000000001,30877.0,88351.19999999998,41.58158676568549
8749,53034.02,3398.0,34437.2,3514.0,18596.82,35.065831328645274
8761,125246.73,11627.0,81887.28,11566.0,43359.45,34.61922718461392
8767,3388.87,113.0,452.64,23.0,2936.23,86.6433353890825
8778,525233.04,10796.0,408922.14,10966.0,116310.90000000002,22.144627459079878
8780,38503.93,2407.0,24312.0,2400.0,14191.93,36.85839341594481
8781,172021.99,9701.0,97792.32,9476.0,74229.66999999998,43.15126804427736
8787,17597.53,1247.0,8736.800000000001,1304.0,8860.729999999998,50.35212328093771
8788,30327.6,15240.0,25151.67,16439.0,5175.93,17.06673129426661
8790,63147.64,4536.0,38680.2,4524.0,24467.440000000002,38.74640445787048
8793,94406.84,4916.0,96915.17,6431.0,-2508.3300000000017,-2.65693672195786
8801,346.5,350.0,84.24,108.0,262.26,75.68831168831169
8808,51556.399999999994,2760.0,38627.55,2769.0,12928.849999999991,25.07710003025811
8815,431702.35,48587.0,296537.71,48853.0,135164.63999999996,31.30968362808309
8818,599.88,12.0,814.6600000000001,22.0,-214.7800000000001,-35.80382743215311
8819,73185.61,9839.0,50031.0,9810.0,23154.61,31.63820046044571
8822,134334.94999999998,67505.0,99230.36,67966.0,35104.58999999998,26.13213463808189
8823,74626.86,10014.0,54844.98,10119.0,19781.879999999997,26.50772121458681
8828,40011.14,2886.0,42705.600000000006,3444.0,-2694.4600000000064,-6.734274504550498
8837,55545.27,9273.0,38615.5,9350.0,16929.769999999997,30.47922892444307
8838,344457.47,25737.0,202904.07,26317.0,141553.39999999997,41.09459434861435
8840,166549.45,13255.0,104809.31999999999,13167.0,61740.13000000002,37.07014943609842
8847,46212.85,7715.0,31549.59,7947.0,14663.259999999998,31.729832719687273
8848,6712.2,6780.0,6478.01,8413.0,234.1899999999996,3.4890199934447663
8849,277.92,48.0,200.16,48.0,77.76000000000002,27.979274611398967
8872,7.92,8.0,0.0,,7.92,100.0
8875,22332.44,956.0,15467.970000000001,1009.0,6864.4699999999975,30.737662342314582
8877,8482.22,578.0,4885.04,538.0,3597.1799999999994,42.4084732534643
8892,94516.2,3480.0,80070.0,4710.0,14446.199999999997,15.284363950306929
8893,80838.42,4758.0,60090.52,4739.0,20747.9,25.6658900557433
8895,19145.84,1016.0,12050.109999999999,971.0,7095.730000000001,37.06147131700673
8897,111649.14,2086.0,61698.450000000004,1839.0,49950.689999999995,44.73898321115594
8898,127610.9,4910.0,93095.52,4944.0,34515.37999999999,27.047360374388074
8905,53307.54,4446.0,34989.92,4463.0,18317.620000000003,34.362155897646005
8907,17328.21,2479.0,11551.85,2495.0,5776.359999999999,33.33500690492555
8908,964.6199999999999,138.0,603.24,132.0,361.3799999999999,37.463457112645386
8909,2816.97,403.0,1916.75,425.0,900.2199999999998,31.957031846274536
8910,114950.88,116112.0,90431.11,117443.0,24519.770000000004,21.330650100286316
8912,44.99,1.0,0.0,,44.99,100.0
8914,723.81,69.0,520.9499999999999,69.0,202.86,28.026692087702575
8918,11236.58,342.0,9277.97,377.0,1958.6100000000006,17.43065950671824
8921,162549.0,8484.0,94897.6,8288.0,67651.4,41.619081015570686
8922,57008.65,7135.0,38183.4,7071.0,18825.25,33.02174319160338
8923,63.92,8.0,42.08,8.0,21.840000000000003,34.167709637046315
8929,39102.43,3057.0,15317.8,2641.0,23784.63,60.82647549014217
8930,31.98,2.0,216.36,18.0,-184.38000000000002,-576.5478424015009
8943,7117.89,711.0,1671.8400000000001,216.0,5446.05,76.51214053602963
8958,5284.7300000000005,527.0,1134.58,142.0,4150.150000000001,78.53097509238883
8961,126761.75,85075.0,97697.6,87230.0,29064.149999999994,22.928170366849617
8962,72967.73999999999,3826.0,54584.96000000001,3944.0,18382.779999999984,25.19302365675569
8965,18931.58,342.0,13947.5,350.0,4984.080000000002,26.326804207572753
8970,80009.4,7460.0,59773.189999999995,7481.0,20236.21,25.29229065584794
8976,2426.17,83.0,2038.98,102.0,387.19000000000005,15.958898181083766
8978,49737.85,3115.0,33655.159999999996,3122.0,16082.690000000002,32.33491194331883
8979,0.0,,65.16,6.0,-65.16,0.0
8985,50405.85,8415.0,38366.04,8641.0,12039.809999999998,23.88573945286112
8986,15962.44,956.0,11923.84,992.0,4038.6000000000004,25.300643260052976
9028,5971.14,386.0,2642.52,228.0,3328.6200000000003,55.74513409499694
9031,32.99,1.0,25.77,1.0,7.220000000000002,21.885419824189153
9035,39.99,1.0,30.3,1.0,9.690000000000001,24.231057764441115
9037,74104.83,3717.0,44964.17,3769.0,29140.660000000003,39.323563659750654
9066,16794.75,525.0,1929.18,79.0,14865.57,88.51319608806322
9090,3898.44,156.0,2953.08,156.0,945.3600000000001,24.249699879951983
9092,23757.38,762.0,16242.380000000001,742.0,7515.0,31.63227594962071
9102,359.92,8.0,199.98,6.0,159.94000000000003,44.437652811735944
9103,209.94,6.0,162.72,6.0,47.22,22.492140611603315
9104,311.88,12.0,229.32,12.0,82.56,26.47171989226626
9105,139.93,7.0,88.86,6.0,51.07000000000001,36.49681983849068
9109,34107.48,34452.0,27430.68,36093.0,6676.800000000003,19.57576461233724
9115,11186.84,766.0,2049.3,198.0,9137.54,81.68115392729315
9116,5122.95,205.0,28875.600000000002,1560.0,-23752.65,-463.6518021842884
9118,11412.76,774.0,2753.1,266.0,8659.66,75.8770008306492
9123,1.98,2.0,1.48,2.0,0.5,25.252525252525253
9126,373.83,17.0,273.03,19.0,100.80000000000001,26.964128079608386
9129,16651.63,3337.0,13017.6,3390.0,3634.0300000000007,21.823869495058446
9131,344.84999999999997,15.0,0.0,,344.84999999999997,100.0
9136,9515.08,642.0,2345.77,217.0,7169.3099999999995,75.34681789328098
9140,4815.8099999999995,219.0,847.0799999999999,52.0,3968.7299999999996,82.41043562765142
9144,143.92,8.0,0.0,,143.92,100.0
9145,91264.14,92186.0,72113.25,96151.0,19150.89,20.984025050803087
9147,29503.690000000002,531.0,29157.1,805.0,346.5900000000038,1.17473441457663
9160,18284.31,18469.0,15226.56,21148.0,3057.750000000002,16.72335461387387
9191,316.8,320.0,9.49,13.0,307.31,97.00441919191918
9195,118.8,120.0,91.2,120.0,27.599999999999994,23.23232323232323
9219,162.36,164.0,0.0,,162.36,100.0
9256,18548.11,589.0,10606.050000000001,481.0,7942.0599999999995,42.8187022828741
9291,4799.9400000000005,6.0,1240.3,2.0,3559.6400000000003,74.16009366783751
9304,18801.449999999997,855.0,10051.62,699.0,8749.829999999996,46.53805956455485
9358,40413.090000000004,691.0,25985.62,619.0,14427.470000000005,35.69999225498472
9359,1249.95,5.0,1079.1,6.0,170.85000000000014,13.668546741869687
9360,38147.1,790.0,26560.62,738.0,11586.48,30.373160738299898
9361,24096.44,356.0,9748.5,201.0,14347.939999999999,59.54381643097486
9373,21.99,1.0,17.31,1.0,4.68,21.282401091405184
9376,179.94,6.0,88.84,4.0,91.1,50.62798710681338
9388,97947.7,4030.0,72073.7,4205.0,25874.0,26.416138408558854
9439,3251.0,100.0,364.99,17.0,2886.01,88.77299292525377
9823,1902.41,59.0,2190.22,82.0,-287.8099999999997,-15.128705168707047
10009,209.64999999999998,35.0,198.24,48.0,11.409999999999968,5.442404006677782
10010,35.94,6.0,92.64,24.0,-56.7,-157.76293823038398
10011,89.85000000000001,15.0,118.80000000000001,36.0,-28.950000000000003,-32.220367278797994
10021,5424.22,378.0,3084.9900000000002,391.0,2339.23,43.12564755854298
10030,2387.58,242.0,1707.51,329.0,680.0699999999999,28.483652903777045
10032,4697.65,235.0,3359.1600000000003,252.0,1338.4899999999993,28.492757016806262
10051,49708.1,790.0,32701.5,845.0,17006.6,34.212935115202555
10054,892.53,47.0,449.64,36.0,442.89,49.62186145003529
10057,1052.19,81.0,523.28,62.0,528.9100000000001,50.26753723186877
10058,293349.46,21018.0,195358.22,21097.0,97991.24000000002,33.40426806989862
10062,18518.71,2029.0,12952.44,2148.0,5566.269999999999,30.057547204961892
10121,1115.69,31.0,1914.8400000000001,81.0,-799.1500000000001,-71.62831969453882
10122,500.78999999999996,21.0,190.32,12.0,310.46999999999997,61.99604624692985
10124,709.39,61.0,439.79999999999995,60.0,269.59000000000003,38.003073062772245
10126,143.88,12.0,0.0,,143.88,100.0
10127,287.76,24.0,0.0,,287.76,100.0
10162,2414.9,10.0,1984.8,12.0,430.10000000000014,17.810261294463544
10163,2795.88,212.0,3753.6,408.0,-957.7199999999998,-34.25468904244816
10164,12986.04,796.0,9478.15,907.0,3507.8900000000012,27.01277679723766
10175,8567.64,1136.0,6212.43,1197.0,2355.209999999999,27.489600403378283
10205,14598.63,537.0,9650.32,568.0,4948.3099999999995,33.89571487187496
10227,9372.380000000001,962.0,5734.96,931.0,3637.420000000001,38.80999276597834
10228,197.4,60.0,133.2,60.0,64.20000000000002,32.5227963525836
10229,236.88,72.0,189.0,84.0,47.879999999999995,20.212765957446805
10233,126.27000000000001,23.0,154.56,42.0,-28.289999999999992,-22.404371584699444
10235,7982.889999999999,761.0,5160.610000000001,749.0,2822.279999999999,35.35411361048441
10236,178565.6,12944.0,93602.85,11985.0,84962.75,47.58069303382062
10238,34630.61,2139.0,22417.98,2103.0,12212.630000000001,35.26541981212575
10239,71724.58,4842.0,42784.96,4712.0,28939.620000000003,40.34825996889769
10242,7476.599999999999,340.0,561.29,37.0,6915.3099999999995,92.49271059037531
10254,54530.87,10113.0,35354.67,10491.0,19176.200000000004,35.16576940731003
10259,959.52,48.0,644.16,48.0,315.36,32.86643321660831
10264,37307.56,1244.0,5233.2,267.0,32074.359999999997,85.97281623349262
10265,65.99,1.0,88.58,2.0,-22.590000000000003,-34.232459463555095
10266,164001.51,10249.0,100475.04,10488.0,63526.470000000016,38.73529579087413
10267,5706.4800000000005,152.0,3771.4500000000003,153.0,1935.0300000000002,33.90934516549607
10273,529.47,53.0,436.91999999999996,66.0,92.55000000000007,17.479743894838247
10274,199.8,20.0,155.76,24.0,44.04000000000002,22.042042042042052
10283,12811.890000000001,3211.0,8396.19,3267.0,4415.700000000001,34.46564090075703
10296,62768.16,3934.0,39075.68,4016.0,23692.480000000003,37.7460164516532
10298,31632.47,3321.0,14689.07,3257.0,16943.4,53.56331642770862
10319,136.44,36.0,88.19999999999999,36.0,48.24000000000001,35.356200527704495
10336,371.69,31.0,307.8,38.0,63.889999999999986,17.18905539562538
10337,131.89,11.0,145.8,18.0,-13.910000000000025,-10.54666767761015
10357,38362.27,4657.0,23614.5,4550.0,14747.769999999997,38.443423707721145
10358,142.84,16.0,151.75,25.0,-8.909999999999997,-6.237748529823577
10359,2561.45,55.0,899.9300000000001,31.0,1661.5199999999998,64.866384274532
10370,545.79,21.0,203.88,12.0,341.90999999999997,62.64497334139504
10372,20740.75,2425.0,10329.54,1938.0,10411.21,50.19688294782011
10374,935.9300000000001,107.0,565.71,109.0,370.22,39.55637707948244
10380,7543.08,642.0,6437.72,908.0,1105.3599999999997,14.653960981455846
10398,2009.4,60.0,1783.86,78.0,225.5400000000002,11.224246043595112
10399,380.89,11.0,149.31,7.0,231.57999999999998,60.79970595184962
10400,5863.9800000000005,102.0,757.05,21.0,5106.93,87.08982636366427
10402,1619.97,3.0,2606.8700000000003,7.0,-986.9000000000003,-60.92088125088738
10414,20565.3,1470.0,11582.52,1468.0,8982.779999999999,43.67930445945355
10415,26937.03,1797.0,16864.6,1961.0,10072.43,37.39250392489447
10420,93955.78,15992.0,53355.450000000004,15927.0,40600.329999999994,43.21216853289919
10421,219454.37,20739.0,128401.7,21763.0,91052.67,41.490479319231596
10422,23666.31,2369.0,14385.9,2370.0,9280.410000000002,39.213590965384974
10440,3448.85,115.0,2600.64,144.0,848.21,24.59399509981588
10441,25528.14,1486.0,21659.100000000002,1978.0,3869.0399999999972,15.155980811763008
10442,551.88,12.0,0.0,,551.88,100.0
10443,86163.09,7541.0,50641.5,7791.0,35521.59,41.2259936360221
10451,132793.46,13614.0,74091.73999999999,14006.0,58701.72,44.20527938649991
10452,13834.76,1424.0,9438.85,1555.0,4395.91,31.774385677814433
10453,52274.45,5391.0,29946.69,5661.0,22327.76,42.712567994498265
10454,143.84,16.0,146.88,24.0,-3.039999999999992,-2.1134593993325863
10455,26.97,3.0,145.68,24.0,-118.71000000000001,-440.1557285873193
10457,17.98,2.0,142.8,24.0,-124.82000000000001,-694.2157953281425
10463,359.64,36.0,246.24,36.0,113.39999999999998,31.531531531531527
10469,14806.589999999998,841.0,8452.08,819.0,6354.509999999998,42.916768817128045
10470,10616.039999999999,596.0,6121.8,537.0,4494.239999999999,42.33442978737833
10472,232387.49,25151.0,164934.04,27172.0,67453.44999999998,29.02628278312227
10531,6726.69,431.0,4860.98,493.0,1865.71,27.735929558222544
10544,77.94,6.0,0.0,,77.94,100.0
10576,12328.130000000001,1187.0,7684.16,1184.0,4643.970000000001,37.669703353225515
10578,155.88,12.0,104.64,12.0,51.239999999999995,32.87143956889915
10579,59715.35,5485.0,42348.14,6397.0,17367.21,29.083326146459832
10581,13313.74,1226.0,7593.139999999999,1147.0,5720.6,42.967640948373635
10589,47.88,12.0,63.84,24.0,-15.96,-33.33333333333333
10591,3406.8399999999997,116.0,1191.04,64.0,2215.7999999999997,65.03974357469092
10596,106528.44,6756.0,66249.34,6719.0,40279.100000000006,37.81065413142256
10603,14619.44,1256.0,9330.98,1231.0,5288.460000000001,36.174162621824095
10606,7521.45,655.0,4343.34,573.0,3178.1099999999997,42.25395369243962
10609,127787.99,12925.0,109469.92,13963.0,18318.070000000007,14.334735212597058
10618,531.48,52.0,410.4,60.0,121.08000000000004,22.781666290359006
10620,179.88,12.0,0.0,,179.88,100.0
10621,6592.12,388.0,4924.56,426.0,1667.5599999999995,25.2962628107498
10623,2988.38,62.0,831.22,26.0,2157.16,72.18492962742354
10624,4538.22,78.0,1924.74,51.0,2613.4800000000005,57.588217406824704
10625,2855.58,42.0,362.08,8.0,2493.5,87.32026418450893
10626,72530.69,6977.0,56956.92,7564.0,15573.770000000004,21.471972760772033
10631,125.88000000000001,12.0,148.8,24.0,-22.92,-18.20781696854147
10632,22.47,3.0,101.76,24.0,-79.29,-352.87049399198935
10642,1178.53,47.0,1787.4,90.0,-608.8700000000001,-51.6635130204577
10647,7628.509999999999,449.0,5814.0,510.0,1814.5099999999993,23.785903144912957
10650,2958.15,185.0,1906.1999999999998,180.0,1051.9500000000003,35.56107702449167
10666,31188.64,5636.0,46029.78,5947.0,-14841.14,-47.58508226072057
10676,11564.310000000001,269.0,7193.599999999999,256.0,4370.710000000002,37.79481871378406
10680,29658.16,2584.0,19235.22,2679.0,10422.939999999999,35.143582744175625
10701,1618.38,162.0,1264.42,191.0,353.96000000000004,21.871253970019403
10702,19482.18,1582.0,13089.3,1626.0,6392.880000000001,32.813986935753604
10704,1357.49,151.0,1028.1599999999999,168.0,329.33000000000015,24.260215544865904
10705,278.69,31.0,289.44,48.0,-10.75,-3.857332520004306
10706,467.48,52.0,367.2,60.0,100.28000000000003,21.451185077436474
10707,459.54,46.0,317.76,48.0,141.78000000000003,30.852591722156948
10708,2798.0,200.0,2033.9199999999998,224.0,764.0800000000002,27.308077197998575
10715,17018.14,1186.0,11260.480000000001,1232.0,5757.659999999998,33.83248698153851
10722,4971.59,741.0,3292.7999999999997,840.0,1678.7900000000004,33.76766788894499
10723,283128.36,28164.0,177995.80000000002,28709.0,105132.55999999997,37.132472352822575
10724,1566.33,327.0,979.65,311.0,586.68,37.45570856716017
10727,237069.63,25225.0,136142.65,25165.0,100926.98000000001,42.57271587254766
10731,7452.2300000000005,477.0,6003.99,601.0,1448.2400000000007,19.433646036152947
10732,13745.23,877.0,8722.0,890.0,5023.23,36.545259701001726
10733,3372.32,268.0,3688.32,452.0,-316.0,-9.37040375765052
10734,13133.609999999999,739.0,9821.359999999999,838.0,3312.25,25.219646388159845
10735,31591.08,2292.0,21324.690000000002,2271.0,10266.39,32.49774936469408
10750,15262.5,550.0,10416.21,579.0,4846.290000000001,31.75292383292384
10762,1550.14,216.0,1053.0,260.0,497.1400000000001,32.07065168307379
10766,2230.6,140.0,498.15999999999997,52.0,1732.44,77.66699542723931
10792,7425.530000000001,47.0,2257.08,21.0,5168.450000000001,69.60378585770982
10863,4679.28,72.0,3726.38,86.0,952.8999999999996,20.364244071737524
10864,1117.87,13.0,1601.1,27.0,-483.23,-43.227745623373025
10869,0.0,,194.76,12.0,-194.76,0.0
10870,5664.99,301.0,3835.15,367.0,1829.8399999999997,32.300851369552284
10874,75899.9,6810.0,51889.229999999996,6891.0,24010.67,31.63465301008302
10895,48218.77,2323.0,31897.11,2361.0,16321.659999999996,33.849183627039835
10910,1979.67,33.0,1489.32,36.0,490.35000000000014,24.769279728439596
10916,13274.72,928.0,8939.28,952.0,4335.439999999999,32.65937059312738
10917,45.98,2.0,0.0,,45.98,100.0
10927,31828.14,3186.0,21615.3,3290.0,10212.84,32.08745468632475
10931,11816.62,1038.0,8278.27,1001.0,3538.3500000000004,29.94384180924833
10932,4453.27,373.0,3162.87,339.0,1290.4000000000005,28.9764599945658
10935,7953.150000000001,185.0,6365.76,228.0,1587.3900000000003,19.959261424718513
10937,1349.85,15.0,924.5999999999999,15.0,425.25,31.503500388932103
10938,1679.88,12.0,545.4000000000001,6.0,1134.48,67.53339524251733
10957,145958.24,15576.0,95202.72,15556.0,50755.51999999999,34.77400111155081
10972,5792.78,322.0,1893.3600000000001,161.0,3899.4199999999996,67.31517509727625
10991,10374.51,1469.0,9922.5,1470.0,452.0100000000002,4.356928664582715
11003,7315.839999999999,416.0,5973.75,531.0,1342.0899999999992,18.34498840871314
11016,103.87,13.0,92.69999999999999,18.0,11.170000000000016,10.753826899008391
11022,2303.84,216.0,1589.28,258.0,714.5600000000002,31.01604278074867
11029,3944.5299999999997,147.0,2563.2,144.0,1381.33,35.018874238502434
11037,12401.03,2297.0,7176.64,2188.0,5224.39,42.12867802109986
11038,535.0699999999999,93.0,730.62,162.0,-195.55000000000007,-36.54662006840228
11055,3761.34,66.0,8997.6,240.0,-5236.26,-139.2126210339932
11060,299.84999999999997,15.0,479.88,36.0,-180.03000000000003,-60.04002001000502
11067,40275.33,2507.0,12508.32,1518.0,27767.010000000002,68.94297327917612
11077,1043.6399999999999,36.0,359.82,18.0,683.8199999999999,65.52259399793033
11078,1427.1599999999999,84.0,688.8,60.0,738.3599999999999,51.73631547969394
11080,11411.54,1246.0,8705.3,1315.0,2706.2400000000016,23.714941191110064
11088,319.68,32.0,246.24,36.0,73.44,22.972972972972972
11089,52482.51,3977.0,28681.66,4181.0,23800.850000000002,45.35006042965552
11141,125279.82,12726.0,72288.75,13025.0,52991.07000000001,42.29816901077923
11143,83.89,11.0,94.08,24.0,-10.189999999999998,-12.146858982000236
11148,107.94,6.0,0.0,,107.94,100.0
11149,14950.23,977.0,14805.84,1259.0,144.38999999999942,0.9658045394619308
11150,191.76,24.0,125.81,23.0,65.94999999999999,34.39194826866917
11152,25744.04,2996.0,16027.22,3047.0,9716.820000000002,37.74395937855908
11153,20029.719999999998,2228.0,13657.199999999999,2280.0,6372.519999999999,31.815322430867727
11154,10608.199999999999,1180.0,7181.73,1191.0,3426.4699999999993,32.3002017307366
11156,3982.5699999999997,443.0,2761.85,455.0,1220.7199999999998,30.651564190962116
11163,887.63,37.0,873.6,60.0,14.029999999999973,1.5806135439315903
11164,1999.75,25.0,1377.22,26.0,622.53,31.130391298912365
11174,649.35,65.0,472.86,71.0,176.49,27.17948717948718
11176,227.62,38.0,194.4,48.0,33.22,14.594499604604163
11181,189.89999999999998,10.0,301.92,24.0,-112.02000000000004,-58.988941548183284
11187,5209.08,92.0,979.16,26.0,4229.92,81.20282276332865
11190,517.93,7.0,0.0,,517.93,100.0
11196,58661.03,5697.0,40278.0,6850.0,18383.03,31.33772114127556
11199,18305.57,1143.0,12338.199999999999,1259.0,5967.370000000001,32.59865713004294
11200,8012.49,551.0,5268.9400000000005,569.0,2743.5499999999993,34.24091636931839
11207,4789.85,315.0,3494.92,338.0,1294.9300000000003,27.034875831184696
11209,2221.29,171.0,8.78,1.0,2212.5099999999998,99.60473418599102
11213,503067.48,25652.0,331565.39999999997,26190.0,171502.08000000002,34.09126743791907
11214,534970.9199999999,7612.0,377726.65,7505.0,157244.2699999999,29.393049999801846
11216,71.94,6.0,48.96,6.0,22.979999999999997,31.943286071726433
11219,1095045.04,78392.0,675453.2,80030.0,419591.8400000001,38.31731341388479
11227,19401.76,1224.0,11860.87,1219.0,7540.889999999998,38.86704092824568
11236,0.0,,13.01,1.0,-13.01,0.0
11238,43182.649999999994,2035.0,28346.84,2141.0,14835.809999999994,34.35595082747353
11239,404.85,15.0,417.84,24.0,-12.989999999999952,-3.2085957762134005
11240,11080.08,792.0,10547.58,1101.0,532.5,4.8059219789026795
11249,10321.189999999999,481.0,5316.160000000001,449.0,5005.029999999998,48.49276100914719
11259,1151.76,24.0,1339.88,43.0,-188.12000000000012,-16.333263874418293
11263,723.66,34.0,821.4,60.0,-97.74000000000001,-13.506342757648621
11274,649.87,13.0,32.18,1.0,617.69,95.04824041731425
11279,764.83,17.0,175.26,6.0,589.57,77.08510387929344
11280,1253.58,42.0,150.56,8.0,1103.02,87.98959779192394
11285,79.99,1.0,0.0,,79.99,100.0
11296,2471.17,183.0,1235.82,129.0,1235.3500000000001,49.990490334537895
11306,1317.16,84.0,1009.92,96.0,307.2400000000001,23.325943697045165
11310,13565.76,224.0,12987.09,339.0,578.6700000000001,4.2656659118250655
11313,284.43,57.0,358.45,107.0,-74.01999999999998,-26.023977780121637
11319,116.91,9.0,172.32,24.0,-55.41,-47.39543238388504
11320,23877.63,2037.0,16168.859999999999,2089.0,7708.770000000002,32.2844855205479
11321,4799.6,40.0,3426.72,44.0,1372.8800000000006,28.604050337528136
11333,6311.35,465.0,4186.0,455.0,2125.3500000000004,33.675045750909085
11336,1122.8600000000001,114.0,999.6000000000001,168.0,123.25999999999999,10.977325757440818
11337,18311.6,640.0,11824.32,678.0,6487.279999999999,35.4271609253151
11340,3983.06,294.0,1913.6,208.0,2069.46,51.95653592966212
11341,97.86,14.0,18.76,4.0,79.1,80.82975679542203
11353,25316.03,397.0,13462.0,424.0,11854.029999999999,46.82420584902135
11354,12611.960000000001,1204.0,7654.05,1165.0,4957.910000000001,39.311177644077524
11366,6964.77,723.0,4831.72,796.0,2133.05,30.626280551978024
11367,21002.13,2187.0,13396.49,2207.0,7605.640000000001,36.21366023350966
11372,224.85000000000002,15.0,0.0,,224.85000000000002,100.0
11373,285.64,36.0,247.2,48.0,38.44,13.45749894972693
11385,643.86,14.0,895.8,30.0,-251.93999999999994,-39.12962445252072
11389,145.98,2.0,0.0,,145.98,100.0
11395,275.88,12.0,187.68,12.0,88.19999999999999,31.970421922575028
11396,6978.2300000000005,477.0,4236.88,502.0,2741.3500000000004,39.28431708327184
11397,4859.17,383.0,2372.69,289.0,2486.48,51.170878977273894
11414,31986.41,5659.0,18653.72,5722.0,13332.689999999999,41.68235822650932
11420,84.83000000000001,17.0,0.0,,84.83000000000001,100.0
11423,12590.2,1780.0,14039.28,2108.0,-1449.08,-11.509586821496082
11424,371.69,31.0,378.34999999999997,47.0,-6.659999999999968,-1.791815760445524
11426,0.0,,80.4,12.0,-80.4,0.0
11427,21.96,4.0,0.0,,21.96,100.0
11432,49.95,5.0,164.16,24.0,-114.21,-228.64864864864862
11433,3496.5,350.0,2397.7200000000003,348.0,1098.7799999999997,31.42513942513942
11437,8634.6,540.0,633.0699999999999,59.0,8001.530000000001,92.6682185625275
11440,55133.22,3678.0,34110.48,3732.0,21022.739999999998,38.13080389645299
11441,24380.649999999998,1435.0,16385.2,1495.0,7995.449999999997,32.79424461611974
11443,7078.18,842.0,4605.12,864.0,2473.0600000000004,34.9392075364006
11449,6808.1,490.0,4685.2,530.0,2122.9000000000005,31.18197441283178
11453,560.67,33.0,543.3199999999999,47.0,17.350000000000023,3.0945119232347054
11456,66261.44,1856.0,43758.72,1926.0,22502.72,33.96050553685522
11460,67475.35,1665.0,48771.1,1805.0,18704.250000000007,27.72012297824317
11468,0.0,,161.04,12.0,-161.04,0.0
11480,6640.57,443.0,4647.72,462.0,1992.8499999999995,30.010225025863736
11488,86267.59,8389.0,65623.95,8715.0,20643.64,23.92977478564082
11489,517.34,66.0,553.32,106.0,-35.98000000000002,-6.954807283411299
11499,62053.75,2225.0,37884.479999999996,2077.0,24169.270000000004,38.94892734121629
11529,4306.05,735.0,458.72,122.0,3847.33,89.34708143193878
11553,9162.51,49.0,10877.58,89.0,-1715.0699999999997,-18.71834246292773
11640,28519.71,2129.0,15472.16,2384.0,13047.55,45.749237983135174
11653,50.97,3.0,45.99,7.0,4.979999999999997,9.77045320776927
11668,382.99,1.0,260.54,1.0,122.44999999999999,31.97211415441656
11698,23979.920000000002,2008.0,15640.8,1995.0,8339.120000000003,34.77542877540877
11699,11018.99,1351.0,11030.88,1407.0,-11.889999999999418,-0.10790462646757479
11703,5247.5,250.0,4199.2,290.0,1048.3000000000002,19.977131967603622
11709,719.88,12.0,0.0,,719.88,100.0
11743,89.88,12.0,58.8,12.0,31.08,34.57943925233645
11744,155.88,12.0,78.36,12.0,77.52,49.73056197074673
11745,10931.84,1216.0,7497.0,1225.0,3434.84,31.420511094198233
11749,5560.71,329.0,3780.0,350.0,1780.71,32.02306899658497
11768,22.98,2.0,183.84,24.0,-160.86,-700.0000000000001
11769,10.58,2.0,169.44,48.0,-158.85999999999999,-1501.5122873345933
11770,123.91999999999999,8.0,111.96,12.0,11.959999999999994,9.651387992253062
11771,3557.7799999999997,122.0,2933.0099999999998,153.0,624.77,17.56066985592139
11774,4274.81,19.0,2516.34,17.0,1758.4700000000003,41.13562941978708
11775,4724.79,21.0,2849.8100000000004,19.0,1874.9799999999996,39.683880130122176
11776,3149.86,14.0,2157.4,14.0,992.46,31.508067025201118
11801,131.88,12.0,87.36,12.0,44.519999999999996,33.75796178343949
11808,0.0,,90.36,12.0,-90.36,0.0
11819,3966.34,266.0,2336.84,226.0,1629.5,41.08321525638245
11820,104.79,21.0,33.3,10.0,71.49000000000001,68.22215860292013
11821,33055.82,1918.0,21042.84,1974.0,12012.98,36.34149750331409
11825,208652.63,27737.0,136072.0,29200.0,72580.63,34.785389477237835
11826,350764.84,46616.0,226290.96,47943.0,124473.88000000003,35.48641876420682
11827,121553.51,16099.0,79339.68,16668.0,42213.83,34.72859812933415
11828,361343.84,47866.0,191568.38,48254.0,169775.46000000002,46.98446222301728
11854,28731.54,2246.0,19491.88,2326.0,9239.66,32.158596441402025
11856,3025.4900000000002,251.0,2085.81,277.0,939.6800000000003,31.05877064541612
11868,625.62,88.0,560.23,121.0,65.38999999999999,10.452031584668008
11873,43.94,6.0,108.96,24.0,-65.02,-147.9745106964042
11880,184.95000000000002,5.0,603.84,24.0,-418.89,-226.48824006488235
11881,73.98,2.0,25.51,1.0,48.47,65.5177074885104
11888,48732.74,3726.0,24773.7,3290.0,23959.039999999997,49.16415535018142
11891,27000.79,421.0,13349.28,336.0,13651.51,50.559668809690386
11915,65067.5,2050.0,56193.2,2867.0,8874.300000000003,13.638606062934649
11917,823.96,4.0,411.99,3.0,411.97,49.99878634885189
11918,999.92,8.0,171.22,2.0,828.6999999999999,82.87663013041043
11926,10757.43,857.0,7389.9,918.0,3367.5300000000007,31.304224150192013
11928,271.90999999999997,9.0,265.20000000000005,13.0,6.709999999999923,2.4677282924496793
11932,8887.39,311.0,6090.57,333.0,2796.8199999999997,31.46953154975758
11939,131.88,12.0,90.96,12.0,40.92,31.028207461328485
11957,110650.75,9185.0,91812.78,9246.0,18837.97,17.02471063232739
11970,264292.94,17962.0,140352.84,18204.0,123940.1,46.89497192017312
11997,339.96,4.0,0.0,,339.96,100.0
12005,740.87,13.0,1155.3,30.0,-414.42999999999995,-55.938288768609866
12021,458.7,50.0,322.8,60.0,135.89999999999998,29.62720732504905
12024,9813.789999999999,521.0,5826.24,504.0,3987.5499999999993,40.63211053018252
12039,2230.14,186.0,1786.32,216.0,443.81999999999994,19.900992762786192
12052,1088.31,69.0,598.5,70.0,489.80999999999995,45.00647793367698
12067,6535.65,935.0,4181.55,915.0,2354.0999999999995,36.019370682334575
12069,43697.38,5234.0,27540.11,5167.0,16157.269999999997,36.9753747249835
12073,93.9,10.0,180.72,24.0,-86.82,-92.46006389776356
12076,2399.7,30.0,906.61,17.0,1493.0899999999997,62.21986081593531
12078,12040.79,1021.0,7846.52,1049.0,4194.27,34.83384395874357
12079,5063.55,445.0,3343.5,450.0,1720.0500000000002,33.96925082205173
12084,71.98,2.0,0.0,,71.98,100.0
12086,7092.93,507.0,4882.9,506.0,2210.0300000000007,31.15820965383841
12089,2557.31,69.0,2140.3199999999997,84.0,416.99000000000024,16.30580570990612
12090,76.93,7.0,89.76,12.0,-12.829999999999998,-16.677499025087737
12097,1439.28,72.0,966.24,72.0,473.03999999999996,32.86643321660831
12109,61101.229999999996,3177.0,41687.73,3381.0,19413.499999999993,31.772682808513007
12110,100054.27,6173.0,67444.3,6454.0,32609.97,32.59228216846717
12111,64023.96,4004.0,44325.63,4131.0,19698.33,30.767122183632505
12113,19623.44,2456.0,12992.24,2456.0,6631.199999999999,33.79224030037547
12115,17.97,3.0,95.76,24.0,-77.79,-432.8881469115193
12116,19779.2,1796.0,14295.779999999999,1847.0,5483.420000000002,27.723163727552187
12117,271.92,8.0,169.52,8.0,102.4,37.65813474551339
12123,55077.9,9350.0,32109.36,9528.0,22968.54,41.70191673974498
12124,354.29,71.0,272.16,84.0,82.13,23.181574416438508
12125,49.95,5.0,80.4,12.0,-30.450000000000003,-60.96096096096096
12133,191.89000000000001,31.0,50.88,12.0,141.01000000000002,73.4848090051592
12134,461.58,42.0,278.53999999999996,38.0,183.04000000000002,39.65509770787297
12139,6599.700000000001,30.0,1346.85,9.0,5252.85,79.59225419337243
12140,17887.49,1851.0,10762.11,1821.0,7125.380000000001,39.83443177326724
12146,143.88,12.0,78.84,12.0,65.03999999999999,45.204336947456206
12147,127382.74,14830.0,85911.58,16333.0,41471.16,32.556341620536664
12149,2735.2400000000002,76.0,23.99,1.0,2711.2500000000005,99.12292888375427
12154,9821.93,607.0,5492.76,546.0,4329.17,44.07657150885824
12155,19265.56,1744.0,11678.1,1743.0,7587.460000000001,39.38354244569066
12165,5510.75,225.0,1953.9,130.0,3556.85,64.54384611894932
12181,194360.12,5188.0,140564.16,5742.0,53795.95999999999,27.678497008542696
12188,215.28000000000003,72.0,143.28,72.0,72.00000000000003,33.444816053511715
12191,8902.21,779.0,5081.58,763.0,3820.629999999999,42.917769857147825
12192,8458.63,137.0,6630.96,168.0,1827.6699999999992,21.607163334960855
12199,1594.71,29.0,327.78000000000003,9.0,1266.93,79.44579265195553
12203,80879.04,8096.0,56484.72,8258.0,24394.319999999992,30.1614855962682
12204,1880.86,314.0,1278.3600000000001,318.0,602.4999999999998,32.03321884669778
12211,43544.35,2365.0,26295.52,2384.0,17248.829999999998,39.61209663251374
12212,165918.04,9296.0,106041.59999999999,10080.0,59876.44000000002,36.08796246628758
12213,145025.77,16723.0,88327.12999999999,16697.0,56698.64,39.09556211975293
12216,195680.4,19810.0,137215.98,20603.0,58464.419999999984,29.877504338707396
12218,1035.57,143.0,298.98,151.0,736.5899999999999,71.1289434804021
12220,223629.58000000002,23606.0,128484.08,23446.0,95145.50000000001,42.54602633515656
12224,4649.83,417.0,2818.53,429.0,1831.2999999999997,39.384235552697625
12227,52288.090000000004,3891.0,34249.52,4058.0,18038.570000000007,34.49842975713974
12234,10523.5,1850.0,6207.84,1916.0,4315.66,41.009740105478215
12235,10245.42,458.0,6617.2699999999995,473.0,3628.1500000000005,35.4124086665066
12253,735.08,92.0,10.44,2.0,724.64,98.57974642215812
12256,133.9,10.0,108.36,12.0,25.540000000000006,19.073935772964905
12257,38.97,3.0,112.68,12.0,-73.71000000000001,-189.1454965357968
12258,314.73,27.0,271.08,36.0,43.650000000000034,13.869030597655144
12259,583.54,46.0,430.79999999999995,60.0,152.74,26.174726668266104
12268,176.79,21.0,187.92000000000002,36.0,-11.130000000000024,-6.295604955031407
12269,125.86,14.0,203.0,35.0,-77.14,-61.29032258064516
12270,22722.66,1634.0,13890.960000000001,1593.0,8831.699999999999,38.86736852111504
12271,9137.04,696.0,6001.38,693.0,3135.6600000000008,34.318116151401334
12273,207.84,16.0,207.84,24.0,0.0,0.0
12304,8321.06,694.0,6192.25,775.0,2128.8099999999995,25.58339923038651
12306,1992.53,147.0,2114.56,236.0,-122.02999999999997,-6.124374538902801
12307,35.98,2.0,139.68,12.0,-103.70000000000002,-288.21567537520855
12310,12908.199999999999,680.0,7650.0,625.0,5258.199999999999,40.73534652391503
12324,2634.0699999999997,93.0,2621.52,132.0,12.549999999999727,0.47644899338285346
12333,236.97,3.0,159.03,3.0,77.94,32.89023927079377
12339,8262.32,568.0,9033.939999999999,943.0,-771.619999999999,-9.339023421992842
12340,970.4,60.0,257.6,28.0,712.8,73.45424567188788
12343,55937.67,3033.0,34344.96,3072.0,21592.71,38.601375423752906
12346,179.88,12.0,0.0,,179.88,100.0
12351,1059.47,53.0,810.6,60.0,248.87,23.490046910247575
12353,1739.1299999999999,87.0,784.2,60.0,954.9299999999998,54.908488727122176
12354,89.92999999999999,17.0,21.9,6.0,68.03,75.64772600911822
12355,89.94,6.0,235.2,24.0,-145.26,-161.50767178118747
12368,42649.7,3930.0,29132.81,4109.0,13516.889999999996,31.692813782980885
12374,3466.53,347.0,892.44,134.0,2574.09,74.25552353506244
12378,1117.14,86.0,941.76,108.0,175.3800000000001,15.699017133036156
12387,8123.72,528.0,7657.2,709.0,466.52000000000044,5.742689309823583
12388,1891.3799999999999,62.0,1393.1999999999998,72.0,498.18000000000006,26.339498144212172
12389,2110.08,192.0,1388.16,192.0,721.9199999999998,34.212920837124656
12390,820.63,137.0,594.44,154.0,226.18999999999994,27.562969913359243
12394,503.4,60.0,333.36,72.0,170.03999999999996,33.77830750893921
12401,8145.54,1246.0,9317.22,1254.0,-1171.6799999999994,-14.38431337885517
12415,4728.74,526.0,2974.3199999999997,486.0,1754.42,37.101215122844565
12416,9461.46,1054.0,5628.2,1070.0,3833.2599999999993,40.514466054921755
12420,241.89,11.0,0.0,,241.89,100.0
12428,6134.12,88.0,3268.23,79.0,2865.89,46.72047498255658
12429,2409.4,160.0,72.64,8.0,2336.76,96.98514152901137
12443,10072.41,1159.0,9406.800000000001,1404.0,665.6099999999988,6.608249664181648
12449,277.45000000000005,5.0,765.4000000000001,20.0,-487.95000000000005,-175.86952604072806
12450,8085.28,872.0,4290.84,822.0,3794.4399999999996,46.93022381414125
12465,47964.35,3665.0,20401.920000000002,3312.0,27562.429999999997,57.46440846170123
12473,21778.01,1799.0,15125.07,1893.0,6652.939999999999,30.54888853481103
12475,132.92999999999998,7.0,301.92,24.0,-168.99000000000004,-127.12705935454755
12476,1279.2,80.0,127.92,12.0,1151.28,89.99999999999999
12477,11507.939999999999,606.0,7569.7,590.0,3938.239999999999,34.22193720161905
12478,79948.61,4239.0,44596.240000000005,4069.0,35352.369999999995,44.21886759507137
12479,57755.93,4407.0,34872.48,4392.0,22883.449999999997,39.620953207748535
12494,10282.23,2577.0,7018.919999999999,2619.0,3263.3100000000004,31.737376036132247
12495,60351.79,7621.0,34488.66,7401.0,25863.129999999997,42.85395677576423
12496,536.87,63.0,347.76,72.0,189.11,35.224542254176995
12505,31536.69,3131.0,19459.44,3159.0,12077.25,38.29587061926918
12506,253.93,7.0,331.63,13.0,-77.69999999999999,-30.59898397196077
12507,9453.63,337.0,7460.16,409.0,1993.4699999999993,21.08682061811177
12511,1888.81,119.0,1170.0700000000002,121.0,718.7399999999998,38.052530429212034
12515,38.97,3.0,202.56,24.0,-163.59,-419.7844495765974
12517,116.91,9.0,143.76,24.0,-26.849999999999994,-22.966384398255062
12518,801.66,134.0,1113.97,143.0,-312.31000000000006,-38.957912331911295
12519,578.71,129.0,458.64,168.0,120.07000000000005,20.747870263171546
12520,31549.97,3903.0,19101.84,4047.0,12448.130000000001,39.455283158747854
12532,367.77,23.0,255.84,24.0,111.92999999999998,30.43478260869565
12534,13600.44,1356.0,9597.77,1393.0,4002.67,29.43044489737097
12536,1549.59,141.0,1337.3999999999999,180.0,212.19000000000005,13.693299517937007
12538,505.54,46.0,351.56,47.0,153.98000000000002,30.458519602800965
12539,1748.75,125.0,181.6,20.0,1567.15,89.61543959971408
12543,83.94,6.0,230.0,25.0,-146.06,-174.0052418394091
12544,203.88,12.0,281.28,24.0,-77.39999999999998,-37.96350794585049
12561,2217.12,88.0,3314.64,168.0,-1097.52,-49.50205672223425
12570,459.98,2.0,0.0,,459.98,100.0
12575,125.91,9.0,0.0,,125.91,100.0
12585,255.83,17.0,239.76,24.0,16.07000000000002,6.2815150686002506
12586,62584.53,6697.0,36583.8,7590.0,26000.729999999996,41.544979246468735
12589,9704.539999999999,2026.0,5979.15,1935.0,3725.3899999999994,38.388115253273206
12592,1328.52,48.0,325.98,18.0,1002.54,75.46292114533466
12593,3997.5899999999997,141.0,2065.71,111.0,1931.8799999999997,48.32611648518232
12595,383.52,48.0,439.52,82.0,-56.0,-14.601585314977056
12606,15.99,1.0,254.16,24.0,-238.17,-1489.4934333958722
12607,1811.37,63.0,1028.1599999999999,56.0,783.21,43.2385432021067
12621,819.36,64.0,654.36,84.0,165.0,20.13766842413591
12625,635.52,48.0,405.12,48.0,230.39999999999998,36.25377643504532
12637,98.89,11.0,0.0,,98.89,100.0
12646,3550.33,67.0,2324.92,68.0,1225.4099999999999,34.51538307706607
12650,17888.65,1935.0,22687.2,2466.0,-4798.549999999999,-26.824550762634402
12655,594.83,17.0,115.85000000000001,5.0,478.98,80.52384714960577
12656,4489.09,91.0,7257.4800000000005,307.0,-2768.3900000000003,-61.66929154906674
12662,2448.25,175.0,1952.1999999999998,215.0,496.0500000000002,20.261411212090277
12663,44809.5,5550.0,31784.399999999998,5886.0,13025.100000000002,29.067720014729026
12665,235.72,28.0,281.28,24.0,-45.559999999999974,-19.328016290514157
12666,49511.85,4215.0,20843.7,3111.0,28668.149999999998,57.90159325494806
12681,6155.13,487.0,3952.8,488.0,2202.33,35.780397814505946
12684,9359.92,608.0,7547.28,708.0,1812.6400000000003,19.36597748698707
12685,26868.4,1860.0,15477.86,1847.0,11390.54,42.39381578359709
12690,782.73,27.0,579.9,30.0,202.83000000000004,25.913150128396772
12697,63582.97,5303.0,42915.11,5509.0,20667.86,32.505339086865554
12747,47936.4,8220.0,26692.64,8138.0,21243.760000000002,44.31655276574795
12757,3099.02,298.0,1755.4,262.0,1343.62,43.35628682615794
12768,1879.29,171.0,1264.42,191.0,614.8699999999999,32.71820740811689
12771,339061.28,25372.0,226816.56,26874.0,112244.72000000003,33.104552663754475
12772,54505.04,3896.0,37122.0,4035.0,17383.04,31.892536910348106
12773,33045.57,2243.0,24395.579999999998,2442.0,8649.990000000002,26.175944309630616
12774,207.84,16.0,100.56,12.0,107.28,51.61662817551963
12775,91461.57,8743.0,60724.0,8930.0,30737.570000000007,33.607087654410485
12783,203.88,12.0,140.64,12.0,63.24000000000001,31.018246027074753
12784,293.79,21.0,0.0,,293.79,100.0
12803,5385.04,296.0,3498.75,311.0,1886.29,35.02833776536479
12816,395.93999999999994,6.0,267.54,6.0,128.39999999999992,32.429155932717066
12891,95.88,12.0,63.12,12.0,32.76,34.16770963704631
12900,1928.78,322.0,1428.98,346.0,499.79999999999995,25.912753139290118
12901,42091.18,4682.0,24704.4,4760.0,17386.78,41.30741879890276
12910,2107.66,34.0,3016.08,72.0,-908.4200000000001,-43.10087964852017
12913,4664.51,49.0,2408.04,36.0,2256.4700000000003,48.375284863790625
12924,5115.0,400.0,3914.32,452.0,1200.6799999999998,23.473704789833818
12943,71732.46,7554.0,34412.6,7481.0,37319.86000000001,52.02646054519809
12944,27327.24,2576.0,17414.8,2561.0,9912.440000000002,36.27311063978653
12945,20952.99,2001.0,13682.25,2027.0,7270.740000000002,34.70025041772082
12946,14912.14,1486.0,9283.41,1413.0,5628.73,37.74595732067966
12951,12457.0,1100.0,7658.1,1143.0,4798.9,38.52372160231195
12963,6210.72,728.0,3271.5699999999997,683.0,2939.1500000000005,47.32382074864107
12994,110585.18,9170.0,86585.76,10611.0,23999.42,21.702202772559577
13045,1800.96,224.0,302.57,79.0,1498.39,83.19951581378821
13052,46415.01,5549.0,30177.99,5517.0,16237.02,34.982261126303754
13059,1189.86,14.0,1350.72,24.0,-160.86000000000013,-13.5192375573597
13060,7115.16,84.0,4526.759999999999,84.0,2588.4000000000005,36.37866189938105
13061,8459.550000000001,45.0,4542.12,36.0,3917.430000000001,46.30778232884729
13062,7048.59,141.0,2566.4100000000003,77.0,4482.18,63.589739224440635
13064,2699.73,27.0,4428.06,78.0,-1728.3300000000004,-64.0186240846307
13065,10798.800000000001,120.0,6221.2,103.0,4577.600000000001,42.38989517353781
13081,14683.34,466.0,9821.25,485.0,4862.09,33.11297020977516
13082,2969.46,54.0,2551.74,71.0,417.72000000000025,14.067204138126133
13086,37638.67,133.0,23892.48,128.0,13746.189999999999,36.521455194883345
13094,63.95,5.0,0.0,,63.95,100.0
13097,30668.32,3218.0,21336.379999999997,3562.0,9331.940000000002,30.428598632073754
13113,9303.18,282.0,6336.5,290.0,2966.6800000000003,31.888881006279572
13122,7275.26,474.0,4464.88,469.0,2810.38,38.62927235590205
13123,18055.83,1317.0,11972.56,1373.0,6083.270000000002,33.69144481311577
13124,2616.1,190.0,1861.36,212.0,754.74,28.849814609533276
13129,54.95,5.0,128.52,18.0,-73.57000000000001,-133.88535031847135
13132,354.68,32.0,221.92,38.0,132.76000000000002,37.430923649486864
13141,37650.2,3580.0,25216.16,3512.0,12434.039999999997,33.02516321294441
13143,21090.97,1403.0,15322.84,1492.0,5768.130000000001,27.348813259892747
13144,2596.05,195.0,1915.2,224.0,680.8500000000001,26.22638238862888
13145,902.54,46.0,873.6,60.0,28.93999999999994,3.2065060828328877
13147,27183.92,1408.0,19059.65,1465.0,8124.269999999997,29.88630778783927
13150,836.6899999999999,31.0,0.0,,836.6899999999999,100.0
13153,143.88,12.0,99.24,12.0,44.64,31.02585487906589
13154,20705.2,1480.0,8857.23,1137.0,11847.970000000001,57.22219539052992
13163,100847.39,12613.0,72630.66,13278.0,28216.729999999996,27.97963338466171
13172,978.65,185.0,675.25,185.0,303.4,31.00189035916824
13179,323.76,24.0,216.72,24.0,107.03999999999999,33.06152705707932
13181,735.54,46.0,386.28,36.0,349.26,47.48348152377845
13183,575.64,36.0,388.79999999999995,36.0,186.84000000000003,32.45778611632271
13188,0.0,,100.56,12.0,-100.56,0.0
13215,43015.07,1643.0,30255.539999999997,1757.0,12759.530000000002,29.662929759268096
13220,14.97,3.0,81.36,24.0,-66.39,-443.4869739478958
13224,83.94,6.0,253.53000000000003,27.0,-169.59000000000003,-202.03716940671913
13225,41356.979999999996,1802.0,25840.0,1900.0,15516.979999999996,37.51961579399656
13229,1699.83,17.0,810.72,12.0,889.1099999999999,52.30581881717583
13242,178.85000000000002,15.0,179.52,24.0,-0.6699999999999875,-0.3746155996645163
13244,1919.76,24.0,0.0,,1919.76,100.0
13245,1374.75,25.0,0.0,,1374.75,100.0
13251,750.5,50.0,683.76,74.0,66.74000000000001,8.892738174550301
13255,1061.32,68.0,704.8399999999999,67.0,356.48,33.58836166283496
13258,62384.91,5809.0,37947.03,5847.0,24437.880000000005,39.17274225449713
13260,80.91,9.0,0.0,,80.91,100.0
13267,804.5699999999999,43.0,719.4,60.0,85.16999999999996,10.585778738953723
13268,12736.39,1961.0,8345.32,2162.0,4391.07,34.47656675086112
13270,55.92,8.0,95.28,24.0,-39.36,-70.3862660944206
13276,187.89999999999998,10.0,151.92,12.0,35.97999999999999,19.1484832357637
13278,28010.66,934.0,21210.48,1068.0,6800.18,24.277114498551626
13287,319.9,10.0,0.0,,319.9,100.0
13301,114.92999999999999,7.0,246.48,24.0,-131.55,-114.46097624641087
13303,70100.23,4977.0,47586.56,5311.0,22513.67,32.116399618089694
13310,65.94,6.0,136.44,18.0,-70.5,-106.91537761601457
13319,179.64000000000001,36.0,116.64000000000001,36.0,63.0,35.07014028056112
13321,588.82,118.0,384.68,118.0,204.14000000000004,34.669338677354716
13329,12.99,1.0,207.84,24.0,-194.85,-1500.0
13331,111.93,7.0,0.0,,111.93,100.0
13338,31896.11,3989.0,37497.27,4019.0,-5601.159999999996,-17.560636704601272
13339,31434.71,3929.0,36743.07,4069.0,-5308.360000000001,-16.886938037602388
13341,17737.53,847.0,8010.2,605.0,9727.329999999998,54.84038645741543
13344,5.29,1.0,3.57,1.0,1.7200000000000002,32.51417769376182
13358,119.92,8.0,350.28,36.0,-230.35999999999996,-192.09472981987986
13363,14389.249999999998,825.0,11782.0,1075.0,2607.249999999998,18.119429435168605
13375,67.96,4.0,344.4,30.0,-276.44,-406.76868746321367
13379,764.49,51.0,415.33,41.0,349.16,45.67227825086005
13393,1330.8600000000001,114.0,0.0,,1330.8600000000001,100.0
13394,156.33,27.0,75.81,19.0,80.52000000000001,51.506428708501254
13395,2742.04,196.0,1876.8000000000002,204.0,865.2399999999998,31.554608977257804
13397,49109.71,2229.0,33335.15,2435.0,15774.559999999998,32.121061191361136
13418,153.09,21.0,179.64000000000001,36.0,-26.55000000000001,-17.342739564961796
13421,118.83,17.0,54.48,12.0,64.35,54.15299166877051
13422,44288.71,4361.0,26806.2,4156.0,17482.51,39.47396526112411
13424,39.96,4.0,80.4,12.0,-40.440000000000005,-101.20120120120121
13427,12670.34,466.0,8001.389999999999,493.0,4668.950000000001,36.84944523982782
13430,134120.52,12148.0,74903.34,12674.0,59217.17999999999,44.15221473940005
13433,14624.21,779.0,9753.03,791.0,4871.1799999999985,33.30901293129679
13442,1138.33,67.0,977.76,84.0,160.56999999999994,14.105751407764
13443,3461.15,285.0,6127.75,635.0,-2666.6,-77.0437571327449
13445,21411.06,1794.0,13245.36,1832.0,8165.700000000001,38.13776618252436
13446,701.46,54.0,513.0,60.0,188.46000000000004,26.866820631254818
13447,419.29999999999995,70.0,333.48,84.0,85.81999999999994,20.46744574290483
13451,14288.09,1191.0,9772.699999999999,1214.0,4515.390000000001,31.602474508489248
13454,14113.0,550.0,10336.0,608.0,3777.0,26.76255934245022
13458,106909.75,11461.0,68980.84,11516.0,37928.91,35.47750322117487
13461,43680.86,4314.0,25536.84,4343.0,18144.02,41.53768950519747
13478,350.72999999999996,27.0,167.79,21.0,182.93999999999997,52.1597810281413
13487,17381.26,974.0,11679.36,948.0,5701.899999999998,32.804871453507964
13489,61413.659999999996,3234.0,42274.85,3295.0,19138.809999999998,31.16376714887209
13491,51659.72,5128.0,40768.0,5600.0,10891.720000000001,21.08358310885154
13492,31755.79,3009.0,19184.399999999998,3285.0,12571.390000000003,39.587709831813356
13494,239.92,8.0,165.44,8.0,74.47999999999999,31.043681227075687
13497,122141.45,10455.0,74704.8,10986.0,47436.649999999994,38.837470817646256
13498,16978.73,2127.0,9926.720000000001,2144.0,7052.009999999998,41.53437860193311
13504,11894.53,1747.0,14152.32,1944.0,-2257.789999999999,-18.98175043486375
13505,11780.19,1181.0,5109.799999999999,881.0,6670.390000000001,56.62378959931886
13525,12812.81,319.0,23778.14,643.0,-10965.33,-85.58099277207732
13527,55.98,2.0,0.0,,55.98,100.0
13528,539.7299999999999,27.0,374.1,29.0,165.62999999999988,30.68756600522482
13530,47958.4,2660.0,72486.61,4207.0,-24528.21,-51.14476296123307
13539,41.97,3.0,205.2,24.0,-163.23,-388.9206576125804
13544,90.96,24.0,62.64,24.0,28.319999999999993,31.134564643799468
13546,45.48,12.0,61.44,24.0,-15.96,-35.09234828496043
13548,56.85,15.0,61.44,24.0,-4.589999999999996,-8.07387862796833
13550,917.82,18.0,378.95,11.0,538.8700000000001,58.71194787648996
13552,17706.15,385.0,11197.16,353.0,6508.990000000002,36.76118184924448
13553,25809.99,701.0,16901.78,667.0,8908.210000000003,34.514581369461986
13557,69.99,1.0,5526.0,120.0,-5456.01,-7795.413630518647
13558,19355.44,356.0,13982.76,428.0,5372.6799999999985,27.757984318620494
13561,311.74,26.0,185.76,24.0,125.98000000000002,40.41188169628537
13565,407.49,51.0,0.0,,407.49,100.0
13567,20823.95,1505.0,16374.15,1755.0,4449.800000000001,21.368664446466692
13575,359.59999999999997,40.0,354.6,60.0,4.999999999999943,1.3904338153503737
13576,15145.87,2263.0,10471.880000000001,2692.0,4673.99,30.859831756115693
13581,20345.93,407.0,16124.57,487.0,4221.360000000001,20.747933370457876
13582,0.0,,6552.0,120.0,-6552.0,0.0
13583,970.92,108.0,273.24,108.0,697.68,71.85761957730811
13590,363.74,26.0,342.71999999999997,36.0,21.02000000000004,5.778853026887347
13592,167.88,12.0,112.68,12.0,55.19999999999999,32.88062902072909
13594,5570.56,444.0,3590.4,440.0,1980.1600000000003,35.54687500000001
13595,12569.49,251.0,9765.36,297.0,2804.129999999999,22.30901969769656
13602,10294.35,165.0,3744.72,126.0,6549.630000000001,63.623541068644464
13603,10346.3,570.0,6984.0,600.0,3362.2999999999993,32.49760784048404
13604,0.0,,96.56,8.0,-96.56,0.0
13605,4903.349999999999,265.0,3144.24,264.0,1759.1099999999997,35.87567683318547
13606,303.92,8.0,4480.2,171.0,-4176.28,-1374.1379310344826
13614,32117.719999999998,1728.0,32458.72,2779.0,-341.00000000000364,-1.0617192004912044
13618,11081.84,616.0,7860.16,638.0,3221.6800000000003,29.07170650361312
13619,10035.96,504.0,7157.51,593.0,2878.449999999999,28.6813618228849
13620,8262.89,591.0,3560.44,668.0,4702.449999999999,56.91047563261763
13636,20242.489999999998,1051.0,15100.25,1445.0,5142.239999999998,25.403198914758008
13637,21030.72,1728.0,14328.960000000001,1756.0,6701.76,31.866526680969553
13638,65347.5,5550.0,48189.29,5827.0,17158.21,26.256872871953785
13651,5805.85,415.0,3612.0,400.0,2193.8500000000004,37.786887363607406
13654,137.88,12.0,78.84,12.0,59.03999999999999,42.81984334203655
13661,228007.94,12362.0,148352.58,12778.0,79655.36000000002,34.9353447954488
13662,82049.56,4768.0,52600.54,5578.0,29449.019999999997,35.89174640302763
13663,45579.619999999995,2250.0,22987.6,2020.0,22592.019999999997,49.56605605750991
13665,312371.37,23175.0,211814.4,23640.0,100556.97,32.19148092861391
13669,1956.49,101.0,1479.6000000000001,120.0,476.8899999999999,24.374773190765087
13670,7052.9400000000005,706.0,5874.12,882.0,1178.8200000000006,16.713881019830033
13676,44.92,8.0,0.0,,44.92,100.0
13688,1137.1599999999999,84.0,351.96000000000004,84.0,785.1999999999998,69.04921031341236
13693,6142.650000000001,535.0,4631.38,611.0,1511.2700000000004,24.602899400096053
13694,35625.72,2228.0,23911.2,2214.0,11714.52,32.882198591354786
13695,21334.32,2168.0,12794.32,2077.0,8540.0,40.029398640312884
13696,2297.46,354.0,1685.76,384.0,611.7,26.62505549606957
13697,287.64,36.0,312.10999999999996,59.0,-24.46999999999997,-8.507161729940194
13700,87.89,11.0,189.36,36.0,-101.47000000000001,-115.45113209693938
13702,2329.91,359.0,1682.1,378.0,647.81,27.80407826911769
13703,1979.45,305.0,1389.93,321.0,589.52,29.782010154335797
13708,138489.06999999998,7493.0,85054.31,7507.0,53434.75999999998,38.584099091718926
13709,16939.61,1639.0,11164.5,1654.0,5775.110000000001,34.09234333021835
13710,6459.62,838.0,5246.1,870.0,1213.5199999999995,18.786244392084978
13711,5737.03,597.0,3012.75,585.0,2724.2799999999997,47.48589426933448
13716,494.76000000000005,124.0,339.3,130.0,155.46000000000004,31.42129517341742
13718,4273.03,397.0,2358.72,324.0,1914.31,44.79982588467668
13723,38430.03,2197.0,26229.64,2269.0,12200.39,31.747021795195057
13724,1067.02,98.0,335.58000000000004,47.0,731.4399999999999,68.54979288110813
13725,119.85,15.0,191.88,36.0,-72.03,-60.10012515644556
13726,113.94,6.0,74.46,6.0,39.480000000000004,34.64981569246973
13731,23793.21,1279.0,14396.4,1240.0,9396.81,39.493662267512455
13734,541.63,37.0,338.04,36.0,203.58999999999997,37.58839059874822
13744,19463.35,2165.0,13079.07,2169.0,6384.279999999999,32.80154752393601
13745,8391.6,840.0,5531.9400000000005,842.0,2859.66,34.07764907764908
13748,65.94,6.0,0.0,,65.94,100.0
13766,20068.85,1615.0,13940.58,1698.0,6128.269999999999,30.536229031558854
13767,5889.79,421.0,4186.35,443.0,1703.4399999999996,28.921914024099326
13779,14138.98,1402.0,10611.15,1635.0,3527.83,24.951092653076813
13784,2033.1999999999998,80.0,1157.3100000000002,77.0,875.8899999999996,43.07938225457406
13791,779.74,26.0,493.25,25.0,286.49,36.74173442429528
13792,27072.91,3009.0,18972.8,3080.0,8100.110000000001,29.919613369970204
13793,31675.81,2919.0,19862.8,2921.0,11813.010000000002,37.29347410531886
13795,18490.91,1709.0,10803.75,1675.0,7687.16,41.572642990528855
13796,524.85,15.0,823.3199999999999,36.0,-298.4699999999999,-56.86767647899398
13805,4699.11,189.0,3374.18,226.0,1324.9299999999998,28.195339117407336
13807,38657.03,4197.0,25412.45,4271.0,13244.579999999998,34.26176299627778
13808,1282.93,107.0,944.86,119.0,338.07000000000005,26.35139875129586
13823,477.51,49.0,288.12,49.0,189.39,39.66199660740089
13826,65.88,12.0,44.16,12.0,21.72,32.96903460837887
13831,1678.6,140.0,1240.32,152.0,438.28,26.10985344930299
13832,29.950000000000003,5.0,138.96,36.0,-109.01,-363.97328881469116
13835,11.99,1.0,98.52,12.0,-86.53,-721.6847372810676
13836,18379.149999999998,985.0,10172.039999999999,948.0,8207.109999999999,44.65445899293493
13837,9999.47,1053.0,6039.42,1054.0,3960.0499999999993,39.60259893774369
13854,34295.74,2026.0,18829.14,1821.0,15466.599999999999,45.09772933897913
13860,989.82,18.0,34.01,1.0,955.8100000000001,96.56402174132671
13867,1706.78,122.0,1247.04,144.0,459.74,26.93610189948324
13871,460.68,132.0,304.91999999999996,132.0,155.76000000000005,33.810888252149006
13872,1256.4,360.0,938.52,396.0,317.8800000000001,25.300859598853876
13875,0.0,,6.84,1.0,-6.84,0.0
13887,5707.9400000000005,106.0,5418.0,175.0,289.9400000000005,5.079590885678555
13888,14.950000000000001,5.0,0.0,,14.950000000000001,100.0
13890,8.29,1.0,0.0,,8.29,100.0
13895,17722.28,1072.0,11512.67,1121.0,6209.609999999999,35.0384374922414
13899,9212.5,550.0,5893.8,564.0,3318.7,36.02388059701492
13916,155.88,12.0,107.52,12.0,48.36,31.023864511162436
13918,350.73,27.0,313.92,36.0,36.81,10.495252758532205
13920,1582.56,144.0,1041.1200000000001,144.0,541.4399999999998,34.21292083712465
13921,791.28,72.0,538.5600000000001,72.0,252.7199999999999,31.938125568698805
13929,311.76,24.0,189.36,24.0,122.39999999999998,39.26096997690531
13930,29931.18,4282.0,19946.72,4226.0,9984.46,33.35805671543854
13931,40792.99,2401.0,18939.899999999998,2030.0,21853.09,53.57069927945953
13932,10269.76,2144.0,6864.09,2193.0,3405.67,33.16211868631789
13933,19292.54,2146.0,12860.16,2176.0,6432.380000000001,33.341281137683275
13940,203177.05,11195.0,124490.85,11913.0,78686.19999999998,38.72789766363868
13941,3239.28,72.0,516.8,17.0,2722.4800000000005,84.04583734657085
13942,227.94,6.0,153.0,6.0,74.94,32.877072913924714
13948,40198.32,468.0,26297.73,519.0,13900.59,34.58002722501836
13949,19098.35,265.0,12255.42,314.0,6842.9299999999985,35.82995389654079
13950,1469.54,46.0,1429.92,72.0,39.61999999999989,2.69608176708357
13956,14631.92,1108.0,9192.2,1180.0,5439.719999999999,37.17707587247606
13958,30151.89,2611.0,18452.6,2570.0,11699.29,38.80118294408742
13959,489.65,35.0,561.68,59.0,-72.02999999999997,-14.710507505360967
13960,419.70000000000005,30.0,160.16,22.0,259.5400000000001,61.83940910173935
13963,70965.76,6624.0,44421.75,6581.0,26544.009999999995,37.40396777262725
13967,13211.91,1009.0,5435.2,632.0,7776.71,58.86136069652306
13968,52498.59,3941.0,35732.32,4264.0,16766.269999999997,31.936610107052392
13978,24807.91,709.0,21634.2,909.0,3173.709999999999,12.79313735014356
13979,58363.32,1668.0,39565.1,1730.0,18798.22,32.20896275263299
13980,775.03,97.0,506.34000000000003,97.0,268.68999999999994,34.66833541927409
13981,14932.98,1702.0,8316.06,1581.0,6616.92,44.31078056757593
13985,3214.28,272.0,1814.73,241.0,1399.5500000000002,43.54163296290305
13990,194.85,15.0,126.6,15.0,68.25,35.026943802925324
13991,44825.13,4487.0,29558.43,4499.0,15266.699999999997,34.05835075101845
13993,1605.99,201.0,1074.6,199.0,531.3900000000001,33.088001793286395
13994,13517.0,1300.0,7325.4,1263.0,6191.6,45.80602204631206
13997,0.0,,177.96,12.0,-177.96,0.0
14004,50555.68,3832.0,34968.1,3929.0,15587.580000000002,30.832499928791385
14006,812899.38,91600.0,515597.76,94779.0,297301.62,36.57299135841387
14008,58660.66,4834.0,38847.6,4796.0,19813.060000000005,33.77571953673894
14013,1699.32,68.0,452.78999999999996,27.0,1246.53,73.35463597203588
14020,674.91,9.0,0.0,,674.91,100.0
14031,1039.35,65.0,783.66,74.0,255.68999999999994,24.60095251840092
14036,76.89,11.0,0.0,,76.89,100.0
14050,285.74,26.0,1580.4,180.0,-1294.66,-453.0902218800308
14053,87.92,8.0,172.32,24.0,-84.39999999999999,-95.9963603275705
14054,74203.46,8254.0,50204.97,8271.0,23998.490000000005,32.341470330359265
14061,30101.3,370.0,7999.55,155.0,22101.75,73.42456970296965
14062,16168.89,311.0,7781.4,220.0,8387.49,51.874247397316694
14078,122361.85999999999,6614.0,74711.25,6641.0,47650.609999999986,38.942371421944706
14082,47.97,3.0,266.5,25.0,-218.53,-455.55555555555554
14096,2519.3,70.0,2137.0,100.0,382.3000000000002,15.17485015678959
14097,860.4300000000001,57.0,410.4,48.0,450.0300000000001,52.30291830828773
14099,143.76,24.0,143.64000000000001,36.0,0.11999999999997613,0.08347245409013365
14100,1180.03,197.0,868.32,216.0,311.7099999999999,26.41543011618348
14101,263.56,44.0,194.4,48.0,69.16,26.24070420397632
14102,23.96,4.0,96.48,24.0,-72.52000000000001,-302.6711185308848
14105,3909.66,34.0,1127.4,15.0,2782.2599999999998,71.16373290772088
14110,815.66,34.0,651.49,41.0,164.16999999999996,20.127258906897477
14119,4382.28,1332.0,3011.04,1394.0,1371.2399999999998,31.290561077795115
14120,2791.4,60.0,2205.0,70.0,586.4000000000001,21.007379809414633
14121,1193.62,38.0,822.12,39.0,371.4999999999999,31.12380824718084
14124,143.88,12.0,96.6,12.0,47.28,32.86071726438699
14126,2350.32,168.0,263.32,29.0,2087.0,88.79641921100105
14129,168780.04,18972.0,110007.04000000001,18304.0,58773.0,34.82224556884807
14130,16198.86,1714.0,9715.0,1675.0,6483.860000000001,40.02664385024625
14133,327.59,41.0,330.6,60.0,-3.0100000000000477,-0.9188314661619854
14137,220.83,17.0,0.0,,220.83,100.0
14141,428.87,13.0,0.0,,428.87,100.0
14157,17.99,1.0,11.76,1.0,6.229999999999999,34.63035019455252
14169,167.86,14.0,282.24,36.0,-114.38,-68.14011676396997
14174,8408.36,164.0,5259.87,161.0,3148.4900000000007,37.44475736053167
14184,73899.59,5341.0,44402.24,5092.0,29497.35,39.91544472709524
14190,298.73,27.0,221.76,36.0,76.97000000000003,25.765741639607683
14191,12169.85,1015.0,8182.72,1124.0,3987.13,32.76235943746225
14193,359.92,8.0,0.0,,359.92,100.0
14194,20286.66,534.0,15453.0,606.0,4833.66,23.82679061018423
14195,4283.36,164.0,5227.81,329.0,-944.4500000000007,-22.049279070636153
14207,167.88,12.0,113.4,12.0,54.47999999999999,32.45175125089349
14209,2279.0499999999997,95.0,0.0,,2279.0499999999997,100.0
14212,455.64,36.0,459.84,48.0,-4.199999999999989,-0.9217803529101898
14217,356.78999999999996,21.0,22.36,2.0,334.42999999999995,93.73300821211356
14219,65.99,1.0,2571.0,60.0,-2505.01,-3796.0448552811035
14235,1416.8100000000002,569.0,703.56,429.0,713.2500000000002,50.34196540114766
14236,1503.96,604.0,608.76,356.0,895.2,59.52285965052262
14240,115066.86,12614.0,69921.2,13045.0,45145.66,39.234285179938
14250,28879.96,2604.0,16589.72,2506.0,12290.239999999998,42.55629162921278
14265,1609.3,70.0,0.0,,1609.3,100.0
14277,414.92,8.0,0.0,,414.92,100.0
14279,40750.56,4544.0,24361.74,4667.0,16388.819999999996,40.217410509205266
14280,11096.37,1313.0,6681.120000000001,1347.0,4415.25,39.79003944533212
14289,27046.19,1681.0,29419.31,2207.0,-2373.1200000000026,-8.774322741946287
14293,3647.84,16.0,2342.4,15.0,1305.44,35.78665730953112
14300,6650.4,560.0,4093.93,551.0,2556.47,38.44084566341874
14306,5074.92,108.0,1399.86,63.0,3675.0600000000004,72.41611690430588
14316,227.88,12.0,149.88,12.0,78.0,34.228541337546076
14328,3599.64,36.0,1372.35,21.0,2227.29,61.875354202086875
14329,16712.44,1156.0,10165.2,1182.0,6547.239999999998,39.17584745255629
14332,639.96,4.0,0.0,,639.96,100.0
14333,479.97,3.0,0.0,,479.97,100.0
14334,404.97,3.0,0.0,,404.97,100.0
14341,351.64,36.0,142.8,24.0,208.83999999999997,59.390285519281086
14342,142812.6,18940.0,94723.2,20592.0,48089.40000000001,33.67307926611518
14344,143.88,12.0,98.52,12.0,45.36,31.526271893244374
14347,13.99,1.0,9.14,1.0,4.85,34.66761972837741
14348,3611.82,318.0,2414.82,334.0,1197.0,33.14118643786235
14352,0.0,,109.68,12.0,-109.68,0.0
14357,2477.52,248.0,1781.6,262.0,695.9200000000001,28.08937970228293
14360,8.99,1.0,5.8,1.0,3.1900000000000004,35.483870967741936
14363,85683.5,3550.0,48717.060000000005,3606.0,36966.439999999995,43.143008864016984
14364,7751.83,17.0,3299.8900000000003,11.0,4451.94,57.43082601140633
14369,38.97,3.0,105.36,12.0,-66.39,-170.3618167821401
14370,299.8,20.0,231.38,23.0,68.42000000000002,22.82188125416945
14381,20643.09,1291.0,14128.359999999999,1343.0,6514.730000000001,31.558889681728857
14382,12903.93,807.0,8630.85,815.0,4273.08,33.114562772736676
14383,31020.6,1940.0,20681.28,2004.0,10339.32,33.33049650877159
14385,351.77,23.0,285.93,27.0,65.83999999999997,18.716775165591148
14386,12771.41,1359.0,8056.549999999999,1345.0,4714.860000000001,36.91730200502529
14389,1079.73,27.0,0.0,,1079.73,100.0
14390,1091.09,91.0,819.1800000000001,111.0,271.90999999999985,24.920950609023993
14393,328398.06,28294.0,192543.0,29622.0,135855.06,41.369020267659316
14398,0.0,,108.84,1.0,-108.84,0.0
14407,39.98,2.0,0.0,,39.98,100.0
14410,990.73,127.0,673.28,128.0,317.45000000000005,32.04202961452667
14411,231.71,29.0,226.79999999999998,42.0,4.910000000000025,2.1190280954641683
14413,1244.88,312.0,808.0799999999999,312.0,436.8000000000002,35.087719298245624
14415,29027.670000000002,3633.0,19618.2,3633.0,9409.470000000001,32.415519399249064
14416,75280.13,4887.0,32324.8,3632.0,42955.33,57.0606480089766
14417,944.65,135.0,783.36,144.0,161.28999999999996,17.07404858942465
14419,215.73,27.0,219.24,42.0,-3.5100000000000193,-1.6270337922403093
14420,255.68,32.0,185.39999999999998,36.0,70.28000000000003,27.487484355444312
14425,6294.57,143.0,6842.039999999999,222.0,-547.4699999999993,-8.6974964135755
14432,155.88,12.0,105.36,12.0,50.519999999999996,32.409545804464976
14433,22068.56,2244.0,13084.8,2256.0,8983.760000000002,40.70841051704326
14436,2422.3,170.0,2935.5099999999998,373.0,-513.2099999999996,-21.186888494406126
14437,16033.13,887.0,13221.76,1132.0,2811.369999999999,17.53475459875894
14439,43166.79,7291.0,24989.94,7307.0,18176.850000000002,42.1084125087828
14444,1325.49,51.0,0.0,,1325.49,100.0
14457,10459.87,813.0,6826.679999999999,882.0,3633.1900000000014,34.734561710614
14471,7714.53,747.0,3744.73,577.0,3969.7999999999997,51.45874084357699
14474,116.86999999999999,13.0,221.76,36.0,-104.89,-89.7492940874476
14475,51742.87,5013.0,33480.72,5096.0,18262.15,35.29404147856507
14483,179.88,12.0,236.64,24.0,-56.75999999999999,-31.55436957971981
14485,37.98,2.0,452.88,36.0,-414.9,-1092.4170616113745
14493,111.48,12.0,76.92,12.0,34.56,31.001076426264802
14495,109.9,10.0,175.92,24.0,-66.01999999999998,-60.072793448589614
14502,153.89000000000001,11.0,226.8,24.0,-72.91,-47.37799727077782
14505,189.81,19.0,162.0,24.0,27.810000000000002,14.65149359886202
14526,0.0,,317.76,24.0,-317.76,0.0
14538,9696.609999999999,539.0,5552.2,460.0,4144.409999999999,42.74081354205232
14539,64516.96,4304.0,46507.38,4623.0,18009.58,27.91448946137574
14542,299.99,1.0,193.54,1.0,106.45000000000002,35.484516150538354
14545,1049.97,3.0,0.0,,1049.97,100.0
14551,86403.86,10814.0,48794.96,9224.0,37608.9,43.526874841008265
14552,21444.52,1148.0,16510.28,1247.0,4934.240000000002,23.00932825728905
14573,19.99,1.0,0.0,,19.99,100.0
14620,1013.5500000000001,145.0,33.32,7.0,980.23,96.71254501504613
14622,558344.69,45608.0,401711.42,46387.0,156633.26999999996,28.053149390567317
14623,31095.010000000002,4799.0,22793.4,4860.0,8301.61,26.69756337110038
14624,13058.880000000001,2012.0,8888.650000000001,1945.0,4170.23,31.93405560048028
14625,9520.47,953.0,6295.62,951.0,3224.8499999999995,33.87280249819599
14626,41.94,6.0,27.78,6.0,14.159999999999997,33.76251788268955
14627,1394.07,93.0,943.35,95.0,450.7199999999999,32.33123157373733
14628,191.52,48.0,154.2,60.0,37.32000000000002,19.48621553884713
14630,269.91,9.0,0.0,,269.91,100.0
14631,30323.68,832.0,23091.269999999997,969.0,7232.4100000000035,23.85070017887012
14632,16964.16,284.0,10944.36,303.0,6019.799999999999,35.48539980759436
14635,662.6099999999999,39.0,1525.92,132.0,-863.3100000000002,-130.28931045411332
14638,815.52,48.0,137.76,12.0,677.76,83.10771041789287
14647,0.0,,155.04,12.0,-155.04,0.0
14652,1710.93,107.0,1143.72,108.0,567.21,33.152145324472656
14654,239.76,24.0,77.88,12.0,161.88,67.51751751751752
14655,2607.39,261.0,1684.74,258.0,922.6499999999999,35.385960673316994
14657,8671.5,650.0,5543.969999999999,653.0,3127.5300000000007,36.0667704549386
14661,239.88,12.0,0.0,,239.88,100.0
14663,22967.76,1724.0,16322.02,1859.0,6645.739999999998,28.93508117465525
14666,7258.129999999999,387.0,4636.96,397.0,2621.169999999999,36.11357195310637
14670,640.93,107.0,462.56,118.0,178.36999999999995,27.82987221693476
14671,575.64,36.0,381.24,36.0,194.39999999999998,33.771106941838646
14672,508256.95,27729.0,322920.54,27814.0,185336.41000000003,36.46510096910628
14675,281.25,25.0,167.76,24.0,113.49000000000001,40.352000000000004
14676,497.52,48.0,315.36,48.0,182.15999999999997,36.6136034732272
14681,779.98,2.0,259.99,1.0,519.99,66.66709402805199
14682,1994.81,19.0,1409.2,20.0,585.6099999999999,29.35668058612098
14683,2834.73,27.0,1959.0,30.0,875.73,30.892889269877553
14684,19036.02,398.0,13823.199999999999,467.0,5212.8200000000015,27.383980474910203
14688,4273.85,115.0,2998.8,126.0,1275.0500000000002,29.833756449103273
14690,22869.85,2115.0,12373.56,1809.0,10496.289999999999,45.8957535794944
14697,239.88,12.0,163.2,12.0,76.68,31.96598299149575
14700,20.93,7.0,0.0,,20.93,100.0
14701,232214.66,30834.0,148438.17,32481.0,83776.48999999999,36.07717531701056
14703,9411.18,782.0,5525.82,729.0,3885.3600000000006,41.284514800481986
14704,5864.68,932.0,3679.96,934.0,2184.7200000000003,37.25216039067775
14705,13.99,1.0,114.96,12.0,-100.97,-721.7298070050035
14706,422212.55,47545.0,222833.2,48442.0,199379.34999999998,47.22250676821425
14708,77.94,6.0,76.41,9.0,1.5300000000000011,1.963048498845267
14710,11021.59,641.0,7369.8,710.0,3651.79,33.13305974909247
14711,2089.13,187.0,729.27,111.0,1359.8600000000001,65.09216755300054
14712,125.07,33.0,91.08,36.0,33.989999999999995,27.176781002638524
14716,347.82,18.0,443.52,36.0,-95.69999999999999,-27.514231499051228
14717,609.39,61.0,425.52,72.0,183.87,30.172795746566237
14718,56.97,3.0,0.0,,56.97,100.0
14719,12446.34,566.0,8003.6,535.0,4442.74,35.695152149145855
14724,7333.719999999999,428.0,5234.879999999999,456.0,2098.84,28.619036450805325
14761,332.91,9.0,288.24,12.0,44.670000000000016,13.41804091195819
14782,119.97,3.0,317.76,12.0,-197.79,-164.86621655413853
14799,11751.31,569.0,8088.3,627.0,3663.0099999999993,31.171077947905378
14805,85790.81,9019.0,56149.799999999996,9681.0,29641.010000000002,34.550332372430105
14808,76.93,7.0,172.32,24.0,-95.38999999999999,-123.99584037436628
14810,25889.53,2047.0,18454.46,2131.0,7435.07,28.718443324386346
14811,11349.74,1126.0,8667.03,1151.0,2682.709999999999,23.63675291240151
14818,63531.36,4144.0,45892.21,4277.0,17639.15,27.764477259734406
14826,287.76,24.0,92.88,12.0,194.88,67.72310258548791
14833,718.6,40.0,724.2,60.0,-5.600000000000023,-0.7792930698580605
14834,971.4599999999999,54.0,743.04,72.0,228.41999999999996,23.513062812673706
14835,433.7,30.0,417.96000000000004,43.0,15.739999999999952,3.629236799631071
14836,358.04999999999995,25.0,245.16,36.0,112.88999999999996,31.529116045245072
14837,86.94,6.0,454.56,48.0,-367.62,-422.8433402346446
14838,127990.3,9242.0,70423.14,9134.0,57567.16,44.977752220285446
14840,39.96,4.0,0.0,,39.96,100.0
14846,0.0,,140.64,12.0,-140.64,0.0
14852,27089.17,1983.0,16475.04,2019.0,10614.129999999997,39.182189782854174
14857,153.8,20.0,95.28,24.0,58.52000000000001,38.04941482444734
14883,719.52,48.0,486.24,48.0,233.27999999999997,32.421614409606406
14895,48436.8,6070.0,33212.35,6449.0,15224.450000000004,31.431576817626272
14920,16273.27,1173.0,8953.28,1142.0,7319.99,44.98167854401727
14922,613.98,162.0,421.2,162.0,192.78000000000003,31.39841688654354
14923,648.0899999999999,171.0,396.24,156.0,251.8499999999999,38.86034347081423
14929,2708.61,339.0,1608.18,294.0,1100.43,40.62711132278179
14930,154020.91999999998,15732.0,95051.97,16029.0,58968.94999999998,38.28632500052589
14935,834.5899999999999,41.0,545.16,42.0,289.42999999999995,34.679303610155884
14939,91.92,8.0,178.32,24.0,-86.39999999999999,-93.99477806788511
14959,185.88,12.0,121.44,12.0,64.44,34.667527437056165
14961,277.82,58.0,301.15,95.0,-23.329999999999984,-8.39752357641638
14962,1197.5,250.0,842.1600000000001,264.0,355.3399999999999,29.673486430062624
14964,1591.23,177.0,1108.8,180.0,482.43000000000006,30.318055843592695
14972,36761.85,1115.0,28920.09,1347.0,7841.759999999998,21.33124421105031
14973,2351.4700000000003,53.0,1380.48,48.0,970.9900000000002,41.29289338158684
14974,6205.78,422.0,3720.2,418.0,2485.58,40.05266058416508
14975,47949.22,6678.0,27517.27,6761.0,20431.95,42.61164206633602
14983,26215.12,988.0,18725.6,1052.0,7489.52,28.569466781002724
14988,263.88,12.0,170.28,12.0,93.6,35.470668485675304
14991,43594.189999999995,2381.0,26162.18,2182.0,17432.009999999995,39.98700285519698
14993,547.78,122.0,433.43999999999994,144.0,114.34000000000003,20.87334331300888
14996,239.85,15.0,0.0,,239.85,100.0
14997,97.96,4.0,64.44,4.0,33.519999999999996,34.21804818293181
15001,119.88,12.0,81.0,12.0,38.879999999999995,32.43243243243243
15004,53.88,12.0,37.2,12.0,16.68,30.957683741648108
15006,209.92999999999998,7.0,483.12,24.0,-273.19000000000005,-130.13385414185686
15007,32844.31,1669.0,23374.05,1695.0,9470.259999999998,28.833791910988538
15009,38700.64,1936.0,25298.38,2011.0,13402.259999999998,34.63059008843265
15010,191.88,12.0,252.48,24.0,-60.599999999999994,-31.582238899312067
15014,71.39,11.0,0.0,,71.39,100.0
15020,217.76,24.0,177.48,36.0,40.28,18.497428361498898
15021,62.94,6.0,0.0,,62.94,100.0
15035,47213.04,4296.0,26329.36,3592.0,20883.68,44.2328644798132
15036,655.9,10.0,634.61,17.0,21.289999999999964,3.2459216343954815
15037,9308.6,140.0,6627.58,163.0,2681.0200000000004,28.801538362374586
15043,7380.799999999999,320.0,4725.0,300.0,2655.7999999999993,35.98254931714719
15047,68835.56999999999,4243.0,35967.6,4365.0,32867.969999999994,47.74852594378168
15054,43.96,4.0,101.28,12.0,-57.32,-130.39126478616924
15056,2972.34,266.0,1730.45,265.0,1241.89,41.78155931017314
15057,8875.27,873.0,5426.4,798.0,3448.870000000001,38.85932484307521
15058,2315.7400000000002,226.0,1076.95,181.0,1238.7900000000002,53.49434737923947
15059,6143.06,594.0,3602.2000000000003,581.0,2540.86,41.36147131885412
15063,1151.36,64.0,905.25,75.0,246.1099999999999,21.375590605892157
15064,4951.14,286.0,3888.92,301.0,1062.2200000000003,21.454048966500647
15065,3204.99,101.0,6767.04,371.0,-3562.05,-111.14075238924303
15070,97.93,7.0,114.24,12.0,-16.309999999999988,-16.65475339528233
15076,8123.22,678.0,5472.179999999999,707.0,2651.040000000001,32.635334263998764
15079,20522.89,1811.0,14620.859999999999,1889.0,5902.030000000001,28.758279170233823
15082,203.83,17.0,221.76,36.0,-17.92999999999998,-8.796546141392325
15084,35.97,3.0,147.84,24.0,-111.87,-311.00917431192664
15085,10350.179999999998,582.0,7781.51,649.0,2568.6699999999983,24.81763602178898
15089,26789.25,2675.0,19749.420000000002,3006.0,7039.829999999998,26.278563229653678
15091,311.88,12.0,215.04,12.0,96.84,31.050404001539057
15092,23639.89,1011.0,17146.92,1043.0,6492.970000000001,27.466159952520936
15094,368418.66,25366.0,256727.91999999998,28274.0,111690.73999999999,30.316254882420996
15105,248151.38,22874.0,160132.97999999998,23343.0,88018.40000000002,35.46963954018713
15126,184.95,5.0,0.0,,184.95,100.0
15133,119.88,12.0,77.4,12.0,42.47999999999999,35.43543543543543
15136,95.94,6.0,164.25,15.0,-68.31,-71.20075046904316
15137,2670.33,167.0,2414.52,228.0,255.80999999999995,9.579714866701867
15138,54276.04,2196.0,34104.62,2189.0,20171.42,37.16450205283952
15139,19375.47,1853.0,12420.9,1865.0,6954.5700000000015,35.8936841274044
15146,41945.509999999995,2149.0,28850.36,2233.0,13095.149999999994,31.219432067937653
15156,48184.97,3253.0,28862.6,3265.0,19322.370000000003,40.100408903440226
15161,17948.25,175.0,12550.72,182.0,5397.530000000001,30.0727368963548
15167,167.88,12.0,114.96,12.0,52.92,31.52251608291637
15168,21656.04,1396.0,13913.900000000001,1430.0,7742.139999999999,35.75048808554103
15171,4416.95,305.0,3517.41,377.0,899.54,20.36563692140504
15178,1005.6899999999999,81.0,619.9200000000001,84.0,385.76999999999987,38.358738776362486
15188,1851.94,206.0,1380.3999999999999,238.0,471.5400000000002,25.46194801127467
15189,1447.3899999999999,161.0,1108.8,180.0,338.5899999999999,23.393142138608113
15192,2666.91,209.0,1778.05,215.0,888.8599999999999,33.32920870970524
15193,27541.73,627.0,20959.92,677.0,6581.810000000001,23.89759103730957
15194,31045.82,418.0,25534.86,494.0,5510.959999999999,17.751053120838808
15205,27082.260000000002,774.0,15273.6,860.0,11808.660000000002,43.6029341716681
15209,2670.33,167.0,1767.36,168.0,902.97,33.81492175124423
15211,534.99,51.0,0.0,,534.99,100.0
15215,10526.49,351.0,10555.460000000001,521.0,-28.970000000001164,-0.2752104452671419
15222,666.77,23.0,441.6,23.0,225.16999999999996,33.77026560883063
15228,25827.54,846.0,20700.68,1001.0,5126.860000000001,19.850361281020184
15229,177568.56,4144.0,76685.06999999999,2937.0,100883.49,56.81382447433262
15230,38330.86,714.0,24572.219999999998,757.0,13758.640000000003,35.894420318250106
15232,75763.93000000001,1607.0,42645.78,1422.0,33118.15000000001,43.71229158783079
15233,39241.57,843.0,28801.059999999998,986.0,10440.510000000002,26.605739780543953
15234,119.97,3.0,231.6,12.0,-111.63,-93.04826206551637
15235,4854.599999999999,540.0,3522.12,588.0,1332.4799999999996,27.44778148560128
15239,53.99,1.0,0.0,,53.99,100.0
15247,10202.8,620.0,6831.84,662.0,3370.959999999999,33.039557768455715
15249,815.04,96.0,558.72,96.0,256.31999999999994,31.44876325088339
15251,6802.950000000001,1705.0,4335.24,1588.0,2467.710000000001,36.27411637598396
15252,18633.3,4670.0,12204.36,4676.0,6428.939999999999,34.502423081257746
15253,258.65999999999997,54.0,226.79999999999998,72.0,31.859999999999985,12.317327766179536
15255,19802.370000000003,4963.0,13576.88,5066.0,6225.490000000003,31.438105640890473
15259,2672.09,191.0,1996.62,214.0,675.4700000000003,25.2787144145594
15260,866.24,76.0,669.76,92.0,196.48000000000002,22.6819357222017
15261,629.53,97.0,461.16,108.0,168.36999999999995,26.74534970533572
15262,1590.05,245.0,1164.24,264.0,425.80999999999995,26.779661016949152
15263,9910.18,832.0,6252.8099999999995,811.0,3657.370000000001,36.90518234784838
15264,18987.82,1618.0,14775.039999999999,1552.0,4212.780000000001,22.186749189743747
15265,10265.43,1557.0,7325.639999999999,1539.0,2939.790000000001,28.637767731113073
15266,8147.66,1234.0,5298.179999999999,1167.0,2849.4800000000005,34.97298610889508
15272,174.95000000000002,5.0,556.08,24.0,-381.13,-217.85081451843382
15289,39.95,5.0,47.88,12.0,-7.93,-19.84981226533166
15290,18226.4,2760.0,11004.42,2758.0,7221.980000000001,39.623732607646055
15291,4978.6,840.0,3125.55,933.0,1853.0500000000002,37.22030289639658
15292,16039.95,2705.0,9520.25,2825.0,6519.700000000001,40.64663543215534
15293,95.88,12.0,64.32,12.0,31.560000000000002,32.91614518147685
15294,729.07,93.0,459.34,119.0,269.7300000000001,36.996447529043856
15295,28038.46,4954.0,17244.72,5013.0,10793.739999999998,38.49619415616977
15297,511.36,64.0,313.63,79.0,197.73000000000002,38.66747496871089
15298,113.94,6.0,229.32,18.0,-115.38,-101.26382306477093
15300,41.93,7.0,98.4,24.0,-56.470000000000006,-134.67684235630816
15303,349.65,35.0,252.48,48.0,97.16999999999999,27.79064779064779
15314,20739.57,1543.0,15572.48,1738.0,5167.09,24.914161672590126
15315,32433.54,3046.0,20248.74,3082.0,12184.8,37.568517035143245
15316,0.0,,109.68,12.0,-109.68,0.0
15319,395.67,33.0,386.61,49.0,9.060000000000002,2.289786943665176
15321,32045.88,3412.0,20755.35,3465.0,11290.530000000002,35.232391808244934
15322,2581.12,88.0,2549.6099999999997,133.0,31.51000000000022,1.2207878750310028
15323,283.92,8.0,595.68,24.0,-311.75999999999993,-109.80557903634825
15327,11.98,2.0,94.56,24.0,-82.58,-689.3155258764607
15328,366.68,32.0,316.26,42.0,50.420000000000016,13.750409076033604
15329,301.54,46.0,295.20000000000005,72.0,6.339999999999975,2.102540293161761
15330,69.95,5.0,113.4,12.0,-43.45,-62.11579699785561
15332,20670.95,1655.0,14081.85,1647.0,6589.1,31.876135349367107
15333,2469.94,206.0,1722.98,217.0,746.96,30.242030170773383
15334,9872.880000000001,1012.0,5924.320000000001,976.0,3948.5600000000004,39.99400377600052
15340,167.88,12.0,113.4,12.0,54.47999999999999,32.45175125089349
15347,1230.01,199.0,1046.0,200.0,184.01,14.960040975276623
15349,3140.07,393.0,2424.86,461.0,715.21,22.776880770173914
15350,2989.28,272.0,2125.44,288.0,863.8400000000001,28.89792859819087
15355,101184.37,5863.0,66092.64,7247.0,35091.729999999996,34.68097889031675
15356,46972.98,4702.0,30605.25,4745.0,16367.730000000003,34.84498960891986
15357,5986.4,560.0,4113.33,597.0,1873.0699999999997,31.28875451022317
15359,2144.3900000000003,61.0,3944.64,168.0,-1800.2499999999995,-83.95161327930084
15362,3054.09,191.0,1555.2,144.0,1498.89,49.078121469897745
15365,674.95,5.0,91.83,1.0,583.12,86.39454774427735
15366,322.62,38.0,351.59999999999997,60.0,-28.97999999999996,-8.982704110098556
15367,3201.75,125.0,0.0,,3201.75,100.0
15386,131.88,12.0,0.0,,131.88,100.0
15392,20423.7,2530.0,12900.960000000001,2601.0,7522.74,36.83338474419424
15393,335460.35,44465.0,204082.01,45251.0,131378.33999999997,39.163597128542904
15399,25171.12,2188.0,15957.76,2192.0,9213.359999999999,36.60290046688427
15401,7181.65,735.0,3842.72,658.0,3338.93,46.4925191286125
15402,19.98,2.0,157.68,24.0,-137.70000000000002,-689.1891891891893
15404,5676.66,234.0,3047.48,188.0,2629.18,46.31561516807418
15414,89.9,10.0,148.8,24.0,-58.900000000000006,-65.51724137931035
15415,71.92,8.0,143.76,24.0,-71.83999999999999,-99.88876529477196
15418,779.4,60.0,530.4,60.0,249.0,31.947652040030793
15423,90.93,7.0,0.0,,90.93,100.0
15424,14860.33,1067.0,22053.079999999998,1921.0,-7192.749999999998,-48.40235714819253
15425,1605.27,73.0,1149.6,80.0,455.6700000000001,28.385879011007496
15426,2905.55,245.0,1618.95,251.0,1286.6000000000001,44.28077300339007
15428,145221.51,12449.0,101687.58,12807.0,43533.93000000001,29.977604557341405
15444,27274.8,2520.0,16497.27,2511.0,10777.529999999999,39.51460688987636
15463,9115.970000000001,103.0,4714.53,87.0,4401.440000000001,48.28273897347184
15466,21158.82,2118.0,13127.31,2177.0,8031.51,37.958213170677766
15470,29358.23,1277.0,19668.39,1283.0,9689.84,33.005532009252605
15476,6198.76,124.0,3774.54,114.0,2424.2200000000003,39.10814420948706
15477,724.71,29.0,233.23999999999998,14.0,491.47,67.81609195402298
15478,6401.41,359.0,5820.34,466.0,581.0699999999997,9.077218925205537
15482,9385.73,977.0,5840.799999999999,980.0,3544.9300000000003,37.769358377025554
15496,395.78,22.0,133.76,11.0,262.02,66.20344635908837
15503,55872.770000000004,4123.0,35767.4,4159.0,20105.370000000003,35.98420124865834
15504,8862.58,342.0,5794.8,330.0,3067.7799999999997,34.6149766772204
15505,8733.97,103.0,7188.650000000001,133.0,1545.3199999999988,17.693213967989344
15506,1529.91,9.0,1876.46,17.0,-346.54999999999995,-22.65165924792961
15507,1839.5900000000001,41.0,1216.0,40.0,623.5900000000001,33.898314298294736
15508,2319.71,29.0,628.6800000000001,13.0,1691.03,72.89833642998478
15509,7978.929999999999,307.0,5513.599999999999,320.0,2465.33,30.89800261438564
15510,467.78,22.0,368.94,26.0,98.83999999999997,21.1295908332977
15526,2076.69,231.0,1799.28,294.0,277.4100000000001,13.358276873293562
15527,223386.4,20760.0,136623.15,20795.0,86763.25,38.839987573102036
15528,30223.989999999998,2001.0,17213.85,1845.0,13010.14,43.04573949369359
15529,575.28,72.0,0.0,,575.28,100.0
15537,0.0,,153.0,12.0,-153.0,0.0
15542,1529.1,90.0,932.3999999999999,84.0,596.7,39.022954679223076
15545,879.89,11.0,311.64,6.0,568.25,64.58193637841094
15548,57176.4,6360.0,39855.62,6566.0,17320.78,30.293582666974483
15549,21594.600000000002,540.0,2206.4,80.0,19388.2,89.78263084289591
15550,21229.77,723.0,14131.2,736.0,7098.57,33.43686719168413
15552,5003.86,414.0,3083.1499999999996,383.0,1920.71,38.38456711418785
15569,707.16,84.0,438.48,84.0,268.67999999999995,37.99423044289835
15572,2022.16,184.0,1456.28,196.0,565.8800000000001,27.983937967322074
15575,14428.95,1605.0,2487.2400000000002,423.0,11941.710000000001,82.76215525038205
15582,223.82,18.0,121.5,15.0,102.32,45.715306943079256
15584,8367.65,835.0,5380.21,829.0,2987.4399999999996,35.702258101139506
15589,37.98,2.0,23.36,2.0,14.619999999999997,38.493944181147974
15605,1887.92,8.0,484.92,3.0,1403.0,74.31458960125428
15618,324.75,25.0,259.8,30.0,64.94999999999999,19.999999999999996
15619,47034.87,8313.0,29074.65,8679.0,17960.22,38.18490409349489
15620,21557.6,2140.0,14967.800000000001,2234.0,6589.799999999997,30.56833784836901
15625,55.98,2.0,0.0,,55.98,100.0
15639,870.36,64.0,1290.24,144.0,-419.88,-48.24210671446298
15643,2778.6099999999997,139.0,1985.05,145.0,793.5599999999997,28.55960354277858
15645,86.97,3.0,59.97,3.0,27.0,31.04518799586064
15647,143.88,12.0,98.52,12.0,45.36,31.526271893244374
15650,4213.46,354.0,4445.28,567.0,-231.8199999999997,-5.501891557057613
15651,15500.92,1108.0,11563.06,1207.0,3937.8600000000006,25.40404053436829
15659,0.0,,106.8,12.0,-106.8,0.0
15660,142.89,11.0,213.6,24.0,-70.71000000000001,-49.48561830778922
15661,12.99,1.0,0.0,,12.99,100.0
15672,14.99,1.0,223.92,24.0,-208.92999999999998,-1393.7958639092726
15675,4742.05,395.0,2395.12,329.0,2346.9300000000003,49.491886420429985
15677,143.88,12.0,95.28,12.0,48.599999999999994,33.778148457047536
15688,7199.84,16.0,3599.88,12.0,3599.96,50.00055556790151
15694,339.99,1.0,0.0,,339.99,100.0
15717,2573.91,9.0,1107.06,6.0,1466.85,56.98917211557514
15720,559.7199999999999,28.0,479.88,36.0,79.83999999999992,14.264274994640164
15721,424.83000000000004,17.0,0.0,,424.83000000000004,100.0
15729,2255.94,906.0,911.34,549.0,1344.6,59.602649006622514
15731,481.63,37.0,189.81,37.0,291.82,60.59007952162448
15737,130.89,11.0,103.84,16.0,27.049999999999983,20.666208266483295
15739,2954.56,144.0,2204.0899999999997,161.0,750.4700000000003,25.40039802880971
15743,29315.079999999998,1792.0,19078.44,1838.0,10236.64,34.91936573258541
15744,1233.86,14.0,1548.8999999999999,30.0,-315.03999999999996,-25.532880553709496
15745,6569.69,231.0,3055.92,214.0,3513.7699999999995,53.48456319856797
15746,1564.26,174.0,1182.72,192.0,381.53999999999996,24.39108588086379
15747,450.59,41.0,443.52,72.0,7.069999999999993,1.5690539070995793
15748,9628.67,1033.0,3753.6,690.0,5875.07,61.01642282890576
15761,5931.349999999999,1565.0,4061.19,1631.0,1870.1599999999994,31.530090114392163
15768,168.95000000000002,5.0,204.0,12.0,-35.04999999999998,-20.74578277596921
15774,534.13,37.0,563.14,74.0,-29.00999999999999,-5.431262052309361
15775,173.88,12.0,112.2,12.0,61.67999999999999,35.4727398205659
15782,29.98,2.0,244.8,24.0,-214.82000000000002,-716.5443629086058
15785,16.99,1.0,0.0,,16.99,100.0
15790,1163.03,97.0,890.0999999999999,115.0,272.93000000000006,23.46715046043525
15812,685.02,98.0,118.04,26.0,566.98,82.76838632448687
15820,13797.27,373.0,5375.88,218.0,8421.39,61.03663985701518
15824,59229.27,3373.0,34679.36,3232.0,24549.909999999996,41.448949142881546
15825,89.9,10.0,71.88,12.0,18.02000000000001,20.04449388209122
15827,38674.61,3739.0,25987.5,3850.0,12687.11,32.80475226511657
15832,3166.02,198.0,2257.2000000000003,216.0,908.8199999999997,28.705440900562845
15833,1039.35,65.0,926.5200000000001,84.0,112.82999999999981,10.855823351132903
15835,681.38,62.0,295.68,48.0,385.7,56.60571193753853
15837,17389.05,1795.0,9468.0,1800.0,7921.049999999999,45.55194217050385
15838,2724.41,159.0,1676.5600000000002,152.0,1047.8499999999997,38.46153846153845
15844,62.95,5.0,97.2,12.0,-34.25,-54.40826052422557
15846,1149.54,46.0,482.44,28.0,667.0999999999999,58.03190841554012
15850,1144.53,157.0,763.02,157.0,381.51,33.33333333333333
15851,863.04,96.0,1340.28,108.0,-477.24,-55.29755283648499
15859,8640.59,341.0,11988.02,638.0,-3347.4300000000003,-38.74075728625013
15860,7836.08,392.0,2399.04,392.0,5437.04,69.38469234617308
15871,1231.23,77.0,32.85,3.0,1198.38,97.33193635632661
15875,49774.75,4125.0,31333.52,4364.0,18441.23,37.04936740013762
15876,25206.93,1707.0,16906.8,1752.0,8300.130000000001,32.92796861815382
15880,149.98,2.0,29214.0,600.0,-29064.02,-19378.597146286174
15888,1050.61,139.0,526.5,130.0,524.1099999999999,49.88625655571525
15889,45802.53,4547.0,27703.2,4656.0,18099.329999999998,39.51600490191262
15891,1786.51,149.0,413.1,51.0,1373.4099999999999,76.87670374081308
15892,43565.91,8309.0,28479.87,8451.0,15086.040000000005,34.62808420620619
15899,10693.85,115.0,11577.04,188.0,-883.1900000000005,-8.258859063854462
15900,18418.59,1641.0,10378.050000000001,1609.0,8040.539999999999,43.65448169485286
15901,79.99,1.0,5960.4,120.0,-5880.41,-7351.431428928616
15902,9299.0,100.0,8799.81,141.0,499.1900000000005,5.368211635659754
15908,323.64,36.0,283.40999999999997,47.0,40.23000000000002,12.430478309232488
15911,21219.08,2292.0,14148.54,2394.0,7070.540000000001,33.32161432069628
15914,99.75,25.0,0.0,,99.75,100.0
15915,895.13,187.0,178.2,60.0,716.9300000000001,80.09227709941572
15916,21551.3,2870.0,13294.130000000001,2909.0,8257.169999999998,38.31402281996909
15917,21846.64,2936.0,14073.2,3020.0,7773.439999999999,35.58185606573825
15922,70048.41,6959.0,56444.76,7218.0,13603.650000000001,19.42035515153021
15923,593.96,124.0,491.13000000000005,153.0,102.82999999999998,17.312613644016427
15927,111.93,7.0,0.0,,111.93,100.0
15929,831.84,16.0,1012.8,30.0,-180.95999999999992,-21.7541834968263
15931,2127.72,28.0,3019.2000000000003,60.0,-891.4800000000005,-41.898370086289574
15940,2999.4,60.0,4341.4800000000005,132.0,-1342.0800000000004,-44.744948989797976
15949,540.63,37.0,418.95,49.0,121.68,22.507075079074415
15951,2753.4900000000002,51.0,875.52,24.0,1877.9700000000003,68.20326204199036
15954,89.94,6.0,14.46,2.0,75.47999999999999,83.9226150767178
15968,870.33,67.0,687.1600000000001,82.0,183.16999999999996,21.046040007813122
15970,8047.110000000001,189.0,4176.900000000001,195.0,3870.21,48.09440904871438
15971,9679.12,88.0,1941.0299999999997,27.0,7738.090000000001,79.94621411863889
15976,332.31,19.0,220.02,19.0,112.28999999999999,33.79073756432246
15977,1918.8,120.0,1279.2,120.0,639.5999999999999,33.33333333333333
15979,16055.64,1236.0,11875.08,1407.0,4180.5599999999995,26.037953018378584
15980,24291.3,1870.0,17867.28,2049.0,6424.02,26.44576453298095
15981,6549.22,478.0,4179.84,448.0,2369.38,36.178048683660045
16000,8060.639999999999,336.0,5868.02,362.0,2192.619999999999,27.201562158836012
16044,3475.65,435.0,2309.55,445.0,1166.1,33.5505588882655
16045,1527.24,156.0,1984.5,294.0,-457.26,-29.94028443466646
16046,27.98,2.0,220.8,24.0,-192.82000000000002,-689.1350964974982
16047,545.61,39.0,326.4,48.0,219.21000000000004,40.17704954088085
16054,89.98,2.0,148.95,5.0,-58.969999999999985,-65.53678595243385
16061,575.64,36.0,241.44,24.0,334.2,58.057119032728785
16069,56.97,3.0,310.08,24.0,-253.10999999999999,-444.2864665613481
16071,463.92,8.0,710.0999999999999,18.0,-246.1799999999999,-53.06518365235383
16072,27.96,4.0,0.0,,27.96,100.0
16087,47.96,4.0,185.76,24.0,-137.79999999999998,-287.32276897414505
16127,2377.14,186.0,1449.9,179.0,927.2399999999998,39.006537267472666
16129,96260.04,2496.0,53902.24,2128.0,42357.799999999996,44.003513815286176
16140,1472.3899999999999,61.0,142.74,9.0,1329.6499999999999,90.30555763079076
16144,487.39,61.0,462.84000000000003,84.0,24.549999999999955,5.037033997414793
16146,7808.089999999999,391.0,5311.62,414.0,2496.4699999999993,31.972864042294592
16148,279.8,20.0,567.0,60.0,-287.2,-102.64474624731949
16150,164.85,15.0,187.0,25.0,-22.150000000000006,-13.436457385501976
16151,22166.83,2017.0,14944.5,2025.0,7222.330000000002,32.58169977394152
16153,449.64,36.0,307.79999999999995,36.0,141.84000000000003,31.54523618895117
16155,6239.610000000001,39.0,2330.9,22.0,3908.7100000000005,62.643498551992835
16159,37353.590000000004,3717.0,25300.08,3672.0,12053.510000000002,32.26867886058609
16163,395.34,66.0,262.02,66.0,133.32,33.7228714524207
16165,6534.209999999999,379.0,3184.65,337.0,3349.559999999999,51.261897000555535
16166,670.88,112.0,534.6,132.0,136.27999999999997,20.31361793465299
16169,39.99,1.0,0.0,,39.99,100.0
16170,143.76,24.0,118.08,36.0,25.679999999999993,17.863105175292148
16172,424.75,25.0,670.8,60.0,-246.04999999999995,-57.928193054738074
16174,6481.150000000001,185.0,1171.8,54.0,5309.35,81.91987533076691
16175,25859.34,3966.0,18506.74,3946.0,7352.5999999999985,28.433053589148056
16178,1108.95,105.0,351.05,59.0,757.9000000000001,68.34392894179179
16179,42752.08,792.0,31603.52,923.0,11148.560000000001,26.07723413691217
16180,27162.14,2386.0,15574.68,2277.0,11587.46,42.660335304950195
16189,42959.38,2562.0,55682.92,3116.0,-12723.54,-29.617606213125054
16190,284.81,19.0,58.8,6.0,226.01,79.35465749095889
16192,1222.99,1.0,0.0,,1222.99,100.0
16195,191.84,16.0,587.52,72.0,-395.67999999999995,-206.25521267723101
16196,191.84,16.0,191.76,24.0,0.0800000000000125,0.04170141784821336
16199,1902.8799999999999,112.0,1315.2,120.0,587.6799999999998,30.88371310855124
16200,902.7900000000001,21.0,57.32,2.0,845.47,93.65079365079364
16202,911.28,72.0,538.5600000000001,72.0,372.7199999999999,40.900711087700806
16203,15751.23,2017.0,14131.39,2051.0,1619.8400000000001,10.283895289447239
16205,8326.17,483.0,5636.25,501.0,2689.92,32.306810934679454
16208,1268.73,27.0,0.0,,1268.73,100.0
16210,335.88,12.0,228.48,12.0,107.4,31.975705609146125
16214,40.99,1.0,0.0,,40.99,100.0
16232,4646.64,536.0,2793.06,531.0,1853.5800000000004,39.890759774805026
16238,27.98,2.0,18.9,2.0,9.080000000000002,32.4517512508935
16239,1761.92,308.0,1068.29,317.0,693.6300000000001,39.36784871049765
16240,2070.41,359.0,1227.96,379.0,842.4499999999998,40.69000825923367
16241,1264.8,220.0,669.9,203.0,594.9,47.03510436432637
16242,2787.06,494.0,1581.1200000000001,488.0,1205.9399999999998,43.26925146929022
16245,2229.21,279.0,1500.8,280.0,728.4100000000001,32.67570125739612
16246,3539.5699999999997,443.0,2450.56,448.0,1089.0099999999998,30.76673155213768
16247,1134.58,142.0,673.28,128.0,461.29999999999995,40.658217137619204
16248,2996.25,375.0,2066.25,375.0,930.0,31.038798498122656
16256,383.64,36.0,195.84,36.0,187.79999999999998,48.952142633719106
16257,545.0899999999999,91.0,373.44,96.0,171.64999999999992,31.49021262543799
16260,192234.14,15806.0,121098.08,15976.0,71136.06000000001,37.00490453984917
16261,48796.96,3844.0,35472.96,4068.0,13324.0,27.30497965447028
16262,238209.55,19425.0,140584.4,19580.0,97625.15,40.98288670626346
16263,15.98,2.0,0.0,,15.98,100.0
16264,14398.199999999999,180.0,11487.52,214.0,2910.6799999999985,20.215582503368466
16266,59.94,6.0,34.8,6.0,25.14,41.94194194194195
16274,246.32999999999998,17.0,599.4,60.0,-353.07,-143.3321154548776
16281,89.97,3.0,0.0,,89.97,100.0
16289,169534.88,21288.0,110012.43000000001,21197.0,59522.45,35.109264830930364
16290,3602.08,752.0,2264.76,699.0,1337.3199999999997,37.12632701106027
16309,6221.07,243.0,4449.26,269.0,1771.8099999999995,28.480791889498104
16310,6681.29,271.0,3859.52,224.0,2821.77,42.23390991859357
16311,479.88,12.0,357.48,12.0,122.39999999999998,25.506376594148534
16312,111.92,8.0,109.68,12.0,2.239999999999995,2.001429592566114
16314,40901.58,4290.0,24376.32,4608.0,16525.260000000002,40.402497898614186
16315,9393.62,638.0,4885.650000000001,517.0,4507.97,47.9896993917148
16317,38485.28,3672.0,26916.579999999998,3551.0,11568.7,30.060064523371015
16318,46126.46,3754.0,28947.64,3716.0,17178.82,37.242875347468676
16320,69633.05,7395.0,44582.56,7634.0,25050.490000000005,35.97500037697617
16321,559.84,16.0,219.44,13.0,340.40000000000003,60.80308659617034
16325,7823.58,902.0,4193.28,896.0,3630.3,46.4020307838611
16326,41986.93,9907.0,26128.079999999998,9897.0,15858.850000000002,37.770920617439764
16327,27371.68,6432.0,17098.11,6551.0,10273.57,37.53357484816423
16328,52523.04,12396.0,34174.25,12427.0,18348.79,34.93474482817446
16329,20377.08,1292.0,11940.199999999999,1315.0,8436.880000000003,41.40377325897529
16330,64.95,5.0,7.14,1.0,57.81,89.00692840646651
16349,759.19,31.0,763.2,48.0,-4.009999999999991,-0.5281945231101556
16351,33350.619999999995,1738.0,24030.59,1873.0,9320.029999999995,27.94559741318151
16352,27810.64,1636.0,19860.399999999998,1730.0,7950.240000000002,28.587044383013126
16355,1119.93,7.0,0.0,,1119.93,100.0
16357,167.88,12.0,108.96,12.0,58.92,35.09649749821301
16359,71.88,12.0,48.24,12.0,23.639999999999993,32.888146911519186
16360,503.64,36.0,184.32,36.0,319.32,63.4024303073624
16365,59.96,4.0,0.0,,59.96,100.0
16368,87.93,7.0,0.0,,87.93,100.0
16369,326.71,29.0,105.36,12.0,221.34999999999997,67.75121667533898
16370,14789.49,1851.0,239.36,44.0,14550.13,98.38155338689839
16374,51.96,4.0,189.36,24.0,-137.4,-264.43418013856814
16377,474.71,29.0,273.6,24.0,201.10999999999996,42.36481220113332
16378,3556.38,362.0,1551.78,233.0,2004.6000000000001,56.36630506301351
16380,84743.89,7711.0,39541.39,8431.0,45202.5,53.34012871016424
16381,0.0,,403.38,9.0,-403.38,0.0
16389,574.72,28.0,855.44,68.0,-280.72,-48.844654788418715
16393,25449.13,2727.0,12992.08,2788.0,12457.050000000001,48.948824576714415
16394,58908.86,3514.0,34314.0,3800.0,24594.86,41.75069760304307
16398,1559.6100000000001,39.0,567.6,22.0,992.0100000000001,63.60628618693135
16399,1074.75,25.0,584.8,20.0,489.95000000000005,45.58734589439405
16400,10857.34,1066.0,7309.700000000001,1091.0,3547.6399999999994,32.67503826904195
16424,80.94,6.0,131.04,18.0,-50.099999999999994,-61.89770200148258
16425,7.99,1.0,5.36,1.0,2.63,32.91614518147684
16426,1462.17,183.0,1066.24,196.0,395.93000000000006,27.0782467154982
16427,26505.12,2388.0,15511.14,2329.0,10993.98,41.478702982669006
16428,21059.92,2108.0,8413.400000000001,1357.0,12646.519999999997,60.050180627466766
16429,25351.34,2566.0,9169.8,1581.0,16181.54,63.82913092562366
16430,457.41,79.0,195.5,50.0,261.91,57.25935156642837
16431,26039.760000000002,2624.0,10948.68,1789.0,15091.080000000002,57.95399035935815
16440,6997.9400000000005,206.0,2772.9,130.0,4225.040000000001,60.37548192753869
16441,84026.42,4558.0,51512.00000000001,4700.0,32514.41999999999,38.695472209812095
16443,1346.3899999999999,61.0,1070.7,83.0,275.6899999999998,20.47623645451911
16445,1525.23,77.0,1405.3799999999999,118.0,119.85000000000014,7.857831277905635
16453,689.64,36.0,1604.75,131.0,-915.11,-132.69386926512382
16455,57.45,5.0,415.68,48.0,-358.23,-623.5509138381201
16458,14163.3,1070.0,9405.0,1100.0,4758.299999999999,33.59598398678274
16460,9456.26,774.0,6552.4800000000005,803.0,2903.7799999999997,30.707489007281946
16461,1073.21,79.0,990.82,107.0,82.38999999999999,7.6769690927218335
16466,2055.79,121.0,1903.44,168.0,152.3499999999999,7.410776392530362
16468,4734.16,384.0,3077.05,395.0,1657.1099999999997,35.003252953005386
16469,21983.7,2930.0,14005.96,2924.0,7977.740000000002,36.28934164858509
16472,779.4,60.0,534.0,60.0,245.39999999999998,31.48575827559661
16477,34598.43,4557.0,21629.44,4544.0,12968.990000000002,37.484330936403765
16478,179.85,15.0,238.2,30.0,-58.349999999999994,-32.443703085904914
16484,27231.14,1686.0,17947.12,1706.0,9284.02,34.09339454756577
16494,13524.599999999999,740.0,9098.72,779.0,4425.879999999999,32.72466468509235
16503,485.71999999999997,28.0,143.76,24.0,341.96,70.40270114469241
16520,17.96,4.0,142.56,48.0,-124.6,-693.7639198218262
16523,255.84,16.0,126.24,12.0,129.60000000000002,50.65666041275798
16525,195.27,23.0,126.04,23.0,69.23,35.45347467608952
16526,8262.92,908.0,5161.68,856.0,3101.24,37.5320104757156
16527,692.7900000000001,21.0,222.9,10.0,469.8900000000001,67.82574806218335
16529,521.71,29.0,719.4,60.0,-197.68999999999994,-37.89269900902799
16530,599.64,36.0,643.8,60.0,-44.15999999999997,-7.364418651190709
16531,230.89,11.0,14.09,1.0,216.79999999999998,93.89752696089046
16532,1489.84,116.0,1199.28,152.0,290.55999999999995,19.502765397626586
16537,9121.53,847.0,5328.36,779.0,3793.170000000001,41.58479991843475
16538,9269.79,621.0,5598.6,651.0,3671.1900000000005,39.6038097950439
16539,7910.74,526.0,5081.84,556.0,2828.8999999999996,35.760244932838134
16540,23657.879999999997,1112.0,15756.28,1156.0,7901.599999999997,33.399442384524725
16541,5344.38,162.0,3867.5,170.0,1476.88,27.63426253372702
16553,5685.51,549.0,3718.5,555.0,1967.0100000000002,34.5968963206467
16555,10786.369999999999,563.0,6842.16,612.0,3944.209999999999,36.56661138084452
16556,1119.6,40.0,810.24,48.0,309.3599999999999,27.63129689174705
16557,8667.01,299.0,6016.99,301.0,2650.0200000000004,30.575942568429028
16559,4045.17,283.0,3377.92,377.0,667.25,16.494980433455204
16560,6785.28,472.0,4556.82,519.0,2228.46,32.84256508205999
16568,12314.52,948.0,9503.0,1075.0,2811.5200000000004,22.830934539064458
16580,99.98,2.0,0.0,,99.98,100.0
16583,1779.11,89.0,824.11,61.0,954.9999999999999,53.678524655586216
16584,389.90000000000003,10.0,650.5,25.0,-260.59999999999997,-66.83765067966144
16585,569.81,19.0,253.54,14.0,316.27,55.50446640108107
16586,223.86,14.0,0.0,,223.86,100.0
16587,866.49,51.0,729.6,64.0,136.89,15.79822040646747
16592,6997.139999999999,386.0,4606.16,412.0,2390.9799999999996,34.170818362931136
16609,843.28,72.0,640.8,72.0,202.48000000000002,24.011004648515325
16610,153305.12,14488.0,100177.59999999999,14732.0,53127.520000000004,34.65475908436718
16611,179.84,16.0,171.36,24.0,8.47999999999999,4.7153024911031975
16612,113.91,9.0,87.96,12.0,25.950000000000003,22.78114300763761
16634,278.90999999999997,9.0,0.0,,278.90999999999997,100.0
16642,41.94,6.0,0.0,,41.94,100.0
16646,3292.11,89.0,2563.08,106.0,729.0300000000002,22.144764300099336
16647,10768.71,829.0,1918.74,226.0,8849.97,82.18226695676641
16649,989.34,66.0,261.09000000000003,27.0,728.25,73.60967918005943
16653,10294.29,71.0,3840.8,40.0,6453.490000000001,62.68999610463665
16655,24776.03,2197.0,13028.460000000001,1802.0,11747.569999999998,47.41506205796489
16656,31388.98,2802.0,22368.579999999998,2951.0,9020.400000000001,28.73747410715481
16657,6402.27,573.0,3752.3700000000003,519.0,2649.9,41.39000698189861
16661,2759.54,46.0,1791.7,46.0,967.8399999999999,35.072512085347554
16663,0.0,,210.72,24.0,-210.72,0.0
16664,0.0,,80.52,4.0,-80.52,0.0
16669,70912.41,5459.0,53061.299999999996,6206.0,17851.110000000008,25.173463995935276
16670,44602.8,3720.0,34394.93,4159.0,10207.870000000003,22.88616409732125
16678,3007.68,32.0,190.53,3.0,2817.1499999999996,93.66521704436641
16679,309.72,28.0,344.64,48.0,-34.91999999999996,-11.274699728787278
16680,1616.98,102.0,1014.9999999999999,175.0,601.9800000000001,37.22866083686874
16681,132.92999999999998,7.0,297.84,24.0,-164.91,-124.05777476867526
16683,18.99,1.0,0.0,,18.99,100.0
16684,5368.68,332.0,3485.4800000000005,316.0,1883.1999999999998,35.07752371160136
16688,9.49,1.0,6.16,1.0,3.33,35.08956796628029
16689,115.98,2.0,0.0,,115.98,100.0
16690,1735.72,28.0,495.96,12.0,1239.76,71.42626690940935
16692,12105.08,692.0,9443.84,868.0,2661.24,21.98448915661854
16694,1244.17,83.0,129.09,13.0,1115.0800000000002,89.62440824003151
16695,43333.340000000004,2766.0,34671.52,3376.0,8661.820000000007,19.988812309413508
16696,485.72999999999996,27.0,195.84,16.0,289.89,59.68130442838614
16703,16219.7,1530.0,10232.51,1567.0,5987.1900000000005,36.9130748410883
16708,683.46,54.0,390.42,54.0,293.04,42.8759547010798
16724,7798.05,195.0,129.85,5.0,7668.2,98.33484012028649
16725,8367.03,1197.0,5565.26,1202.0,2801.7700000000004,33.485836670837806
16726,819.92,158.0,1387.24,158.0,-567.32,-69.19211630402967
16727,15738.75,1125.0,10589.55,1135.0,5149.200000000001,32.71670240648083
16728,8559.689999999999,431.0,4002.96,312.0,4556.729999999999,53.234754996968334
16749,39554.19,4681.0,39329.19,5223.0,225.0,0.5688398624772748
16752,540.53,47.0,479.4,60.0,61.129999999999995,11.30927053077535
16753,5388.38,462.0,2887.7000000000003,431.0,2500.68,46.40875365137573
16756,759.6199999999999,38.0,733.1500000000001,55.0,26.4699999999998,3.4846370553697645
16757,5836.089999999999,291.0,3680.88,313.0,2155.209999999999,36.92900554994868
16758,55176.56,3944.0,35166.15,4113.0,20010.409999999996,36.266142724374255
16760,16.99,1.0,271.92,24.0,-254.93,-1500.4708652148324
16761,54001.4,3860.0,34909.159999999996,3949.0,19092.240000000005,35.355083386727024
16762,533.54,46.0,451.8,60.0,81.73999999999995,15.320313378565798
16773,2958.11,89.0,1288.2,57.0,1669.91,56.45192369452117
16774,998.61,39.0,506.7,30.0,491.91,49.25947066422327
16775,227.4,60.0,176.08,71.0,51.31999999999999,22.568161829375548
16776,338.96999999999997,3.0,928.68,12.0,-589.71,-173.97114788919376
16777,287.96,4.0,0.0,,287.96,100.0
16778,10751.29,671.0,6485.64,588.0,4265.650000000001,39.675704031795256
16781,9008.68,132.0,3694.33,83.0,5314.35,58.99143936736569
16782,14394.130000000001,387.0,8820.0,360.0,5574.130000000001,38.725021936025314
16786,155.88,12.0,526.8,60.0,-370.91999999999996,-237.95227097767514
16787,63.92,8.0,0.0,,63.92,100.0
16791,199.95000000000002,5.0,473.58000000000004,18.0,-273.63,-136.84921230307577
16792,2349.06,94.0,2305.16,143.0,43.90000000000009,1.868832639438758
16793,89.97,3.0,238.32,12.0,-148.35,-164.88829609869958
16794,254650.63,13606.0,150654.74,13771.0,103995.89000000001,40.83865411996036
16795,5219.82,18.0,2464.02,13.0,2755.7999999999997,52.79492396289527
16796,3883.8900000000003,111.0,120.64999999999999,5.0,3763.2400000000002,96.89357834542173
16805,30673.61,3839.0,20488.52,3844.0,10185.09,33.20473201556647
16806,147400.08,16757.0,90979.8,17166.0,56420.279999999984,38.276967013857785
16808,287.76,24.0,0.0,,287.76,100.0
16809,443.63,37.0,366.13,47.0,77.5,17.46951288235692
16814,26609.49,2151.0,18419.4,2274.0,8190.09,30.778831161363858
16816,23487.98,1902.0,16837.72,2036.0,6650.259999999998,28.313460757374614
16817,179.88,12.0,87.96,12.0,91.92,51.10073382254837
16819,98325.35,7965.0,58036.49,7069.0,40288.86000000001,40.97504865225499
16820,0.0,,78.36,12.0,-78.36,0.0
16822,33.96,4.0,121.94,26.0,-87.97999999999999,-259.0694935217903
16823,19.99,1.0,0.0,,19.99,100.0
16824,6176.91,309.0,1222.95,93.0,4953.96,80.20126568138438
16826,12525.95,1705.0,7672.84,1636.0,4853.110000000001,38.744446529005785
16827,0.0,,1094.4,18.0,-1094.4,0.0
16828,71140.53,5347.0,47924.44,5534.0,23216.089999999997,32.63412572270687
16829,29999.829999999998,2117.0,20810.719999999998,2186.0,9189.11,30.630540239728028
16830,12490.52,948.0,11792.3,1222.0,698.2200000000012,5.589999455587127
16837,57972.46,10154.0,34948.979999999996,10219.0,23023.480000000003,39.714512718625365
16839,7211.49,451.0,5366.46,517.0,1845.0299999999997,25.584587928430874
16843,40557.840000000004,6956.0,24362.08,7082.0,16195.760000000002,39.93250133636308
16846,95.92,8.0,198.48,24.0,-102.55999999999999,-106.92243536280233
16850,77.87,13.0,0.0,,77.87,100.0
16851,1334.08,352.0,894.08,352.0,439.9999999999999,32.98153034300791
16860,9575.21,479.0,7416.990000000001,549.0,2158.2199999999984,22.539662315500117
16863,269.73,27.0,239.39999999999998,35.0,30.33000000000004,11.244577911244592
16864,116.64,16.0,169.2,36.0,-52.55999999999999,-45.06172839506172
16868,6803.299999999999,370.0,3883.5200000000004,328.0,2919.779999999999,42.91711375361956
16869,587.16,84.0,45.7,10.0,541.4599999999999,92.2167722596907
16873,191.76,24.0,142.8,24.0,48.95999999999998,25.531914893617014
16877,56539.57,5743.0,37563.68,6098.0,18975.89,33.562140638848156
16878,13879.08,1692.0,8461.62,1621.0,5417.459999999999,39.0332788628641
16879,239.88,12.0,0.0,,239.88,100.0
16880,19.99,1.0,13.51,1.0,6.479999999999999,32.416208104052025
16887,97.93,7.0,115.8,12.0,-17.86999999999999,-18.24772796895741
16888,125.91,9.0,333.36,36.0,-207.45000000000002,-164.76054324517514
16889,9318.29,771.0,6006.09,771.0,3312.2000000000007,35.54514830510749
16890,17446.59,1941.0,19960.4,2780.0,-2513.8100000000013,-14.408603629706443
16891,17203.76,1424.0,11888.08,1448.0,5315.6799999999985,30.89836175347714
16894,2639.78,22.0,2896.25,35.0,-256.4699999999998,-9.71558235913598
16896,7509.31,69.0,5927.86,83.0,1581.4500000000007,21.059857696645906
16912,63.48,12.0,41.28,12.0,22.199999999999996,34.97164461247637
16916,85.9,10.0,61.8,12.0,24.10000000000001,28.055878928987205
16918,21182.39,2161.0,12951.4,2233.0,8230.99,38.85770208177642
16923,1022.69,31.0,0.0,,1022.69,100.0
16931,25396.47,153.0,27922.22,254.0,-2525.75,-9.945279796759156
16934,167.88,12.0,112.68,12.0,55.19999999999999,32.88062902072909
16935,4.49,1.0,0.0,,4.49,100.0
16939,469.06,94.0,347.68,106.0,121.38,25.877286487869355
16940,99.9,10.0,128.25,19.0,-28.349999999999994,-28.378378378378372
16941,137.25,25.0,154.16,41.0,-16.909999999999997,-12.320582877959925
16947,1594.8600000000001,114.0,209.44,28.0,1385.42,86.8678128487767
16948,6435.76,1024.0,3644.93,937.0,2790.8300000000004,43.364420052954124
16950,11.98,2.0,96.48,24.0,-84.5,-705.3422370617695
16954,21.98,2.0,0.0,,21.98,100.0
16955,833.28,72.0,510.48,72.0,322.79999999999995,38.73847926267281
16957,455.64,36.0,318.24,36.0,137.39999999999998,30.15538583091914
16959,283.98,2.0,0.0,,283.98,100.0
16961,4883.26,74.0,3715.2,96.0,1168.0600000000004,23.919676609478103
16964,107.82,18.0,141.12,36.0,-33.30000000000001,-30.884808013355602
16967,208.89,11.0,150.96,12.0,57.92999999999998,27.73229929628033
16968,9342.67,533.0,6145.2,569.0,3197.4700000000003,34.224370549318344
16971,20447.39,1361.0,9926.48,1336.0,10520.91,51.45355959856002
16987,244.44,36.0,168.48,36.0,75.96000000000001,31.075110456553762
16989,7441.25,775.0,4752.81,783.0,2688.4399999999996,36.12887619687552
16990,13316.24,1126.0,7336.5,1095.0,5979.74,44.90561900356257
16991,1819.74,26.0,559.92,12.0,1259.8200000000002,69.23076923076924
16996,7196.4,360.0,5874.54,426.0,1321.8599999999997,18.368350842087708
16998,319.98,2.0,106.66,1.0,213.32000000000002,66.66666666666667
17001,12199.28,872.0,8191.74,878.0,4007.540000000001,32.8506272501328
17010,0.0,,273.6,24.0,-273.6,0.0
17011,37460.58,2742.0,25290.800000000003,2749.0,12169.779999999999,32.48689689268024
17015,2529.81,219.0,1251.3,215.0,1278.51,50.53778742277088
17016,32179.7,2830.0,22429.219999999998,2959.0,9750.480000000003,30.300096023269337
17017,403.61,39.0,165.36,24.0,238.25,59.02975644805629
17018,32.97,3.0,82.08,12.0,-49.11,-148.95359417652412
17019,674.3499999999999,65.0,387.0,60.0,287.3499999999999,42.61140357381181
17020,6970.87,613.0,4341.12,608.0,2629.75,37.724846396504304
17024,6843.71,529.0,4621.6,530.0,2222.1099999999997,32.469376989965966
17026,2737.37,163.0,523.12,52.0,2214.25,80.88968608554927
17033,134.91,9.0,39.44,4.0,95.47,70.76569564895115
17039,582.47,53.0,873.6,120.0,-291.13,-49.981973320514356
17040,1850.9099999999999,309.0,1296.75,325.0,554.1599999999999,29.93986741656806
17041,31135.98,3218.0,16695.239999999998,3174.0,14440.740000000002,46.379590428822226
17047,994.53,47.0,479.88,36.0,514.65,51.74806189858526
17059,4502.16,484.0,3209.13,543.0,1293.0299999999997,28.72021429713737
17063,4326.35,265.0,3688.36,346.0,637.9900000000002,14.746610884463813
17065,1042.26,174.0,266.5,65.0,775.76,74.43056435054592
17069,1666.05,145.0,97.63,13.0,1568.42,94.14003181177037
17073,37403.83,3417.0,24548.76,3589.0,12855.070000000003,34.36832538272151
17084,5253.8099999999995,219.0,4735.22,298.0,518.5899999999992,9.870741423842874
17085,2729.3,70.0,2806.92,108.0,-77.61999999999989,-2.8439526618546838
17086,1799.55,45.0,319.92,12.0,1479.6299999999999,82.22222222222221
17089,0.0,,1821.7199999999998,228.0,-1821.7199999999998,0.0
17093,503.64,36.0,331.20000000000005,36.0,172.43999999999994,34.23874195854181
17094,10539.41,959.0,6885.62,959.0,3653.79,34.66787989080983
17100,1709.8600000000001,214.0,15.57,3.0,1694.2900000000002,99.0893991320927
17101,16062.4,860.0,10892.699999999999,855.0,5169.700000000001,32.18510309791812
17118,674.97,3.0,145.15,1.0,529.82,78.49534053365336
17119,22487.1,1390.0,14401.66,1351.0,8085.439999999999,35.95590360695687
17129,523.38,122.0,341.6,122.0,181.77999999999997,34.73193473193473
17131,705.64,36.0,1041.92,88.0,-336.2800000000001,-47.65602856980898
17132,3414.5,150.0,2374.92,162.0,1039.58,30.446038951530234
17134,21352.97,1303.0,13034.0,1330.0,8318.970000000001,38.95931104666002
17138,1249.33,67.0,513.0,60.0,736.3299999999999,58.93799076304899
17142,569.62,38.0,504.96000000000004,64.0,64.65999999999997,11.351427267301002
17143,164.89,11.0,283.64,28.0,-118.75,-72.01770877554733
17144,254.82999999999998,17.0,281.68,28.0,-26.850000000000023,-10.536436055409498
17145,14218.88,812.0,9895.36,856.0,4323.519999999999,30.406895620470802
17146,11211.93,707.0,6346.92,699.0,4865.01,43.39136972849456
17147,12384.82,818.0,7955.43,881.0,4429.389999999999,35.764669975017796
17148,485.46,54.0,620.68,118.0,-135.21999999999997,-27.85399414987846
17154,110.33,17.0,0.0,,110.33,100.0
17159,811.4200000000001,58.0,338.04,36.0,473.38000000000005,58.339700771487024
17161,22504.99,2501.0,23206.5,2865.0,-701.5099999999984,-3.117130911855541
17162,41533.37,4363.0,27350.28,4469.0,14183.090000000004,34.14866166651058
17163,39084.41,3459.0,25048.97,3533.0,14035.440000000002,35.9105842969102
17167,31494.9,2878.0,17050.0,2500.0,14444.900000000001,45.86425103746956
17168,48048.46,4754.0,27703.75,4625.0,20344.71,42.34206465722315
17170,4604.01,149.0,3441.56,97.0,1162.4500000000003,25.248641944739482
17171,46.92,8.0,0.0,,46.92,100.0
17172,161.73000000000002,27.0,4.1,1.0,157.63000000000002,97.4649106535584
17175,104993.36,12564.0,61526.4,11832.0,43466.96,41.39972280151811
17176,198440.18,23482.0,116592.39,22293.0,81847.79,41.24557335112274
17177,100059.17,11783.0,64070.200000000004,11756.0,35988.969999999994,35.96768791905829
17182,335.76,24.0,109.68,12.0,226.07999999999998,67.3338098641887
17186,15379.94,1006.0,9628.56,1032.0,5751.380000000001,37.39533444213697
17187,39487.14,3686.0,38494.7,3490.0,992.4400000000023,2.513324591246675
17188,14002.929999999998,807.0,9621.6,844.0,4381.329999999998,31.288666014898304
17194,2817.65,235.0,446.58000000000004,54.0,2371.07,84.1506219722109
17196,37.98,2.0,24.66,2.0,13.319999999999997,35.07109004739336
17200,13243.55,1245.0,14320.18,1631.0,-1076.630000000001,-8.129466797044607
17201,13.58,2.0,0.0,,13.58,100.0
17202,13972.03,1397.0,7919.28,1294.0,6052.750000000001,43.32047669522611
17204,22.47,3.0,0.0,,22.47,100.0
17209,16901.54,1046.0,10996.910000000002,997.0,5904.629999999999,34.93545558570402
17216,7251.009999999999,399.0,5339.04,454.0,1911.9699999999993,26.368326619326126
17218,107.88,12.0,73.44,12.0,34.44,31.92436040044494
17219,11493.07,1093.0,6591.900000000001,1022.0,4901.169999999999,42.644567552446816
17234,0.0,,158.88,24.0,-158.88,0.0
17235,18135.66,1634.0,12058.92,1634.0,6076.74,33.507134562513855
17263,461.58,42.0,109.2,15.0,352.38,76.34212920837125
17265,279.59999999999997,40.0,237.64000000000001,52.0,41.95999999999995,15.007153075822588
17266,239.83,17.0,216.72,24.0,23.110000000000014,9.635992161114128
17274,67.41,9.0,0.0,,67.41,100.0
17275,269.64,36.0,179.64000000000001,36.0,89.99999999999997,33.377837116154865
17281,4419.66,34.0,2670.9,30.0,1748.7599999999998,39.56774955539566
17282,173.94,6.0,78.36,4.0,95.58,54.949982752673336
17289,1633.91,109.0,1183.2,116.0,450.71000000000004,27.58475069006249
17292,5897.46,454.0,4239.8,493.0,1657.6599999999999,28.108032949778377
17293,3078.63,237.0,1831.48,217.0,1247.15,40.509902131792394
17294,5351.88,412.0,3486.08,416.0,1865.8000000000002,34.86251560199407
17296,21474.46,1954.0,14065.800000000001,1970.0,7408.659999999998,34.499866352867535
17297,18719.7,1930.0,9984.24,1698.0,8735.460000000001,46.66452988028655
17298,167.88,12.0,109.68,12.0,58.19999999999999,34.66761972837741
17299,55.97,3.0,0.0,,55.97,100.0
17308,19610.92,908.0,13546.81,893.0,6064.109999999999,30.922108702702367
17315,4079.49,51.0,2270.1,42.0,1809.3899999999999,44.353338284932676
17316,29230.49,851.0,18212.61,871.0,11017.880000000001,37.69310743678946
17320,208.89,11.0,64.6,5.0,144.29,69.0746325817416
17322,237.82999999999998,17.0,73.6,8.0,164.23,69.05352562754909
17323,4170.82,118.0,2762.0,100.0,1408.8199999999997,33.77801007955269
17324,31785.28,2272.0,18436.68,2322.0,13348.599999999999,41.996169295975996
17325,7736.129999999999,387.0,5462.31,399.0,2273.819999999999,29.39221548758874
17326,8721.51,349.0,5995.95,355.0,2725.5600000000004,31.251010432826433
17329,12752.72,928.0,10260.0,1200.0,2492.7199999999993,19.54657516200465
17330,26796.38,1862.0,18475.52,2062.0,8320.86,31.052179436177575
17331,10.99,1.0,181.92,24.0,-170.92999999999998,-1555.3230209281162
17332,472.57,43.0,553.5,75.0,-80.93,-17.125505216158455
17339,479.47,53.0,113.4,21.0,366.07000000000005,76.34888522743863
17340,4661.44,456.0,2466.94,469.0,2194.4999999999995,47.07772705430081
17341,8856.77,923.0,3605.24,934.0,5251.530000000001,59.29396382654174
17342,89.8,20.0,29.7,10.0,60.099999999999994,66.92650334075724
17345,186549.84,18136.0,112086.5,18650.0,74463.34,39.916056749231196
17346,2303.52,48.0,1888.56,61.0,414.96000000000004,18.014169618670557
17347,7869.52,248.0,3405.6,176.0,4463.92,56.72417123280709
17348,128.88,12.0,162.48,24.0,-33.599999999999994,-26.070763500931093
17349,17795.28,1272.0,13220.5,1370.0,4574.779999999999,25.707828143193023
17350,14885.36,1064.0,11236.050000000001,1189.0,3649.3099999999995,24.51610172679733
17351,11691.15,685.0,7971.34,713.0,3719.8099999999995,31.81731480649893
17358,101.94,6.0,21.46,2.0,80.47999999999999,78.94840102020795
17360,131.88,12.0,87.96,12.0,43.92,33.30300272975432
17361,3989.7499999999995,225.0,2642.28,227.0,1347.4699999999993,33.77329406604422
17367,2112.0299999999997,197.0,1343.86,203.0,768.1699999999998,36.37116897013773
17368,1074.77,23.0,1275.81,43.0,-201.03999999999996,-18.70539743386957
17369,335.84,16.0,162.48,12.0,173.35999999999999,51.61981896141019
17371,467.64,36.0,530.4,60.0,-62.75999999999999,-13.42057993328201
17372,1668.33,167.0,269.37,41.0,1398.96,83.85391379403356
17375,1377.74,26.0,322.2,9.0,1055.54,76.61387489656974
17377,6880.41,459.0,1073.78,106.0,5806.63,84.39366258696793
17378,6460.8,520.0,4176.349999999999,505.0,2284.4500000000007,35.358624318969795
17381,23.96,4.0,0.0,,23.96,100.0
17384,1949.48,52.0,316.41999999999996,13.0,1633.06,83.76900506801813
17385,493.80999999999995,19.0,17.8,1.0,476.00999999999993,96.39537473927219
17394,15199.809999999998,19.0,9869.93,19.0,5329.879999999997,35.065438317978966
17399,710.91,9.0,0.0,,710.91,100.0
17404,899.99,1.0,0.0,,899.99,100.0
17405,2526.8100000000004,19.0,86.36,1.0,2440.4500000000003,96.58225193029946
17406,949.9,10.0,0.0,,949.9,100.0
17407,10399.869999999999,13.0,6274.44,12.0,4125.429999999999,39.66809200499621
17408,3599.96,4.0,1824.3,3.0,1775.66,49.32443693818821
17409,1479.96,4.0,739.98,3.0,739.98,50.0
17410,5099.83,17.0,2170.96,11.0,2928.87,57.430737887341344
17413,4159.68,32.0,339.84,4.0,3819.84,91.83014078005999
17431,1307.81,119.0,978.42,138.0,329.39,25.186380284597913
17432,44781.25,2875.0,30482.32,2948.0,14298.93,31.930618283321703
17433,13264.4,1160.0,11373.4,1460.0,1891.0,14.256204577666537
17437,269.84999999999997,15.0,426.24,36.0,-156.39000000000004,-57.954419121734325
17444,0.0,,5.22,1.0,-5.22,0.0
17457,23983.63,2537.0,14710.96,2519.0,9272.670000000002,38.662496044176805
17458,15053.0,1600.0,9485.19,1573.0,5567.8099999999995,36.988042250714145
17459,10560.9,1110.0,6355.29,1047.0,4205.61,39.82245831321194
17462,287.76,24.0,193.2,24.0,94.56,32.86071726438699
17463,389.61,39.0,402.0,60.0,-12.389999999999986,-3.1801031801031763
17464,659.4499999999999,55.0,568.08,72.0,91.36999999999989,13.855485631966017
17469,739.26,74.0,635.52,96.0,103.74000000000001,14.03295187078971
17470,689.31,69.0,489.59999999999997,72.0,199.70999999999998,28.972450711581143
17471,12231.34,1166.0,8489.460000000001,1189.0,3741.879999999999,30.59255976859444
17473,6316.34,666.0,2883.06,513.0,3433.28,54.355528676417045
17485,13829.16,1384.0,12334.14,1638.0,1495.0200000000004,10.810634919257572
17486,733.37,113.0,551.25,125.0,182.12,24.833303789355988
17487,4817.5,750.0,3597.2000000000003,782.0,1220.2999999999997,25.330565646081986
17488,0.0,,79.9,10.0,-79.9,0.0
17489,13631.49,951.0,8507.82,969.0,5123.67,37.587013598660164
17490,389.7,30.0,237.06,27.0,152.64,39.16859122401847
17493,429.69,31.0,360.34000000000003,43.0,69.34999999999997,16.139542460843856
17494,181.86,14.0,0.0,,181.86,100.0
17499,149.94,6.0,0.0,,149.94,100.0
17500,6362.54,646.0,2754.15,427.0,3608.39,56.713042275569194
17503,3087.94,206.0,2212.76,214.0,875.1799999999998,28.341871927563357
17504,120864.65,8935.0,82225.09,10291.0,38639.56,31.969281340739414
17507,8844.43,557.0,5354.639999999999,536.0,3489.790000000001,39.45748906373843
17512,47.97,3.0,0.0,,47.97,100.0
17519,143.94,6.0,95.34,6.0,48.599999999999994,33.76406836181742
17520,104.65,35.0,0.0,,104.65,100.0
17528,359.79999999999995,20.0,73.44,6.0,286.35999999999996,79.58866036687049
17529,6222.59,141.0,3133.75,109.0,3088.84,49.63913740098577
17535,13624.9,1310.0,7900.8099999999995,1319.0,5724.09,42.01197806956382
17576,5.49,1.0,0.0,,5.49,100.0
17595,23704.309999999998,1469.0,16556.03,1501.0,7148.279999999999,30.156034915169432
17596,16101.92,1308.0,9995.4,1234.0,6106.52,37.924173017876136
17598,1749.93,7.0,0.0,,1749.93,100.0
17601,7819.77,23.0,2813.76,12.0,5006.01,64.01735600919208
17611,18664.58,1442.0,9150.66,1753.0,9513.920000000002,50.97312663879927
17612,11115.04,1096.0,7114.5,1054.0,4000.540000000001,35.992133181706954
17615,2094.8799999999997,112.0,1495.6799999999998,123.0,599.1999999999998,28.603070342931336
17617,7242.49,451.0,4642.66,449.0,2599.83,35.89690838371886
17621,105.48,12.0,145.44,24.0,-39.959999999999994,-37.883959044368595
17637,323.76,24.0,208.8,24.0,114.95999999999998,35.50778354336545
17665,25.98,2.0,0.0,,25.98,100.0
17671,81.48,12.0,53.28,12.0,28.200000000000003,34.609720176730484
17675,5.79,1.0,4.14,1.0,1.6500000000000004,28.497409326424876
17677,169.95,5.0,0.0,,169.95,100.0
17697,135.96,4.0,273.72,12.0,-137.76000000000002,-101.32391879964698
17702,32.97,3.0,171.36,24.0,-138.39000000000001,-419.74522292993635
17706,227.76,24.0,146.88,24.0,80.88,35.51106427818757
17707,81768.28,10052.0,46250.82,10011.0,35517.46,43.436721427918016
17741,113.94,6.0,89.18,7.0,24.75999999999999,21.730735474811297
17747,251.91,9.0,215.88,12.0,36.03,14.3027271644635
17748,46718.83,11017.0,30280.25,11011.0,16438.58,35.18619794202895
17753,389.84999999999997,15.0,0.0,,389.84999999999997,100.0
17754,39135.94,3206.0,27426.35,3407.0,11709.590000000004,29.92029832425132
17756,46152.05,2895.0,28812.0,2940.0,17340.050000000003,37.57157049361838
17758,6783.389999999999,261.0,5869.5,350.0,913.8899999999994,13.472467306169916
17759,15.99,1.0,11.03,1.0,4.960000000000001,31.0193871169481
17789,5.79,1.0,0.0,,5.79,100.0
17814,65226.78,1822.0,45648.840000000004,1931.0,19577.939999999995,30.0151870136775
17816,96.69,11.0,70.32,12.0,26.370000000000005,27.272727272727277
17819,17.94,6.0,0.0,,17.94,100.0
17830,467.91,9.0,0.0,,467.91,100.0
17837,5350.84,516.0,3389.88,492.0,1960.96,36.647703911909154
17838,2115.99,201.0,1266.3000000000002,189.0,849.6899999999996,40.15567181319381
17840,149.9,10.0,0.0,,149.9,100.0
17841,1163.16,84.0,611.52,84.0,551.6400000000001,47.425977509542975
17842,8.99,1.0,0.0,,8.99,100.0
17856,181.87,13.0,45.4,5.0,136.47,75.03711442238962
17861,2713.41,59.0,1068.1200000000001,36.0,1645.2899999999997,60.63551029884904
17863,269.73,27.0,68.0,10.0,201.73000000000002,74.78960441923405
17864,23.98,2.0,15.78,2.0,8.200000000000001,34.19516263552961
17865,140286.33,13507.0,83378.19,13691.0,56908.139999999985,40.565705867421286
17866,11831.42,958.0,9531.9,1071.0,2299.5200000000004,19.435705942312932
17867,22619.69,3831.0,12264.98,3809.0,10354.71,45.777417816070866
17869,83.93,7.0,81.0,10.0,2.930000000000007,3.491004408435609
17875,58998.16,7384.0,43095.68,7922.0,15902.480000000003,26.954196537654738
17876,73340.21,9179.0,49931.44,9368.0,23408.770000000004,31.918056956749925
17880,5652.99,201.0,3438.52,188.0,2214.47,39.173428574966515
17882,11248.41,459.0,6168.96,378.0,5079.45,45.15704886290596
17885,121.95,5.0,492.96,24.0,-371.01,-304.2312423124231
17887,45.48,12.0,30.72,12.0,14.759999999999998,32.45382585751979
17896,66.95,5.0,105.36,12.0,-38.41,-57.37117251680358
17897,2682.21,179.0,2570.4,272.0,111.80999999999995,4.168577404453789
17906,32639.95,2105.0,22842.63,2157.0,9797.32,30.016345000528492
17908,257.59,41.0,239.4,60.0,18.18999999999997,7.061609534531608
17909,2459.18,82.0,4037.98,202.0,-1578.8000000000002,-64.20026187590987
17910,22060.66,2134.0,13783.86,2098.0,8276.8,37.51836980398592
17911,419.3,70.0,70.21,17.0,349.09000000000003,83.25542570951586
17912,6779.85,715.0,4293.52,697.0,2486.33,36.67234525837592
17914,3791.94,406.0,2455.2000000000003,396.0,1336.7399999999998,35.25214006550736
17915,7901.4800000000005,852.0,5382.4,928.0,2519.080000000001,31.881115942836036
17916,2039.88,12.0,331.14,3.0,1708.7400000000002,83.76669215836226
17918,2135.94,6.0,0.0,,2135.94,100.0
17921,8287.72,628.0,5197.599999999999,584.0,3090.12,37.28552605541694
17927,147.96,4.0,301.92,12.0,-153.96,-104.0551500405515
17928,14225.85,1415.0,16586.66,2089.0,-2360.8099999999995,-16.595212236878638
17929,107.88,12.0,72.84,12.0,35.03999999999999,32.48053392658509
17931,335.76,24.0,229.92,24.0,105.84,31.52251608291637
17932,2321.73,27.0,2036.52,36.0,285.21000000000004,12.284374152033184
17933,650.93,7.0,64.13,1.0,586.8,90.14794217504186
17934,461.92999999999995,7.0,0.0,,461.92999999999995,100.0
17935,107.64,36.0,72.36,36.0,35.28,32.77591973244147
17937,4959.52,448.0,2264.04,331.0,2695.4800000000005,54.34961447882054
17938,1604.6,140.0,395.3,59.0,1209.3,75.36457684158046
17940,1076.4,360.0,694.8,360.0,381.60000000000014,35.451505016722415
17941,89.7,30.0,60.300000000000004,30.0,29.4,32.775919732441466
17944,153.86,14.0,172.32,24.0,-18.45999999999998,-11.997920187183139
17945,9886.62,738.0,4401.22,674.0,5485.400000000001,55.48306701380249
17948,407.76,24.0,263.04,24.0,144.71999999999997,35.49146556798116
17949,195.86,14.0,225.36,24.0,-29.5,-15.06177882160727
17954,36250.63,4537.0,24173.6,4510.0,12077.029999999999,33.3153658295042
17957,9959.210000000001,679.0,6525.96,714.0,3433.250000000001,34.47311583950937
17958,215.76,24.0,145.68,24.0,70.07999999999998,32.48053392658509
17967,62798.38,4362.0,39827.2,4445.0,22971.18,36.579255706914736
17978,9963.53,1247.0,6367.08,1164.0,3596.4500000000007,36.096142632179564
17979,142.87,13.0,170.16,24.0,-27.289999999999992,-19.10128088472037
17981,17293.059999999998,894.0,9963.039999999999,853.0,7330.019999999999,42.387061630503794
17983,1152.26,74.0,665.8399999999999,58.0,486.4200000000001,42.214430770832976
17984,8514.32,568.0,5797.679999999999,588.0,2716.6400000000003,31.906717154159114
17985,26047.329999999998,1067.0,18598.76,1132.0,7448.57,28.59628990764121
17986,359.64,36.0,248.04000000000002,36.0,111.59999999999997,31.03103103103102
17988,2841.63,237.0,1692.9,209.0,1148.73,40.42503774242248
17989,827.31,69.0,418.59999999999997,52.0,408.71,49.402279677509036
17990,11474.43,957.0,7517.43,909.0,3957.0,34.48537312964565
18000,395.01,99.0,33.0,12.0,362.01,91.64578111946533
18001,9945.949999999999,605.0,7059.200000000001,640.0,2886.749999999998,29.024376756368152
18002,104.85000000000001,15.0,82.26,18.0,22.590000000000003,21.545064377682404
18010,71999.45,11155.0,45150.56,11518.0,26848.89,37.290409857297526
18011,187.25,25.0,171.5,35.0,15.75,8.411214953271028
18012,456.89,61.0,227.01,47.0,229.88,50.314079975486436
18013,153620.59,19741.0,92125.67,19643.0,61494.92,40.0303891555162
18014,14523.109999999999,689.0,8799.199999999999,647.0,5723.91,39.41242612635999
18017,536.51,49.0,342.72,48.0,193.78999999999996,36.12048237684292
18027,96735.56,6304.0,61480.68,6771.0,35254.88,36.44459183365455
18044,429.9,10.0,0.0,,429.9,100.0
18046,727.72,28.0,226.72,13.0,501.0,68.84516022646072
18066,143.04,96.0,95.03999999999999,96.0,48.0,33.557046979865774
18071,0.0,,476.64,36.0,-476.64,0.0
18072,25.47,3.0,138.72,24.0,-113.25,-444.64075382803304
18073,11.58,2.0,3.94,1.0,7.640000000000001,65.97582037996547
18083,916.98,102.0,665.28,108.0,251.70000000000005,27.448799319505333
18084,389.35,65.0,305.52,76.0,83.83000000000004,21.530756388853227
18089,569.62,38.0,551.04,64.0,18.58000000000004,3.261823671921639
18093,334.95,5.0,89.32,2.0,245.63,73.33333333333334
18095,7191.57,443.0,3695.28,356.0,3496.2899999999995,48.61650515812263
18096,39256.7,1230.0,26991.66,1289.0,12265.039999999997,31.243176324041492
18097,15220.23,177.0,2592.9900000000002,47.0,12627.24,82.9635294604615
18098,7594.6900000000005,31.0,2052.5699999999997,13.0,5542.120000000001,72.97361709299524
18099,5531.88,12.0,2526.0,8.0,3005.88,54.337404282088556
18102,8468.37,163.0,7930.4,230.0,537.9700000000012,6.352698335098738
18105,327.59,41.0,389.09000000000003,73.0,-61.50000000000006,-18.773466833541946
18106,97980.16,9096.0,73899.0,10350.0,24081.160000000003,24.577587952499773
18107,78936.15000000001,13445.0,42890.4,13320.0,36045.75000000001,45.66443891677008
18108,17.97,3.0,130.02,33.0,-112.05000000000001,-623.5392320534226
18109,5808.55,895.0,5515.4,1265.0,293.15000000000055,5.046870561499867
18110,979.75,25.0,1246.56,48.0,-266.80999999999995,-27.232457259504972
18125,9310.79,1021.0,6492.64,1054.0,2818.1500000000005,30.267571280202866
18126,3835.51,349.0,3034.59,403.0,800.9200000000001,20.88170803882665
18127,299.88,12.0,201.24,12.0,98.63999999999999,32.89315726290516
18130,3107.1600000000003,84.0,322.78999999999996,13.0,2784.3700000000003,89.61141363817762
18131,696.4300000000001,57.0,591.1199999999999,72.0,105.31000000000017,15.121404879169503
18134,11583.72,828.0,7990.2,828.0,3593.5199999999995,31.022158684774837
18137,59.94,6.0,116.28,17.0,-56.34,-93.99399399399401
18142,111974.13,1887.0,48601.200000000004,1203.0,63372.93,56.596045890242685
18150,174.92999999999998,7.0,197.28,12.0,-22.350000000000023,-12.776539187103428
18152,131280.55,13305.0,67238.58,12783.0,64041.96999999999,48.782527190813866
18157,333.65999999999997,34.0,289.44,48.0,44.21999999999997,13.253012048192764
18158,131.88,12.0,87.36,12.0,44.519999999999996,33.75796178343949
18159,26.97,3.0,172.32,24.0,-145.35,-538.9321468298109
18164,959.4,60.0,631.2,60.0,328.19999999999993,34.208880550343956
18166,431.72999999999996,27.0,391.68,36.0,40.049999999999955,9.27663122785073
18167,9190.01,599.0,6721.12,706.0,2468.8900000000003,26.864932682336583
18173,1022.07,93.0,947.76,132.0,74.31000000000006,7.2705391998591145
18174,1725.43,157.0,1278.0600000000002,179.0,447.3699999999999,25.928029534666713
18175,7550.13,687.0,5267.87,709.0,2282.26,30.22808878787518
18192,639.98,2.0,0.0,,639.98,100.0
18193,2559.84,16.0,418.28,4.0,2141.5600000000004,83.65991624476531
18199,2459.59,41.0,496.44,12.0,1963.15,79.81614821982525
18203,0.0,,140.16,12.0,-140.16,0.0
18209,759.8100000000001,19.0,0.0,,759.8100000000001,100.0
18210,623.84,16.0,0.0,,623.84,100.0
18211,129.98,2.0,0.0,,129.98,100.0
18212,3378.7,130.0,313.92,18.0,3064.7799999999997,90.70885251724036
18232,5457.2699999999995,273.0,1169.18,106.0,4288.089999999999,78.5757347538238
18236,2203.71,29.0,1654.08,32.0,549.6300000000001,24.941122016962307
18237,2698.92,108.0,3850.92,228.0,-1152.0,-42.68374016273176
18239,935.88,12.0,855.44,17.0,80.43999999999994,8.59511903235457
18240,7399.17,283.0,4084.08,231.0,3315.09,44.803538775295074
18246,413.91,9.0,315.0,10.0,98.91000000000003,23.896499238964996
18254,431.93999999999994,6.0,1129.2,24.0,-697.2600000000001,-161.42519794415895
18261,95.88,12.0,66.12,12.0,29.75999999999999,31.038798498122645
18263,949.4999999999999,50.0,616.4200000000001,49.0,333.0799999999998,35.079515534491826
18265,1580.79,21.0,466.1,10.0,1114.69,70.51474262868567
18266,95.98,2.0,0.0,,95.98,100.0
18267,3518.8999999999996,110.0,691.52,32.0,2827.3799999999997,80.34840433089886
18268,813.3199999999999,68.0,631.2,48.0,182.1199999999999,22.392170363448567
18269,1405.81,19.0,1470.0,30.0,-64.19000000000005,-4.566050888811437
18270,1223.28,72.0,820.8000000000001,72.0,402.4799999999999,32.90170688640376
18271,2793.78,22.0,1896.58,23.0,897.2000000000003,32.11419653659201
18272,155.88,12.0,79.44,12.0,76.44,49.03772132409546
18275,1597.79,121.0,1182.24,144.0,415.54999999999995,26.007798271362315
18276,4859.18,82.0,780.56,22.0,4078.6200000000003,83.93638432821999
18278,7202.0,300.0,4652.9,289.0,2549.1000000000004,35.39433490697029
18284,1141.3,70.0,178.88,16.0,962.42,84.32664505388591
18299,2876.3999999999996,360.0,1983.6000000000001,360.0,892.7999999999995,31.038798498122638
18300,195.72,28.0,171.35999999999999,36.0,24.360000000000014,12.44635193133048
18304,2063.59,241.0,285.18,49.0,1778.41,86.180394361283
18309,1208.79,121.0,946.08,144.0,262.7099999999999,21.733303551485363
18317,909.8699999999999,13.0,0.0,,909.8699999999999,100.0
18332,19595.37,1463.0,12002.76,1386.0,7592.609999999999,38.74695910309425
18337,8094.19,481.0,5079.6,498.0,3014.5899999999992,37.2438749275715
18338,671.52,48.0,450.72,48.0,220.79999999999995,32.88062902072909
18344,1069.81,119.0,236.73000000000002,39.0,833.0799999999999,77.87177162299848
18346,3189.42,58.0,2098.44,58.0,1090.98,34.20621931260229
18347,156530.98,10202.0,92646.84,10798.0,63884.140000000014,40.81245770006679
18354,89.88,12.0,59.52,12.0,30.359999999999992,33.778371161548726
18357,1318.68,132.0,185.35999999999999,28.0,1133.3200000000002,85.94351927685263
18359,1043.28,72.0,934.08,96.0,109.19999999999993,10.466988727858286
18360,563.53,47.0,289.79999999999995,36.0,273.73,48.574166415275144
18363,1000.3299999999999,167.0,729.8000000000001,178.0,270.52999999999986,27.044075455099804
18364,779.22,78.0,632.7,95.0,146.51999999999998,18.8034188034188
18368,26327.05,3295.0,18419.399999999998,3411.0,7907.6500000000015,30.036217502530672
18369,17058.65,2135.0,11829.519999999999,2207.0,5229.130000000003,30.653832513123852
18375,29022.83,2217.0,18360.030000000002,2327.0,10662.8,36.739353123041404
18378,527.5600000000001,44.0,243.09,37.0,284.47,53.92182879672455
18380,21272.48,552.0,14100.48,576.0,7172.0,33.714921814475794
18381,33942.66,2534.0,22636.08,2682.0,11306.580000000002,33.31082478509345
18382,9.99,1.0,163.2,24.0,-153.20999999999998,-1533.6336336336335
18384,119.88,12.0,79.92,12.0,39.959999999999994,33.33333333333333
18385,1259.46,54.0,670.8,60.0,588.6600000000001,46.73907865275595
18386,2041.08,292.0,1508.92,317.0,532.1599999999999,26.072471436690375
18394,16.99,1.0,10.96,1.0,6.029999999999998,35.49146556798116
18396,1559.22,78.0,649.0,50.0,910.22,58.37662420954067
18414,2433.9,610.0,1897.4399999999998,708.0,536.4600000000003,22.04116849500802
18418,22.99,1.0,0.0,,22.99,100.0
18419,409.71999999999997,28.0,23.82,3.0,385.9,94.18627355267012
18423,29638.81,1919.0,18489.66,1862.0,11149.150000000001,37.61672617760295
18424,1025.82,18.0,111.03,3.0,914.79,89.17646370708312
18425,1103.76,24.0,0.0,,1103.76,100.0
18426,147.96,4.0,0.0,,147.96,100.0
18427,30655.21,1579.0,22073.52,1877.0,8581.689999999999,27.994230018323147
18428,645.6199999999999,38.0,262.2,23.0,383.4199999999999,59.387875220718065
18430,2973.5299999999997,147.0,3227.25,195.0,-253.72000000000025,-8.53261947920486
18431,1259.72,28.0,174.18,6.0,1085.54,86.17311783570952
18432,2039.88,12.0,339.99,3.0,1699.89,83.33284310841815
18433,5984.37,63.0,440.37,7.0,5544.0,92.64133066638594
18437,1199.88,12.0,784.2,12.0,415.68000000000006,34.64346434643464
18438,1175.79,21.0,1300.32,36.0,-124.52999999999997,-10.591176995892122
18448,899.85,15.0,939.0799999999999,34.0,-39.229999999999905,-4.35961549147079
18449,18394.44,2156.0,11048.67,2439.0,7345.769999999999,39.93473027719246
18450,311.76,24.0,209.28,24.0,102.47999999999999,32.87143956889915
18452,494.67,33.0,59.58,6.0,435.09000000000003,87.95560676814847
18454,95.92,8.0,195.84,24.0,-99.92,-104.17014178482069
18458,9.99,1.0,6.8,1.0,3.1900000000000004,31.931931931931935
18459,59.88,12.0,39.12,12.0,20.760000000000005,34.669338677354716
18466,2478.33,67.0,2190.6,90.0,287.73,11.609834041471476
18467,563.88,12.0,381.0,12.0,182.88,32.432432432432435
18473,251.85999999999999,14.0,0.0,,251.85999999999999,100.0
18474,71.94,6.0,47.64,6.0,24.299999999999997,33.778148457047536
18507,110158.04999999999,1695.0,79494.86,1786.0,30663.189999999988,27.83563252980603
18515,83.93,7.0,194.4,24.0,-110.47,-131.62158941975454
18529,3624.58,442.0,2606.1,511.0,1018.48,28.0992556378946
18533,7345.1,490.0,4816.63,469.0,2528.4700000000003,34.4239016487182
18534,15478.47,553.0,11198.84,596.0,4279.629999999999,27.648921372719652
18535,16066.259999999998,574.0,11041.92,576.0,5024.339999999998,31.27261727371522
18536,803.88,12.0,535.92,12.0,267.96000000000004,33.333333333333336
18538,96.97,3.0,235.2,12.0,-138.23,-142.54924203361864
18539,579.71,29.0,356.72,28.0,222.99,38.46578461644615
18540,4911.24,176.0,2361.18,174.0,2550.06,51.92293595914678
18548,134.9,10.0,105.12,12.0,29.78,22.075611564121573
18550,319.96,4.0,0.0,,319.96,100.0
18551,41807.12,2688.0,30181.8,2959.0,11625.320000000003,27.807033825817236
18553,359.76,24.0,367.20000000000005,36.0,-7.440000000000055,-2.0680453635757323
18556,0.0,,115.8,12.0,-115.8,0.0
18557,199.8,20.0,0.0,,199.8,100.0
18561,1334.1100000000001,89.0,945.64,94.0,388.47000000000014,29.118288596892317
18562,24498.82,1718.0,12040.93,1507.0,12457.89,50.85097976147422
18564,1499.49,51.0,1023.55,55.0,475.94000000000005,31.74012497582512
18565,7962.7300000000005,827.0,4367.3,734.0,3595.4300000000003,45.153232622479976
18568,31888.61,3139.0,21627.710000000003,3139.0,10260.899999999998,32.17731973892872
18569,781.83,17.0,411.65999999999997,18.0,370.1700000000001,47.34660987682745
18571,2843.37,263.0,409.5,63.0,2433.87,85.59807552305891
18572,1653.47,553.0,4540.13,553.0,-2886.66,-174.5819397993311
18573,239.88,12.0,157.8,12.0,82.07999999999998,34.21710855427713
18575,24234.940000000002,606.0,16172.759999999998,614.0,8062.180000000004,33.26676278133968
18578,33566.27,373.0,12576.18,239.0,20990.089999999997,62.533281177801406
18579,137.88,12.0,91.92,12.0,45.959999999999994,33.33333333333333
18583,8268.26,174.0,5288.01,169.0,2980.25,36.044464010565704
18584,6334.530000000001,147.0,5137.12,194.0,1197.4100000000008,18.902902030616332
18585,3252.83,217.0,1352.47,139.0,1900.36,58.42174352794336
18586,1389.68,32.0,1323.84,48.0,65.84000000000015,4.737781359737504
18587,1253.68,32.0,905.54,38.0,348.1400000000001,27.769446748771625
18589,4977.51,249.0,3445.3,262.0,1532.21,30.782660406508473
18592,23215.95,2405.0,12063.6,2234.0,11152.35,48.03744839216142
18593,16563.420000000002,1658.0,11407.91,1747.0,5155.510000000002,31.1258785927061
18594,98.91,9.0,178.32,24.0,-79.41,-80.28510767364271
18595,1149.77,23.0,387.0,12.0,762.77,66.34109430581768
18597,2963.2200000000003,78.0,1924.2600000000002,78.0,1038.96,35.06185838378521
18599,431.76,24.0,291.84,24.0,139.92000000000002,32.40689271817677
18600,33581.26,274.0,23561.28,324.0,10019.980000000003,29.838010842952293
18601,4728.509999999999,249.0,2866.7099999999996,231.0,1861.7999999999997,39.37392540144781
18609,4749.05,95.0,3284.34,134.0,1464.71,30.84216843368674
18610,367.84,16.0,0.0,,367.84,100.0
18611,1007.28,72.0,523.74,58.0,483.53999999999996,48.00452704312604
18613,11329.23,777.0,8257.05,885.0,3072.1800000000003,27.117288641858277
18614,1343.04,96.0,883.2,96.0,459.8399999999999,34.238741958541816
18615,2996.17,183.0,1664.6399999999999,153.0,1331.5300000000002,44.44106976573426
18617,10204.69,731.0,6343.66,757.0,3861.0300000000007,37.83583822732489
18618,12968.94,806.0,8549.32,802.0,4419.620000000001,34.07849831983185
18619,237.93,7.0,0.0,,237.93,100.0
18621,79.95,5.0,259.2,24.0,-179.25,-224.20262664165102
18622,149.88,12.0,96.72,12.0,53.16,35.468374699759806
18623,110.97,3.0,0.0,,110.97,100.0
18624,510.92999999999995,7.0,100.68,2.0,410.24999999999994,80.29475662028067
18626,9.99,1.0,0.0,,9.99,100.0
18627,308.22999999999996,17.0,108.36,36.0,199.86999999999995,64.84443435097167
18628,1362.53,47.0,58.77,3.0,1303.76,95.68670047631979
18629,5043.509999999999,249.0,2096.08,152.0,2947.4299999999994,58.440054644483695
18632,212.95000000000002,5.0,77.46000000000001,3.0,135.49,63.62526414651326
18635,2207.04,96.0,1296.96,96.0,910.0799999999999,41.23531970421922
18636,7504.18,482.0,8628.6,788.0,-1124.42,-14.983915631021643
18637,6936.53,347.0,5280.28,404.0,1656.25,23.877212381406842
18638,23853.48,952.0,15573.55,941.0,8279.93,34.71162279046915
18639,168.87,13.0,0.0,,168.87,100.0
18640,936.33,177.0,875.4399999999999,248.0,60.8900000000001,6.50304913865839
18641,89675.34999999999,9235.0,55418.21,9221.0,34257.13999999999,38.20128942903484
18642,66912.72,6784.0,39891.46,6866.0,27021.260000000002,40.38284499568991
18645,215.94,6.0,0.0,,215.94,100.0
18646,714.21,179.0,491.4,180.0,222.81000000000006,31.196706850926205
18651,919.5999999999999,40.0,774.0,60.0,145.5999999999999,15.832970856894294
18652,549.78,22.0,0.0,,549.78,100.0
18653,8622.789999999999,721.0,5111.46,778.0,3511.329999999999,40.72150661212902
18655,75.91,9.0,0.0,,75.91,100.0
18658,160.86,14.0,55.44,7.0,105.42000000000002,65.53524804177546
18660,929.38,62.0,868.56,84.0,60.82000000000005,6.544147711377484
18662,373.83,17.0,118.08,8.0,255.75,68.41344996388733
18664,8151.88,812.0,6234.93,949.0,1916.9499999999998,23.51543447646432
18666,33.98,2.0,273.6,24.0,-239.62000000000003,-705.1795173631549
18668,298.77,23.0,17.56,2.0,281.21,94.12256920038826
18669,85.93,7.0,179.52,24.0,-93.59,-108.91423251483765
18671,109.94999999999999,5.0,376.21999999999997,26.0,-266.27,-242.1737153251478
18676,134.95,5.0,0.0,,134.95,100.0
18684,1134.92,8.0,726.96,8.0,407.96000000000004,35.946145983857896
18686,75.96,4.0,471.59999999999997,36.0,-395.64,-520.8530805687203
18697,587.9399999999999,6.0,0.0,,587.9399999999999,100.0
18721,167.88,12.0,112.68,12.0,55.19999999999999,32.88062902072909
18732,299.76,24.0,101.28,12.0,198.48,66.21297037630104
18733,31553.89,1111.0,22261.96,1204.0,9291.93,29.44781134750739
18734,5899.66,634.0,3931.56,652.0,1968.1,33.35954953336294
18736,458.72999999999996,27.0,582.0,50.0,-123.27000000000004,-26.872016218690742
18738,35.88,12.0,23.28,12.0,12.600000000000001,35.11705685618729
18739,8998.49,251.0,3429.5099999999998,147.0,5568.98,61.887938976428266
18740,3134.03,97.0,940.8,48.0,2193.2300000000005,69.981142490659
18741,9584.619999999999,438.0,4909.8,501.0,4674.819999999999,48.77418197069888
18742,57193.35,2865.0,25942.5,2306.0,31250.85,54.64070560650845
18743,154967.99,14701.0,112988.8,16616.0,41979.18999999999,27.088942690680824
18744,19209.66,1134.0,16744.22,2209.0,2465.4399999999987,12.834376037889264
18747,11248.74,1126.0,7537.68,1102.0,3711.0599999999995,32.99089498023778
18748,3763.66,454.0,1355.2,242.0,2408.46,63.992496665479884
18753,778.44,156.0,514.8,156.0,263.6400000000001,33.867735470941895
18754,427.57,143.0,283.68,144.0,143.89,33.65296910447412
18756,1238.45,155.0,862.9599999999999,161.0,375.4900000000001,30.319350801404994
18757,87.89,11.0,126.96,24.0,-39.06999999999999,-44.45329389008988
18758,20190.87,1813.0,12399.26,1873.0,7791.609999999999,38.58976854390128
18761,1900.76,124.0,2037.12,192.0,-136.3599999999999,-7.173972516256651
18762,1439.64,36.0,986.04,36.0,453.60000000000014,31.507876969242314
18767,629.58,42.0,369.71999999999997,36.0,259.86000000000007,41.27513580482227
18768,17791.21,1379.0,13142.519999999999,1548.0,4648.6900000000005,26.129139052374743
18769,275.31,19.0,157.76,16.0,117.55000000000001,42.69732301768915
18770,94.94999999999999,5.0,305.76,24.0,-210.81,-222.0221169036335
18771,737.5899999999999,41.0,899.8399999999999,74.0,-162.25,-21.997315581827305
18773,409.75,25.0,98.52,12.0,311.23,75.95607077486272
18774,3636.58,142.0,3618.2999999999997,210.0,18.2800000000002,0.5026700911295834
18775,515.57,43.0,238.2,60.0,277.37000000000006,53.79870822584712
18778,10438.5,950.0,6401.54,967.0,4036.96,38.673755807826794
18779,1216.93,407.0,828.24,408.0,388.69000000000005,31.940210201079772
18781,618.2,180.0,1295.1599999999999,172.0,-676.9599999999998,-109.5050145583953
18783,1443.3,170.0,996.1999999999999,170.0,447.1,30.97762073027091
18784,1469.7,30.0,489.9,15.0,979.8000000000001,66.66666666666667
18785,489.65,35.0,447.84,48.0,41.81,8.538752169917288
18786,892.53,47.0,603.01,47.0,289.52,32.43812532912059
18787,19948.06,1794.0,12215.970000000001,1773.0,7732.09,38.76111260944673
18788,2773.15,185.0,133.51,13.0,2639.6400000000003,95.18561924165661
18797,3834.43,307.0,2958.02,367.0,876.4099999999999,22.85633066713957
18800,3968.69,331.0,2762.18,334.0,1206.5100000000002,30.400711569812717
18801,22178.03,1897.0,14230.02,1993.0,7948.009999999998,35.83731287224338
18806,47361.16,884.0,35145.3,965.0,12215.86,25.792991556794636
18807,11.99,1.0,7.94,1.0,4.05,33.778148457047536
18810,32.45,5.0,0.0,,32.45,100.0
18811,3357.2,280.0,2626.4,335.0,730.7999999999997,21.768140116763963
18812,41616.68,3332.0,32189.5,3787.0,9427.18,22.652407640398035
18813,27121.38,2262.0,20932.170000000002,2653.0,6189.209999999999,22.8204095809284
18817,15925.05,1195.0,4859.0,565.0,11066.05,69.48832185770218
18822,9084.58,442.0,4372.24,328.0,4712.34,51.87185318418683
18827,191.76,24.0,124.56,24.0,67.19999999999999,35.04380475594493
18829,1401.6200000000001,38.0,1811.52,72.0,-409.89999999999986,-29.244731096873604
18830,38.97,3.0,207.84,24.0,-168.87,-433.33333333333337
18831,211.79,21.0,194.62,37.0,17.169999999999987,8.107087209027805
18833,47.92,8.0,96.48,24.0,-48.56,-101.3355592654424
18835,18104.9,1510.0,12150.24,1489.0,5954.660000000002,32.889770172715686
18836,12226.98,802.0,7417.349999999999,795.0,4809.63,39.33620566975656
18837,8027.82,618.0,7300.38,843.0,727.4399999999996,9.061488673139154
18838,4404.44,406.0,2666.56,416.0,1737.8799999999997,39.45745656655556
18839,831.36,64.0,820.8,96.0,10.56000000000006,1.2702078521940026
18844,1379.08,92.0,708.96,84.0,670.1199999999999,48.591814833077116
18845,0.0,,392.04,12.0,-392.04,0.0
18846,395.64,36.0,607.3199999999999,84.0,-211.67999999999995,-53.50318471337579
18851,2358.8199999999997,118.0,222.19,17.0,2136.6299999999997,90.5804597213861
18852,1334.33,167.0,862.27,163.0,472.05999999999995,35.37805490395929
18853,2076.8,320.0,1508.22,342.0,568.5800000000002,27.37769645608629
18854,298.74,26.0,261.8,35.0,36.94,12.365267456651267
18855,339.70000000000005,60.0,347.76,84.0,-8.059999999999945,-2.3726817780394303
18856,22467.58,3792.0,15080.24,3847.0,7387.340000000002,32.879998646939285
18857,36234.32,6118.0,25715.940000000002,6397.0,10518.379999999997,29.028777137255503
18859,314.79,21.0,145.05,15.0,169.74,53.92166206042123
18860,20033.19,3381.0,12927.14,3349.0,7106.049999999999,35.471385236200526
18865,49823.880000000005,1312.0,32043.6,1380.0,17780.280000000006,35.68626128675648
18866,1247.04,96.0,1114.08,132.0,132.96000000000004,10.662047729022328
18868,89948.31,6223.0,59600.03999999999,6388.0,30348.270000000004,33.739677821628895
18874,41.94,6.0,24.3,6.0,17.639999999999997,42.06008583690986
18875,18416.95,2305.0,12040.699999999999,2338.0,6376.250000000002,34.62163930509667
18877,26902.33,3367.0,17870.5,3470.0,9031.830000000002,33.57266824100367
18879,19472.010000000002,1299.0,13276.71,1329.0,6195.300000000003,31.816438056471842
18880,2784.01,199.0,1069.6399999999999,121.0,1714.3700000000003,61.57916099439299
18881,13176.83,1317.0,8691.43,1331.0,4485.4,34.04005363960831
18884,16431.53,947.0,9437.92,976.0,6993.609999999999,42.562135114624134
18886,986.79,21.0,915.3,30.0,71.49000000000001,7.244702520293073
18891,7492.94,106.0,2492.56,56.0,5000.379999999999,66.73455279236187
18893,195851.1,20530.0,150139.99000000002,21791.0,45711.109999999986,23.339725944863208
18900,4374.21,479.0,2387.64,404.0,1986.5700000000002,45.415515030142586
18901,5655.8,620.0,3429.55,565.0,2226.25,39.36224760422928
18906,239.6,40.0,0.0,,239.6,100.0
18909,9351.54,646.0,6195.3,642.0,3156.2400000000007,33.75101854881656
18912,431.91,9.0,1932.6,60.0,-1500.6899999999998,-347.4543307633534
18920,80.92,8.0,142.8,24.0,-61.88000000000001,-76.47058823529413
18923,44.97,3.0,0.0,,44.97,100.0
18928,558.57,43.0,502.8,60.0,55.77000000000004,9.984424512594666
18937,550.8,20.0,320.4,18.0,230.39999999999998,41.830065359477125
18938,1858.3,170.0,1200.6499999999999,185.0,657.6500000000001,35.38987246408008
18941,59.98,2.0,0.0,,59.98,100.0
18943,1342.21,79.0,1368.0,120.0,-25.789999999999964,-1.9214578940702247
18945,515.94,6.0,0.0,,515.94,100.0
18947,1111.48,52.0,1147.5,45.0,-36.01999999999998,-3.240724079605569
18948,455.88,12.0,521.43,21.0,-65.54999999999995,-14.37878389049749
18950,58215.64,3236.0,19169.920000000002,1556.0,39045.72,67.07084213108368
18951,80228.70999999999,3529.0,44405.53,3679.0,35823.17999999999,44.65132245052924
18952,7406.01,549.0,4957.2,540.0,2448.8100000000004,33.065172744838314
18955,31.98,2.0,0.0,,31.98,100.0
18962,516.53,47.0,89.16,12.0,427.37,82.7386599035874
18963,231.71,29.0,71.11,13.0,160.60000000000002,69.31077640153642
18964,137.77,23.0,144.72,36.0,-6.949999999999989,-5.04463961675255
18965,41.93,7.0,98.4,24.0,-56.470000000000006,-134.67684235630816
18967,41.93,7.0,95.28,24.0,-53.35,-127.23586930598618
18971,12444.83,517.0,8226.64,526.0,4218.1900000000005,33.895119499422655
18972,6440.14,586.0,404.13,57.0,6036.01,93.72482585782296
18974,13239.68,232.0,8755.560000000001,268.0,4484.119999999999,33.86879441194953
18976,1131.95,105.0,772.8,96.0,359.1500000000001,31.728433234683518
18978,59.94,6.0,40.5,6.0,19.439999999999998,32.43243243243243
18979,1277.29,71.0,1090.8,101.0,186.49,14.600443125680151
18988,207832.65,15235.0,135974.2,15278.0,71858.44999999998,34.57514976592946
19000,3777.67,333.0,2024.64,304.0,1753.03,46.40505920315962
19001,34135.159999999996,1184.0,25106.579999999998,1381.0,9028.579999999998,26.449502507092394
19003,940.4399999999999,56.0,588.24,57.0,352.19999999999993,37.45055505933392
19019,65.94,6.0,180.72,24.0,-114.78,-174.06733393994543
19031,2266.11,189.0,0.0,,2266.11,100.0
19034,5848.7,130.0,2161.54,74.0,3687.16,63.04238548737327
19035,21541.4,1760.0,12062.4,1680.0,9479.000000000002,44.003639503467745
19036,39588.590000000004,2641.0,14408.300000000001,1490.0,25180.29,63.6049174774853
19037,12597.09,791.0,7742.0,790.0,4855.09,38.541361536672355
19039,7052.63,637.0,4257.0,660.0,2795.63,39.639538725269865
19040,287.76,24.0,155.76,24.0,132.0,45.87155963302752
19041,10335.7,930.0,5984.48,904.0,4351.220000000001,42.098938630184705
19042,100.91,9.0,0.0,,100.91,100.0
19044,531.9,10.0,0.0,,531.9,100.0
19045,1684.4099999999999,59.0,372.2,20.0,1312.2099999999998,77.90324208476558
19046,44.99,1.0,0.0,,44.99,100.0
19047,18.99,1.0,0.0,,18.99,100.0
19049,599.88,12.0,0.0,,599.88,100.0
19050,49.98,2.0,0.0,,49.98,100.0
19052,43.98,2.0,0.0,,43.98,100.0
19054,389.97,3.0,268.95,3.0,121.02000000000004,31.033156396645907
19055,11210.76,1024.0,6527.25,967.0,4683.51,41.77691788959893
19056,647.28,72.0,82.32000000000001,14.0,564.9599999999999,87.28216536892843
19058,719.85,15.0,129.72,4.0,590.13,81.97957907897478
19059,944.65,35.0,106.56,6.0,838.0899999999999,88.71963160959085
19060,314.91,9.0,0.0,,314.91,100.0
19061,3365.34,66.0,781.77,23.0,2583.57,76.76995489311629
19062,3722.27,73.0,679.8,20.0,3042.4700000000003,81.73695083913849
19063,539.9,10.0,0.0,,539.9,100.0
19070,1648.35,165.0,1390.8899999999999,213.0,257.46000000000004,15.619255619255624
19071,782.13,87.0,575.04,96.0,207.09000000000003,26.47769552376204
19072,43.96,4.0,87.96,12.0,-43.99999999999999,-100.09099181073702
19074,12637.16,584.0,7747.919999999999,612.0,4889.240000000001,38.6893890715952
19077,5599.72,28.0,1710.4099999999999,13.0,3889.3100000000004,69.45543705756717
19084,55.96,4.0,0.0,,55.96,100.0
19087,13.99,1.0,0.0,,13.99,100.0
19088,343.88,12.0,841.44,48.0,-497.56000000000006,-144.69000814237526
19091,1127.04,96.0,747.84,96.0,379.19999999999993,33.64565587734241
19092,54.95,5.0,0.0,,54.95,100.0
19105,17.97,3.0,95.28,24.0,-77.31,-430.2170283806344
19108,642.47,53.0,113.44,16.0,529.03,82.34314442697713
19109,123.88,12.0,160.8,24.0,-36.920000000000016,-29.803035195350354
19118,0.0,,89.16,12.0,-89.16,0.0
19120,19497.44,1456.0,12149.55,1421.0,7347.889999999999,37.686434731944296
19121,56137.25,4675.0,21017.6,2560.0,35119.65,62.5603320433402
19122,24180.77,1723.0,8351.199999999999,1144.0,15829.570000000002,65.46346539005997
19124,1119.84,16.0,623.22,26.0,496.6199999999999,44.34740677239605
19125,866.83,17.0,198.66000000000003,6.0,668.1700000000001,77.08201146706968
19126,21808.34,1666.0,14550.56,1724.0,7257.780000000001,33.279836979797636
19127,16394.82,1018.0,12099.75,1105.0,4295.07,26.197725867072645
19137,131.94,6.0,14.76,1.0,117.17999999999999,88.81309686221009
19138,9.99,1.0,0.0,,9.99,100.0
19139,19.98,2.0,0.0,,19.98,100.0
19143,296.89,11.0,0.0,,296.89,100.0
19148,1290.05,95.0,2195.2,245.0,-905.1499999999999,-70.16394713383201
19150,50890.11,2489.0,39772.58,2713.0,11117.529999999999,21.84615046027607
19157,1259.55,45.0,145.89,9.0,1113.6599999999999,88.4172918899607
19158,2916.63,237.0,1464.15,227.0,1452.48,49.799940342107156
19160,11590.8,720.0,7729.1900000000005,763.0,3861.6099999999988,33.31616454429374
19163,14.37,3.0,0.0,,14.37,100.0
19164,11439.44,1556.0,4863.81,1219.0,6575.63,57.48209702572853
19169,4634.2,580.0,378.0,70.0,4256.2,91.84325234128869
19174,12635.45,1055.0,8258.22,1119.0,4377.230000000001,34.64245436450622
19175,28069.5,2350.0,13837.5,1875.0,14232.0,50.70272003420082
19176,349.65,35.0,279.72,42.0,69.92999999999995,19.999999999999986
19178,90.92999999999999,7.0,0.0,,90.92999999999999,100.0
19179,175.84,16.0,86.16,12.0,89.68,51.000909918107375
19189,2976.2799999999997,172.0,556.08,56.0,2420.2,81.31627400647788
19190,23829.5,2250.0,16392.079999999998,2312.0,7437.420000000002,31.210977989466844
19191,24762.95,2005.0,12935.93,1981.0,11827.02,47.76094932146614
19192,11149.08,892.0,11961.79,1237.0,-812.710000000001,-7.289480387619436
19199,60306.619999999995,3538.0,41431.04,3584.0,18875.579999999994,31.29934988895082
19201,832.51,49.0,757.68,66.0,74.83000000000004,8.98848061885143
19204,125.02,38.0,108.78,49.0,16.239999999999995,12.989921612541991
19215,46821.439999999995,1656.0,33615.31,1789.0,13206.129999999997,28.205305091001044
19216,5695.04,296.0,4495.54,326.0,1199.5,21.062187447322582
19217,2084.12,88.0,1380.12,84.0,704.0,33.7792449571042
19218,33717.19,281.0,24561.65,305.0,9155.54,27.1539235624321
19219,3013.68,232.0,2139.02,247.0,874.6599999999999,29.022988505747122
19220,48002.75,725.0,33084.630000000005,747.0,14918.119999999995,31.07763617709401
19223,31678.81,2319.0,22199.600000000002,2413.0,9479.21,29.922872734171513
19224,165657.54,8246.0,107742.18,8457.0,57915.360000000015,34.96089583365781
19228,527.76,24.0,344.88,24.0,182.88,34.65211459754434
19229,287.96,4.0,0.0,,287.96,100.0
19231,2148.4100000000003,59.0,431.46,18.0,1716.9500000000003,79.91724112250455
19232,53.98,2.0,0.0,,53.98,100.0
19233,1025.46,54.0,468.36,36.0,557.1,54.32683868702826
19236,459.64,36.0,221.16000000000003,19.0,238.47999999999996,51.88408319554433
19240,9.99,1.0,0.0,,9.99,100.0
19242,388.13,37.0,0.0,,388.13,100.0
19243,564.63,87.0,1085.8,244.0,-521.17,-92.30292403875103
19244,18912.289999999997,1071.0,12637.29,1047.0,6274.999999999996,33.17948275962349
19245,249.75,25.0,314.90000000000003,47.0,-65.15000000000003,-26.0860860860861
19246,1048.95,105.0,709.56,108.0,339.3900000000001,32.355212355212366
19247,1403.2199999999998,78.0,557.28,48.0,845.9399999999998,60.28562876811904
19249,11567.31,669.0,6926.84,628.0,4640.469999999999,40.11710587854911
19251,1075.31,69.0,575.28,72.0,500.03,46.50100901135487
19252,1167.27,73.0,979.2,96.0,188.06999999999994,16.111953532601706
19253,1387.0,100.0,1005.6,120.0,381.4,27.498197548666187
19254,460.68000000000006,132.0,318.12,132.0,142.56000000000006,30.945558739255024
19255,52.35,15.0,27.36,12.0,24.990000000000002,47.73638968481376
19258,28987.25,2875.0,18421.2,2856.0,10566.05,36.45068090281072
19259,503.52,48.0,359.04,48.0,144.47999999999996,28.693994280266917
19260,51982.42,5258.0,34197.9,5302.0,17784.519999999997,34.21256647920585
19262,296.9,10.0,487.47999999999996,28.0,-190.57999999999998,-64.18996295048838
19264,3499.5,50.0,1582.02,33.0,1917.48,54.79297042434633
19265,3743.52,48.0,704.48,14.0,3039.04,81.181348036073
19267,3263.32,68.0,4863.71,151.0,-1600.3899999999999,-49.04177340867582
19269,37666.81,1619.0,29997.52,1918.0,7669.289999999997,20.360869423240242
19270,142243.08,5692.0,96979.56,5899.0,45263.51999999999,31.821245715433044
19271,11120.59,141.0,10396.460000000001,194.0,724.1299999999992,6.511614941293575
19275,516.53,47.0,342.72,48.0,173.80999999999995,33.64954600894429
19276,38122.75,2725.0,10060.64,1108.0,28062.11,73.60987861578717
19282,22997.96,1124.0,14536.76,1076.0,8461.199999999999,36.79108929661587
19283,21191.0,2000.0,13931.580000000002,2022.0,7259.419999999998,34.25709027417299
19284,119.88,12.0,80.4,12.0,39.47999999999999,32.93293293293292
19285,359.64,36.0,248.04000000000002,36.0,111.59999999999997,31.03103103103102
19293,5884.969999999999,203.0,3906.56,218.0,1978.4099999999994,33.618013345862416
19302,72006.69,6031.0,53919.51,7257.0,18087.18,25.118749382869844
19303,111.93,7.0,0.0,,111.93,100.0
19304,109.89,11.0,25.8,4.0,84.09,76.52197652197653
19308,263.92,8.0,0.0,,263.92,100.0
19312,419.72,28.0,444.82,46.0,-25.099999999999966,-5.980177261031155
19315,5000.33,67.0,3168.2,70.0,1832.13,36.640181748004636
19316,2204.45,155.0,1558.44,156.0,646.0099999999998,29.304815260042176
19318,3959.76,24.0,2171.0,20.0,1788.7600000000002,45.17344485524376
19320,10108.94,606.0,7017.6,680.0,3091.34,30.580258662134703
19321,431.52,48.0,278.4,48.0,153.12,35.483870967741936
19322,171.38,22.0,127.2,24.0,44.17999999999999,25.778970708367368
19329,20472.530000000002,447.0,20162.16,683.0,310.3700000000026,1.516031482186142
19334,191.76,24.0,131.28,24.0,60.47999999999999,31.53942428035044
19336,15469.230000000001,3877.0,10815.61,3991.0,4653.620000000001,30.083074593887353
19337,167.96,4.0,335.88,12.0,-167.92,-99.97618480590616
19340,15158.789999999999,1021.0,10533.66,1257.0,4625.129999999999,30.511208348423587
19343,0.0,,142.8,24.0,-142.8,0.0
19344,194.85,15.0,307.79999999999995,36.0,-112.94999999999996,-57.96766743648959
19345,1019.4,60.0,551.04,48.0,468.36,45.944673337257214
19346,1535.04,96.0,1058.88,96.0,476.15999999999985,31.01938711694808
19347,203.83,17.0,72.27000000000001,11.0,131.56,64.54398273070696
19349,1511.28,72.0,1167.6,84.0,343.68000000000006,22.740987771954906
19353,111.92,8.0,229.92,24.0,-117.99999999999999,-105.4324517512509
19356,14994.98,802.0,8979.25,733.0,6015.73,40.11829292203124
19357,84546.71,13829.0,54864.32,13996.0,29682.390000000007,35.1076818956054
19360,8189.21,779.0,4688.33,631.0,3500.88,42.74991116359209
19361,167.88,12.0,114.24,12.0,53.64,31.95139385275197
19364,4748.16,334.0,4535.639999999999,387.0,212.52000000000044,4.475839061868186
19368,418.83,17.0,359.04,24.0,59.789999999999964,14.275481699018686
19369,2899.77,123.0,2399.04,168.0,500.73,17.26792124892664
19370,1145.57,193.0,799.82,203.0,345.7499999999999,30.18148170779611
19372,215.73,27.0,155.44,29.0,60.28999999999999,27.94697075047513
19374,575.64,36.0,575.52,48.0,0.12000000000000455,0.020846362309777735
19375,335.78999999999996,21.0,372.29999999999995,30.0,-36.50999999999999,-10.872866970427944
19376,36037.57,2243.0,27059.519999999997,2272.0,8978.050000000003,24.91302826466935
19377,159.9,10.0,220.32,18.0,-60.41999999999999,-37.78611632270168
19379,143.88,12.0,92.88,12.0,51.0,35.446205170975816
19380,13.99,1.0,225.36,24.0,-211.37,-1510.8649035025016
19381,11842.52,1148.0,7568.64,1152.0,4273.88,36.08927829549792
19382,13142.64,1236.0,8194.1,1223.0,4948.539999999999,37.65255686833086
19391,629.82,18.0,47.94,2.0,581.8800000000001,92.38830141945319
19392,1896.8799999999999,112.0,347.55,35.0,1549.33,81.67780776854624
19394,20501.25,675.0,13274.099999999999,686.0,7227.1500000000015,35.25224071702945
19395,639.84,16.0,161.04,6.0,478.80000000000007,74.8312078019505
19396,160.77,23.0,18.4,4.0,142.37,88.55507868383404
19397,9925.48,552.0,8472.24,738.0,1453.2399999999998,14.641508521502233
19398,303.62,38.0,87.52,16.0,216.10000000000002,71.17449443383177
19403,111.92,8.0,338.04,36.0,-226.12,-202.03716940671907
19406,7296.820000000001,218.0,5525.26,269.0,1771.5600000000004,24.278521328469118
19414,1306.91,109.0,1020.6,126.0,286.31000000000006,21.90739989746808
19417,1449.71,29.0,33.11,1.0,1416.6000000000001,97.71609494312656
19418,7583.21,79.0,6957.36,108.0,625.8500000000004,8.253101259229275
19419,14227.1,1390.0,10155.08,1534.0,4072.0200000000004,28.621574319432636
19427,149.97,3.0,0.0,,149.97,100.0
19430,2476.8199999999997,118.0,1776.73,127.0,700.0899999999997,28.265679379203974
19435,159.98,2.0,55.17,1.0,104.80999999999999,65.51443930491311
19436,1049.85,15.0,0.0,,1049.85,100.0
19443,2041.55,95.0,300.93,21.0,1740.62,85.2597291273787
19444,503.64,36.0,344.88,36.0,158.76,31.52251608291637
19451,17868.24,1576.0,11183.4,1635.0,6684.840000000002,37.41185477696741
19452,19851.07,1993.0,15034.9,2510.0,4816.17,24.261513359229504
19453,65096.43,4557.0,44505.8,4612.0,20590.629999999997,31.630966552236423
19454,1146.26,74.0,1198.8,120.0,-52.539999999999964,-4.583602324080049
19458,10802.81,1319.0,6955.65,1305.0,3847.16,35.61258598457253
19459,849.98,2.0,559.2,2.0,290.78,34.210216710981435
19464,8926.23,1277.0,6027.44,1277.0,2898.79,32.47496423462089
19465,7849.77,1152.0,5470.4800000000005,1159.0,2379.29,30.31031482451078
19484,108.89,11.0,208.79999999999998,36.0,-99.90999999999998,-91.75314537606758
19485,6289.63,37.0,3282.44,28.0,3007.19,47.81187446638355
19486,18795.05,995.0,9631.44,819.0,9163.609999999999,48.755443587540334
19488,1877.27,273.0,1280.3,310.0,596.97,31.79990091995291
19489,7216.58,762.0,6177.92,788.0,1038.6599999999999,14.392690166256036
19494,47503.31,3169.0,18983.62,1874.0,28519.69,60.03726898188779
19495,107.91,9.0,0.0,,107.91,100.0
19497,1780.3799999999999,162.0,1285.2,180.0,495.17999999999984,27.813163481953286
19502,1805.5700000000002,43.0,714.0,25.0,1091.5700000000002,60.455700969776856
19503,193.98,2.0,0.0,,193.98,100.0
19507,112745.54,12846.0,64041.66,12834.0,48703.87999999999,43.19805466362571
19511,23.98,2.0,94.68,12.0,-70.7,-294.8290241868224
19513,7524.63,837.0,4851.0,825.0,2673.63,35.53171385171098
19518,298.85999999999996,14.0,371.52,36.0,-72.66000000000003,-24.312387070869317
19522,1221.74,26.0,737.04,24.0,484.70000000000005,39.67292549969716
19526,1440.97,103.0,9.39,1.0,1431.58,99.34835562156047
19531,18033.27,773.0,11452.86,762.0,6580.41,36.49038693481548
19543,131.88,12.0,0.0,,131.88,100.0
19544,424.83,17.0,599.76,36.0,-174.93,-41.1764705882353
19545,41340.26,5174.0,28592.449999999997,5405.0,12747.810000000005,30.836308238022703
19547,649.35,65.0,405.0,60.0,244.35000000000002,37.62993762993763
19549,21567.920000000002,1608.0,14453.54,1669.0,7114.380000000001,32.985934665929776
19552,6476.76,324.0,1509.3,117.0,4967.46,76.69668167417042
19553,233.74,26.0,208.79999999999998,36.0,24.940000000000026,10.669975186104228
19554,22593.56,2544.0,15452.09,2921.0,7141.470000000001,31.608431783216105
19556,35786.42,2558.0,23315.370000000003,2483.0,12471.049999999996,34.84855428399934
19557,25475.79,1821.0,16779.93,1787.0,8695.86,34.133818813862106
19558,2549.94,6.0,867.33,3.0,1682.6100000000001,65.98625850020001
19559,1124.95,5.0,580.6,4.0,544.35,48.38881728076803
19566,2965.62,138.0,593.88,42.0,2371.74,79.97450786007647
19568,798.15,85.0,570.58,94.0,227.56999999999994,28.512184426486243
19571,6959.03,97.0,5147.099999999999,114.0,1811.9300000000003,26.037105746059442
19572,1359.83,17.0,845.69,19.0,514.1399999999999,37.809137906944244
19574,458.83,17.0,3116.16,192.0,-2657.33,-579.1534991173202
19576,599.5,50.0,595.4399999999999,72.0,4.060000000000059,0.6772310258548889
19577,7130.22,478.0,4602.150000000001,487.0,2528.0699999999997,35.45570823901647
19580,5.99,1.0,0.0,,5.99,100.0
19581,29875.769999999997,1123.0,17421.120000000003,1104.0,12454.649999999994,41.68813054860174
19583,3574.8900000000003,11.0,3095.12,14.0,479.77000000000044,13.420552800226032
19584,779.87,13.0,120.78,3.0,659.09,84.51280341595394
19586,125.97,3.0,28.76,1.0,97.21,77.16916726204651
19588,4454.45,55.0,1619.7,30.0,2834.75,63.638608582428816
19589,37.99,1.0,0.0,,37.99,100.0
19590,662.87,13.0,203.94,6.0,458.93,69.2337864136256
19591,558.87,13.0,170.82,6.0,388.05,69.4347522679693
19592,103.98,2.0,33.76,1.0,70.22,67.53221773417964
19594,1101.62,38.0,454.8,24.0,646.8199999999999,58.715346489715145
19595,961.87,13.0,553.63,11.0,408.24,42.442325886034496
19597,874.9300000000001,7.0,253.35,3.0,621.58,71.04339775753489
19598,689.77,23.0,256.49,13.0,433.28,62.81514127897705
19603,386.91,9.0,146.2,5.0,240.71000000000004,62.21343464888476
19604,644.85,15.0,171.96,6.0,472.89,73.33333333333333
19606,899.8,20.0,336.71,11.0,563.0899999999999,62.579462102689476
19608,31.99,1.0,198.54,9.0,-166.54999999999998,-520.6314473272897
19609,2855.66,34.0,1035.54,18.0,1820.12,63.73727964813738
19610,3499.7200000000003,28.0,1379.2,16.0,2120.5200000000004,60.591133004926114
19611,62404.99,601.0,37319.52,609.0,25085.47,40.197859177607434
19612,319.9,10.0,21.19,1.0,298.71,93.37605501719287
19614,179.97,3.0,0.0,,179.97,100.0
19616,134.95,5.0,0.0,,134.95,100.0
19617,1637.87,13.0,347.56,4.0,1290.31,78.77975663514198
19618,4730.429999999999,57.0,1980.98,37.0,2749.4499999999994,58.12262310191674
19621,2943.54,46.0,1237.14,29.0,1706.3999999999999,57.97101449275361
19622,104.99,1.0,0.0,,104.99,100.0
19630,1119.68,32.0,821.8,35.0,297.8800000000001,26.604029722777945
19632,558.87,13.0,307.12,11.0,251.75,45.046254048347556
19633,455.88000000000005,12.0,0.0,,455.88000000000005,100.0
19635,12140.269999999999,573.0,5790.01,443.0,6350.259999999998,52.307403377354866
19636,118760.95,9905.0,88489.25,11075.0,30271.699999999997,25.4896074846151
19637,2098.95,105.0,1875.4399999999998,136.0,223.51,10.648657662164416
19645,95742.8,9956.0,55308.9,10515.0,40433.9,42.231791842310855
19646,7773.2,780.0,4786.009999999999,799.0,2987.1900000000005,38.42934698708383
19647,19.98,2.0,156.72,24.0,-136.74,-684.3843843843845
19648,4716.7,330.0,797.4399999999999,89.0,3919.2599999999998,83.09326435855576
19652,582.47,53.0,437.04,72.0,145.43,24.967809500918502
19653,912.17,83.0,564.48,96.0,347.68999999999994,38.1167984038063
19654,64.95,5.0,1077.48,146.0,-1012.53,-1558.9376443418014
19655,131.88,12.0,88.56,12.0,43.31999999999999,32.84804367606915
19656,4548.94,506.0,224.57999999999998,38.0,4324.36,95.06302567191479
19657,675.48,52.0,520.5600000000001,72.0,154.91999999999996,22.934801918635632
19658,944.37,63.0,350.28000000000003,36.0,594.0899999999999,62.9086057371581
19660,9747.029999999999,497.0,6169.84,466.0,3577.1899999999987,36.700307683468694
19661,1499.25,75.0,342.25,25.0,1157.0,77.17191929297982
19662,84075.64,14036.0,58066.69,14267.0,26008.949999999997,30.935179321858264
19663,913.37,63.0,560.19,71.0,353.17999999999995,38.66779070913211
19668,20145.2,1984.0,13066.53,2001.0,7078.67,35.13824633163235
19669,2495.94,310.0,1618.02,267.0,877.9200000000001,35.173922450058896
19671,40353.49,4361.0,25380.010000000002,4309.0,14973.479999999996,37.10578688485183
19672,1749.65,35.0,1456.84,44.0,292.8100000000002,16.73534706941389
19673,71.94,6.0,49.62,6.0,22.32,31.02585487906589
19678,35.96,4.0,0.0,,35.96,100.0
19680,1259.93,7.0,476.8,4.0,783.1300000000001,62.15662774916068
19681,259.99,1.0,0.0,,259.99,100.0
19682,911.84,16.0,0.0,,911.84,100.0
19684,3739.66,34.0,455.16,6.0,3284.5,87.82884005497826
19685,179.94,6.0,0.0,,179.94,100.0
19687,2771.82,18.0,3444.54,34.0,-672.7199999999998,-24.269974240751555
19693,220.83,17.0,236.32,28.0,-15.48999999999998,-7.0144455010641575
19694,2099.72,28.0,147.03,3.0,1952.6899999999998,92.99763778027547
19695,419.88000000000005,12.0,47.6,2.0,372.28000000000003,88.66342764599409
19699,1486.59,141.0,401.2,59.0,1085.3899999999999,73.01206116010466
19700,863.28,72.0,305.99,37.0,557.29,64.5549532017422
19703,53.88,12.0,35.16,12.0,18.720000000000006,34.743875278396445
19704,197.89,11.0,0.0,,197.89,100.0
19705,121.91,9.0,249.28,32.0,-127.37,-104.47871380526618
19706,293.79,21.0,607.6800000000001,72.0,-313.89000000000004,-106.841621566425
19709,142.87,13.0,177.12,24.0,-34.25,-23.972842444180024
19710,287.76,24.0,280.44,36.0,7.319999999999993,2.543786488740615
19713,29.98,2.0,228.48,24.0,-198.5,-662.108072048032
19715,208.81,19.0,271.08,36.0,-62.26999999999998,-29.821368708395184
19720,106.11999999999999,28.0,91.08,36.0,15.039999999999992,14.17263475310968
19721,30.32,8.0,91.08,36.0,-60.76,-200.3957783641161
19722,419.94,6.0,272.7,6.0,147.24,35.06215173596228
19725,144.02,38.0,118.08,48.0,25.940000000000012,18.011387307318437
19732,395.64,36.0,265.68,36.0,129.95999999999998,32.84804367606915
19735,31159.68,1032.0,49687.05,1185.0,-18527.370000000003,-59.45943604042148
19736,191.84,16.0,282.24,36.0,-90.4,-47.12260216847373
19737,23.98,2.0,95.28,12.0,-71.3,-297.33110925771473
19739,287.76,24.0,383.52,48.0,-95.75999999999999,-33.277731442869054
19740,24789.699999999997,1030.0,11672.7,1066.0,13116.999999999996,52.91310503959304
19746,346.17,33.0,40.62,6.0,305.55,88.2658809255568
19747,1208.03,107.0,93.48,12.0,1114.55,92.26178157827206
19748,701955.59,46069.0,433807.6,47153.0,268147.99,38.20013599435828
19750,301.92,48.0,200.16,48.0,101.76000000000002,33.70429252782194
19754,164.85,15.0,69.6,12.0,95.25,57.77979981801637
19755,14206.15,1385.0,7601.490000000001,1157.0,6604.659999999999,46.491554713979504
19757,163.88,12.0,162.0,24.0,1.8799999999999955,1.1471808640468608
19760,136.65,35.0,221.4,30.0,-84.75,-62.019758507135016
19762,155.79,21.0,196.8,48.0,-41.01000000000002,-26.323897554400165
19763,2090.76,524.0,1715.7,645.0,375.0600000000002,17.93893129770993
19767,425.37,63.0,1332.1200000000001,204.0,-906.7500000000001,-213.16736018054874
19768,2572.73,227.0,2205.84,303.0,366.8899999999999,14.260726932091586
19769,2518.74,126.0,39.45,3.0,2479.29,98.43374067986375
19782,28393.87,1113.0,19349.88,1177.0,9043.989999999998,31.851910289087037
19783,1399.96,4.0,690.78,3.0,709.1800000000001,50.65716163318952
19785,599.85,15.0,155.82,6.0,444.03000000000003,74.02350587646912
19786,3074.5899999999997,41.0,402.64,8.0,2671.95,86.90427016285098
19787,614.63,137.0,460.08000000000004,142.0,154.54999999999995,25.14520931291996
19789,2118.94,106.0,774.0,60.0,1344.94,63.47230218883026
19790,107.88,12.0,72.36,12.0,35.519999999999996,32.92547274749722
19791,83.93,7.0,0.0,,83.93,100.0
19795,13.99,1.0,0.0,,13.99,100.0
19796,1349.55,45.0,279.86,14.0,1069.69,79.2627172020303
19797,577.66,34.0,279.36,24.0,298.29999999999995,51.639372641346114
19798,860.0,200.0,365.82,134.0,494.18,57.462790697674414
19799,17526.77,323.0,10557.69,321.0,6969.08,39.762489038196996
19806,3314.63,237.0,2775.36,354.0,539.27,16.26938753345019
19807,1011.0799999999999,92.0,782.62,109.0,228.45999999999992,22.595640305415984
19809,2837.42,58.0,720.59,23.0,2116.83,74.60404169985408
19814,31211.09,2191.0,19571.1,2199.0,11639.990000000002,37.29440400831884
19817,142.87,13.0,92.82000000000001,13.0,50.05,35.03184713375796
19818,458.83,17.0,223.32,12.0,235.51,51.32837870235163
19821,50408.34,2966.0,27090.0,2625.0,23318.339999999997,46.25889287367923
19822,5511.48,52.0,435.6,6.0,5075.879999999999,92.09649676674867
19824,2015.52,48.0,109.08,4.0,1906.44,94.58799714217672
19825,1049.86,14.0,359.52,7.0,690.3399999999999,65.75543405787438
19826,4934.53,47.0,0.0,,4934.53,100.0
19827,5005.11,289.0,2683.2,240.0,2321.91,46.39078861403645
19828,95.88,12.0,0.0,,95.88,100.0
19831,78581.34,7866.0,54391.68,7952.0,24189.659999999996,30.782956869913384
19832,530.41,59.0,18.6,3.0,511.80999999999995,96.49327878433664
19833,1741.4099999999999,59.0,1958.88,48.0,-217.47000000000025,-12.488156149327285
19834,1824.75,25.0,496.5,10.0,1328.25,72.7907932593506
19835,82.25,25.0,49.68000000000001,23.0,32.56999999999999,39.59878419452887
19836,417.81,19.0,135.54,9.0,282.27,67.55941695986213
19839,111.99,1.0,0.0,,111.99,100.0
19841,533.97,3.0,344.49,3.0,189.48000000000002,35.485139614585094
19842,494.89,11.0,205.87,7.0,289.02,58.40085675604679
19843,839.94,6.0,0.0,,839.94,100.0
19845,5026.2,380.0,4792.88,362.0,233.3199999999997,4.642075524252909
19847,7955.19,581.0,10556.099999999999,951.0,-2600.909999999999,-32.69450509667273
19848,335379.21,35495.0,203440.77,38169.0,131938.44000000003,39.34007716220693
19849,1692.0900000000001,281.0,1341.6000000000001,390.0,350.49,20.713437228516213
19850,4641.34,430.0,3448.74,458.0,1192.6000000000004,25.695165620273464
19855,22054.88,712.0,19255.829999999998,989.0,2799.050000000003,12.691295531873232
19860,135.22,28.0,175.79999999999998,60.0,-40.579999999999984,-30.010353498003244
19861,9.98,2.0,81.36,24.0,-71.38,-715.2304609218436
19862,39.92,8.0,82.08,24.0,-42.16,-105.61122244488976
19863,9.98,2.0,77.28,24.0,-67.3,-674.3486973947895
19865,4918.41,259.0,546.42,42.0,4371.99,88.89031211306093
19866,3330.04,196.0,918.4,80.0,2411.64,72.42075170268225
19867,130.21,29.0,74.4,24.0,55.81,42.86153137239843
19870,98812.56,10180.0,61285.450000000004,10405.0,37527.10999999999,37.978076876057045
19871,199.75,25.0,189.35999999999999,36.0,10.390000000000015,5.201501877346691
19881,2939.73,327.0,425.52,72.0,2514.21,85.52520129399639
19887,15046.99,301.0,870.75,27.0,14176.24,94.2131283399537
19890,214.86999999999998,13.0,0.0,,214.86999999999998,100.0
19895,17372.57,1643.0,9874.95,1531.0,7497.619999999999,43.15780566720985
19896,51121.74,7426.0,33967.22,5131.0,17154.519999999997,33.556213070994836
19906,90.86999999999999,13.0,57.84,12.0,33.02999999999999,36.34862991086166
19908,13144.74,926.0,8267.539999999999,863.0,4877.200000000001,37.10381490999442
19909,59.95,5.0,191.76,24.0,-131.81,-219.8665554628857
19914,643.08,92.0,386.78,83.0,256.30000000000007,39.855072463768124
19925,143.88,12.0,98.52,12.0,45.36,31.526271893244374
19926,40826.97,3903.0,26211.42,4014.0,14615.550000000003,35.798762435713456
19934,64958.47,6453.0,43308.8,6464.0,21649.67,33.32847894970432
19935,5792.75,725.0,3655.7,695.0,2137.05,36.89180441068577
19936,1113.02,98.0,881.01,117.0,232.01,20.84508813857792
19938,65.94,6.0,0.0,,65.94,100.0
19940,82941.16,7384.0,48460.32,7376.0,34480.840000000004,41.57265222719335
19942,615.72,78.0,443.07,81.0,172.65000000000003,28.04034301305789
19943,95.88,12.0,57.96,12.0,37.919999999999995,39.54943679599499
19944,1538.46,154.0,1115.2,164.0,423.26,27.51192751192751
19945,18.99,1.0,25.48,2.0,-6.490000000000002,-34.175882043180636
19946,1308.1200000000001,88.0,865.97,89.0,442.1500000000001,33.800415863988015
19947,63200.15,4485.0,40295.12,4621.0,22905.03,36.24205005842549
19948,165773.68,10040.0,105388.56,10476.0,60385.119999999995,36.4262408845602
19949,2549.27,73.0,1848.6,90.0,700.6700000000001,27.485123192129514
19951,1781.7299999999998,27.0,428.50000000000006,10.0,1353.2299999999998,75.95034039949937
19954,2699.94,6.0,1541.05,5.0,1158.89,42.92280569197835
19955,2944.69,31.0,64.18,1.0,2880.51,97.82048365023144
19959,189.89999999999998,10.0,0.0,,189.89999999999998,100.0
19960,629.55,45.0,616.4,67.0,13.149999999999977,2.088793582717811
19961,13858.019999999999,198.0,8226.449999999999,181.0,5631.57,40.637623556611985
19962,56057.64,3536.0,36422.84,3694.0,19634.800000000003,35.02609100204718
19963,8818.32,768.0,10534.0,1145.0,-1715.6800000000003,-19.45586007312051
19966,2249.82,18.0,251.67,3.0,1998.15,88.81377176840813
19967,5417.57,43.0,255.39,3.0,5162.179999999999,95.28589386016239
19968,3023.7599999999998,24.0,257.13,3.0,2766.6299999999997,91.49634891658067
19969,5543.5599999999995,44.0,409.05,5.0,5134.509999999999,92.6211676251362
19970,7199.82,18.0,1315.75,5.0,5884.07,81.72523757538383
19971,1624.87,13.0,838.9,10.0,785.9699999999999,48.37125431572987
19972,13529.59,41.0,7308.51,33.0,6221.08,45.98128989865916
19977,4437.56,394.0,3047.16,402.0,1390.4000000000005,31.33253409531365
19980,0.0,,95.28,12.0,-95.28,0.0
19988,1349.73,27.0,136.04,4.0,1213.69,89.92094715239345
19989,37444.65,5335.0,28619.66,5441.0,8824.990000000002,23.56809317218882
19990,5191.67,433.0,1894.5,450.0,3297.17,63.50885167971
19995,3058.2999999999997,170.0,1552.32,126.0,1505.9799999999998,49.24238956282902
19996,36152.53,5947.0,37540.97,5749.0,-1388.4400000000023,-3.840505768199355
20000,1387.8200000000002,118.0,172.32,24.0,1215.5000000000002,87.583404187863
20001,2729.2200000000003,78.0,23.97,1.0,2705.2500000000005,99.12172708685999
20002,4822.09,91.0,2967.72,84.0,1854.3700000000003,38.45573185071204
20008,791.64,36.0,141.9,10.0,649.74,82.07518569046537
20010,47.96,4.0,0.0,,47.96,100.0
20016,53.94,6.0,141.12,24.0,-87.18,-161.62402669632928
20018,119.85,15.0,185.39999999999998,36.0,-65.54999999999998,-54.69336670838547
20019,9.99,1.0,65.28,12.0,-55.29,-553.4534534534534
20023,5989.219999999999,78.0,2483.1899999999996,51.0,3506.0299999999997,58.53900841845851
20024,9132.470000000001,53.0,3928.0199999999995,34.0,5204.450000000002,56.98841605830626
20030,12534.4,1210.0,6534.21,1259.0,6000.19,47.86978235894817
20038,594.83,17.0,333.2,14.0,261.63000000000005,43.98399542726494
20041,251.96,4.0,0.0,,251.96,100.0
20049,794.47,53.0,0.0,,794.47,100.0
20050,67.83,17.0,13.1,5.0,54.73,80.68701164676396
20055,1979.91,9.0,455.16,3.0,1524.75,77.01107626104216
20056,1469.93,7.0,556.28,4.0,913.6500000000001,62.15602103501527
20057,2879.84,16.0,1328.8,11.0,1551.0400000000002,53.85854769709428
20058,2309.9300000000003,7.0,1311.24,6.0,998.6900000000003,43.234643474044674
20060,719.97,3.0,479.97,3.0,240.0,33.334722280095
20061,3779.9300000000003,7.0,2589.02,7.0,1190.9100000000003,31.50613900257413
20062,3239.94,6.0,2189.16,6.0,1050.7800000000002,32.432082075593996
20063,17599.92,8.0,10198.650000000001,7.0,7401.269999999997,42.05286160391637
20064,8459.82,18.0,5046.88,16.0,3412.9399999999996,40.34293873864928
20066,99.99,1.0,32.46,1.0,67.53,67.53675367536755
20067,1559.97,3.0,1061.19,3.0,498.78,31.973691801765412
20075,989.82,18.0,73.82,2.0,916.0,92.54207835768119
20082,77.94,6.0,201.12,24.0,-123.18,-158.04464973056199
20088,575.64,36.0,376.20000000000005,36.0,199.43999999999994,34.64665415884927
20090,113.93999999999998,6.0,0.0,,113.93999999999998,100.0
20091,2739.69,231.0,1498.72,272.0,1240.97,45.296000642408444
20092,297.75,25.0,180.72,24.0,117.03,39.30478589420655
20093,575.76,24.0,351.84,24.0,223.92000000000002,38.89120466861192
20095,179.88,12.0,102.6,12.0,77.28,42.96197464976651
20096,3993.08,392.0,2393.16,407.0,1599.92,40.06731645747143
20097,139.86,14.0,156.72,24.0,-16.859999999999985,-12.054912054912043
20098,3117.9700000000003,303.0,1758.1200000000001,299.0,1359.8500000000001,43.61331250781759
20102,13650.57,1443.0,9701.6,1448.0,3948.9699999999993,28.928975127045973
20105,176.94,6.0,118.74,6.0,58.2,32.89250593421499
20108,8669.49,51.0,1862.88,16.0,6806.61,78.51223082326642
20114,641.54,46.0,555.6,60.0,85.93999999999994,13.395891136951702
20118,978.34,66.0,469.20000000000005,46.0,509.14,52.04121266635321
20119,659.61,39.0,581.36,52.0,78.25,11.863070602325616
20124,27.98,2.0,219.36,24.0,-191.38000000000002,-683.9885632594711
20129,143.94,6.0,0.0,,143.94,100.0
20130,1559.74,26.0,315.76,8.0,1243.98,79.75560029235642
20132,8447.34,66.0,1440.92,17.0,7006.42,82.94232267198906
20133,215.76,24.0,144.72,24.0,71.03999999999999,32.92547274749722
20134,8.99,1.0,72.84,12.0,-63.85,-710.2335928809788
20144,779.4,60.0,636.48,72.0,142.91999999999996,18.337182448036945
20146,254.85,15.0,703.1999999999999,60.0,-448.3499999999999,-175.92701589170096
20149,39.96,4.0,719.2800000000001,108.0,-679.32,-1700.0
20150,459.96,4.0,0.0,,459.96,100.0
20152,22540.82,1618.0,14631.6,1644.0,7909.219999999999,35.088430678209576
20160,16653.34,1066.0,11204.57,1091.0,5448.77,32.71878193803766
20161,1569.6,240.0,1046.4,240.0,523.1999999999998,33.33333333333333
20162,9642.64,536.0,4524.87,609.0,5117.7699999999995,53.074365526453334
20165,56.97,3.0,36.75,3.0,20.22,35.49236440231701
20167,23864.36,1764.0,18007.78,2051.0,5856.580000000002,24.54111486752631
20170,1167.84,116.0,1645.4,190.0,-477.5600000000002,-40.89258802575697
20174,1236.3,70.0,427.05,39.0,809.25,65.45741324921136
20176,311.88,12.0,215.04,12.0,96.84,31.050404001539057
20177,3656.05,95.0,1906.3999999999999,80.0,1749.6500000000003,47.85629299380479
20178,874.65,35.0,48.989999999999995,3.0,825.66,94.3989024181101
20180,14395.84,1016.0,9756.15,1011.0,4639.6900000000005,32.22938015426679
20181,2257.77,323.0,1672.94,359.0,584.8299999999999,25.902992776057786
20182,8714.44,856.0,7949.700000000001,1210.0,764.7399999999998,8.77554954764735
20184,665.85,115.0,52.92,14.0,612.9300000000001,92.0522640234287
20186,73.96,4.0,0.0,,73.96,100.0
20187,233.87999999999997,12.0,0.0,,233.87999999999997,100.0
20188,285.87,13.0,0.0,,285.87,100.0
20189,342.86,14.0,32.02,2.0,310.84000000000003,90.66091115907368
20192,689.56,44.0,330.90000000000003,30.0,358.6599999999999,52.01287777713324
20200,1511.76,24.0,1276.8000000000002,30.0,234.9599999999998,15.542149547547218
20204,28208.63,2337.0,19988.46,2637.0,8220.170000000002,29.140621150335917
20205,790.41,59.0,1172.08,161.0,-381.66999999999996,-48.2875975759416
20213,509.66,34.0,354.96,36.0,154.70000000000005,30.353569046030692
20216,10859.130000000001,1087.0,289.08,44.0,10570.050000000001,97.33790828547039
20217,341.62,38.0,297.6,48.0,44.01999999999998,12.885662431941919
20218,1319.95,105.0,925.12,118.0,394.83000000000004,29.912496685480512
20222,14.99,1.0,9.99,1.0,5.0,33.3555703802535
20224,899.8499999999999,15.0,350.55,9.0,549.3,61.04350725120854
20234,443.88,12.0,301.92,12.0,141.95999999999998,31.981616653149498
20250,249.95000000000002,5.0,34.48,1.0,215.47000000000003,86.20524104820964
20251,17683.7,830.0,16104.61,1037.0,1579.0900000000001,8.929635766270634
20252,6775.860000000001,114.0,740.0,25.0,6035.860000000001,89.07887707243066
20253,12792.24,476.0,11128.88,668.0,1663.3600000000006,13.00288299781743
20254,2369.43,157.0,0.0,,2369.43,100.0
20255,31455.76,2224.0,19251.75,1995.0,12204.009999999998,38.79737765038899
20257,139.91,9.0,31.35,3.0,108.56,77.59273818883568
20259,279.92,8.0,0.0,,279.92,100.0
20265,899.88,12.0,588.12,12.0,311.76,34.64461928257101
20274,99.98,2.0,34.48,1.0,65.5,65.5131026205241
20275,73.98,2.0,0.0,,73.98,100.0
20316,1439.84,16.0,620.6,10.0,819.2399999999999,56.89798866540726
20317,149.92999999999998,7.0,546.12,36.0,-396.19000000000005,-264.249983325552
20319,143.92999999999998,7.0,514.08,36.0,-370.1500000000001,-257.1736260682277
20324,6866.34,516.0,4162.79,521.0,2703.55,39.373960508800906
20333,65.94,6.0,21.54,3.0,44.4,67.33393994540492
20334,131.88,12.0,179.52,24.0,-47.640000000000015,-36.123748862602376
20339,12148.439999999999,156.0,7240.5,150.0,4907.939999999999,40.399755030275486
20343,5382.29,371.0,3774.52,394.0,1607.77,29.871485928851843
20344,27.98,2.0,0.0,,27.98,100.0
20345,425.65999999999997,34.0,492.59999999999997,60.0,-66.94,-15.726166423906404
20353,64.95,5.0,407.52,48.0,-342.57,-527.4364896073903
20357,243756.84,27926.0,157054.59,30261.0,86702.25,35.56915572092254
20360,49.98,2.0,0.0,,49.98,100.0
20363,135.82999999999998,17.0,187.92000000000002,36.0,-52.09000000000003,-38.34940734741959
20364,87.89,11.0,126.24,24.0,-38.349999999999994,-43.63408806462623
20374,303.84,16.0,0.0,,303.84,100.0
20375,4199.79,21.0,2068.7999999999997,15.0,2130.9900000000002,50.74039416256527
20376,395.78,22.0,23.98,2.0,371.79999999999995,93.94107837687604
20377,2837.34,66.0,224.8,8.0,2612.54,92.07708628504162
20382,807.46,54.0,437.4,54.0,370.06000000000006,45.83013400044585
20383,4340.92,308.0,2257.5,250.0,2083.42,47.99489509136312
20384,287.88,12.0,186.96,12.0,100.91999999999999,35.05627344726969
20387,263.76,24.0,174.72,24.0,89.03999999999999,33.75796178343949
20388,129.87,13.0,162.0,24.0,-32.129999999999995,-24.740124740124735
20395,11538.45,1155.0,7508.929999999999,1157.0,4029.5200000000013,34.922541589208265
20398,36756.56,3944.0,24204.42,4014.0,12552.14,34.14938721142566
20400,19842.03,1397.0,13102.439999999999,1443.0,6739.59,33.96623228570868
20401,371.64,36.0,220.32,36.0,151.32,40.71682273167582
20402,6754.05,695.0,5846.6,943.0,907.4499999999998,13.435642318312713
20403,329.25,25.0,179.04,24.0,150.21,45.62186788154898
20404,11486.66,1034.0,7767.900000000001,959.0,3718.7599999999993,32.37459801195473
20405,17170.989999999998,1101.0,12001.2,1095.0,5169.789999999997,30.107699090151456
20406,14858.74,726.0,10335.95,755.0,4522.789999999999,30.438583621491453
20407,2704.13,187.0,223.92,24.0,2480.21,91.71933302023201
20409,8916.63,637.0,4003.16,406.0,4913.469999999999,55.10456304680132
20410,9945.25,271.0,7245.92,358.0,2699.33,27.14190191297353
20413,191.92,8.0,191.88,12.0,0.03999999999999204,0.02084201750729056
20416,1099.56,44.0,827.04,48.0,272.52,24.78445923824075
20418,74.95,5.0,0.0,,74.95,100.0
20419,59386.03,3047.0,36383.16,2838.0,23002.869999999995,38.73448014625661
20420,272.79,21.0,8.66,1.0,264.13,96.82539682539681
20422,12735.449999999999,455.0,469.56,26.0,12265.89,96.31296891747053
20423,29.99,1.0,0.0,,29.99,100.0
20424,4065.5699999999997,43.0,181.92000000000002,3.0,3883.6499999999996,95.5253506888333
20425,1474.77,123.0,228.48,28.0,1246.29,84.50741471551495
20426,2280.48,152.0,601.4599999999999,61.0,1679.02,73.62572791692978
20427,6201.349999999999,365.0,2086.2,183.0,4115.15,66.35893797318326
20428,1457.73,27.0,213.12,6.0,1244.6100000000001,85.38000864357598
20429,2247.35,365.0,2168.64,288.0,78.71000000000004,3.502347208934969
20431,7127.08,892.0,12792.0,2400.0,-5664.92,-79.48444524265197
20439,1242.98,182.0,168.48,36.0,1074.5,86.44547780334358
20441,12.99,1.0,0.0,,12.99,100.0
20442,359.82,18.0,13.51,1.0,346.31,96.24534489466956
20443,109.89,11.0,73.26,11.0,36.629999999999995,33.33333333333333
20445,459.54,46.0,385.27,59.0,74.27000000000004,16.161813987900953
20446,53196.75,5325.0,36870.1,5503.0,16326.650000000001,30.69106665350797
20447,33476.49,3351.0,22763.579999999998,3486.0,10712.91,32.00129404247578
20448,87.73,27.0,93.12,48.0,-5.390000000000001,-6.14385045024507
20449,85.24000000000001,26.0,74.16,36.0,11.080000000000013,12.998592210229953
20450,432.71000000000004,129.0,286.56,144.0,146.15000000000003,33.775507845901416
20454,419.96,4.0,474.17999999999995,7.0,-54.21999999999997,-12.910753405086192
20456,25.47,3.0,135.84,24.0,-110.37,-433.33333333333337
20457,144.33,17.0,208.07999999999998,36.0,-63.74999999999997,-44.16961130742047
20459,22759.44,3256.0,16127.720000000001,3346.0,6631.7199999999975,29.138326777811745
20465,1869.66,34.0,723.6,20.0,1146.06,61.29777606623663
20466,419.93,7.0,122.43,3.0,297.5,70.84514085680946
20467,799.84,16.0,335.5,10.0,464.34000000000003,58.05411082216444
20471,215.23,27.0,183.60000000000002,36.0,31.629999999999967,14.695906704455682
20472,575.28,72.0,347.76,72.0,227.51999999999998,39.54943679599499
20473,287.64,36.0,196.92000000000002,36.0,90.71999999999997,31.53942428035043
20475,13356.630000000001,1337.0,9213.75,1365.0,4142.880000000001,31.017404839394374
20477,979.02,98.0,430.98,66.0,548.04,55.97842740699883
20483,36618.649999999994,2035.0,25237.289999999997,2119.0,11381.359999999997,31.080774414130502
20488,203.88,12.0,0.0,,203.88,100.0
20491,527.56,44.0,524.16,72.0,3.3999999999999773,0.6444764576541014
20492,1426.81,119.0,885.6,120.0,541.2099999999999,37.93146950189583
20498,455.04999999999995,95.0,293.55,95.0,161.49999999999994,35.490605427974934
20503,12.99,1.0,52.68,6.0,-39.69,-305.5427251732101
20504,1170.72,288.0,1087.44,276.0,83.27999999999997,7.113571135711355
20506,1014.65,35.0,59.58,3.0,955.0699999999999,94.12802444192579
20507,2559.2,80.0,433.44,21.0,2125.7599999999998,83.06345733041574
20508,1196.37,63.0,232.56,18.0,963.81,80.561197622809
20509,15534.53,1247.0,10045.36,1352.0,5489.17,35.33528211024086
20512,7291.13,187.0,5331.8,212.0,1959.33,26.872789265861396
20513,6638.71,229.0,1844.3600000000001,98.0,4794.35,72.21809658804196
20514,927.68,32.0,227.39999999999998,12.0,700.28,75.48723697826837
20515,2050.92,108.0,203.84,16.0,1847.0800000000002,90.06104577457921
20516,6399.36,64.0,1486.3200000000002,22.0,4913.039999999999,76.77392739273927
20517,5794.39,161.0,821.1600000000001,36.0,4973.2300000000005,85.82836157041552
20519,1253.34,66.0,201.28,16.0,1052.06,83.94051095472896
20520,1117.57,43.0,121.31,7.0,996.26,89.14519895845451
20521,1879.6,40.0,525.47,17.0,1354.1299999999999,72.0435198978506
20523,23771.4,2260.0,19637.7,2931.0,4133.700000000001,17.389383881471012
20527,119.88,12.0,82.68,12.0,37.19999999999999,31.03103103103102
20528,82.94,6.0,206.4,24.0,-123.46000000000001,-148.8545936821799
20532,62560.33,4867.0,46538.64,5337.0,16021.690000000002,25.609983195421126
20533,221166.75,17025.0,150898.94999999998,17649.0,70267.80000000002,31.771412294117457
20534,1725.84,216.0,2181.96,396.0,-456.1200000000001,-26.428869420108477
20537,431.52,48.0,278.4,48.0,153.12,35.483870967741936
20549,450.59,41.0,52.36,7.0,398.22999999999996,88.3796799751437
20550,1912.26,174.0,1827.8400000000001,256.0,84.41999999999985,4.414671645069177
20551,118.92999999999999,7.0,1827.48,157.0,-1708.55,-1436.6013621458
20552,16454.27,1073.0,9838.66,1027.0,6615.610000000001,40.2060377032831
20553,827.97,3.0,1623.5099999999998,9.0,-795.5399999999997,-96.08319141997896
20554,2700.4799999999996,152.0,1950.56,167.0,749.9199999999996,27.769877947624117
20555,1232.08,92.0,837.42,102.0,394.65999999999997,32.032010908382574
20557,30254.54,2546.0,20180.16,2574.0,10074.380000000001,33.29873797453209
20567,503.58,42.0,327.18,42.0,176.39999999999998,35.02919099249374
20568,250.86999999999998,13.0,489.59999999999997,36.0,-238.73,-95.16084027584009
20576,485.82,18.0,111.66,6.0,374.15999999999997,77.01617883166605
20592,287.82,18.0,79.44,8.0,208.38,72.39941630185533
20594,647.76,24.0,428.88,24.0,218.88,33.79029270100037
20595,215.88,12.0,141.12,12.0,74.75999999999999,34.63035019455253
20596,119.94,6.0,297.84,24.0,-177.89999999999998,-148.3241620810405
20598,5996.25,375.0,4515.2,415.0,1481.0500000000002,24.699603919116118
20600,677.91,59.0,158.76,21.0,519.15,76.58096207461168
20601,0.0,,155.04,12.0,-155.04,0.0
20602,1919.68,32.0,710.79,19.0,1208.89,62.97351641940324
20605,167.88,12.0,57.9,6.0,109.97999999999999,65.51107934238742
20607,170.90999999999997,9.0,0.0,,170.90999999999997,100.0
20608,89.88,12.0,57.96,12.0,31.919999999999995,35.51401869158878
20609,3.99,1.0,0.0,,3.99,100.0
20610,233.87,13.0,293.76,24.0,-59.889999999999986,-25.60824389618163
20614,419.4,60.0,285.6,60.0,133.79999999999995,31.902718168812584
20625,671.72,28.0,479.36,28.0,192.36,28.63693205502293
20626,486.15,85.0,205.2,76.0,280.95,57.790805307004014
20627,50.94,6.0,141.84,24.0,-90.9,-178.44522968197882
20628,13.99,1.0,278.64,36.0,-264.65,-1891.7083631165117
20629,497.59,41.0,470.4,60.0,27.189999999999998,5.4643381096887
20632,1034.6399999999999,216.0,699.84,216.0,334.79999999999984,32.35908141962421
20637,391.71999999999997,28.0,173.52,24.0,218.19999999999996,55.70305320126621
20638,37.98,2.0,0.0,,37.98,100.0
20639,782.52,48.0,214.06,22.0,568.46,72.64478863160048
20646,55.96,4.0,231.6,24.0,-175.64,-313.8670478913509
20648,13.99,1.0,228.48,24.0,-214.48999999999998,-1533.1665475339528
20650,8265.51,99.0,5546.97,99.0,2718.54,32.89016648700443
20653,146.85999999999999,14.0,84.48,12.0,62.37999999999998,42.47582731853465
20654,399.90000000000003,10.0,679.64,26.0,-279.73999999999995,-69.95248812203049
20655,79.98,2.0,0.0,,79.98,100.0
20658,39.99,1.0,0.0,,39.99,100.0
20659,399.79999999999995,20.0,350.46,27.0,49.339999999999975,12.341170585292643
20660,12970.0,1100.0,9549.72,1294.0,3420.2800000000007,26.370701619121057
20661,1259.79,21.0,287.52,8.0,972.27,77.17714857238111
20662,7692.3,770.0,6331.91,919.0,1360.3900000000003,17.685087685087687
20664,989.89,11.0,647.02,11.0,342.87,34.63718190910101
20666,809.91,9.0,248.24,4.0,561.67,69.34968082873405
20667,184.99,1.0,0.0,,184.99,100.0
20668,597.87,13.0,186.42,6.0,411.45000000000005,68.81930854533594
20669,1039.87,13.0,155.82,3.0,884.05,85.01543462163539
20670,719.92,8.0,183.66,3.0,536.26,74.48883209245471
20674,15993.599999999999,640.0,11406.26,662.0,4587.339999999998,28.682347939175663
20680,245.94,6.0,0.0,,245.94,100.0
20682,1623.44,56.0,59.58,3.0,1563.8600000000001,96.33001527620362
20684,539.94,6.0,174.18,3.0,365.76000000000005,67.74086009556618
20685,648.89,11.0,40.68,1.0,608.21,93.73083265268383
20689,303.81,19.0,92.88,9.0,210.93,69.42826108423029
20693,19290.35,965.0,2012.4800000000002,152.0,17277.87,89.5674262001467
20699,27395.63,2237.0,17801.48,2242.0,9594.150000000001,35.020731408622474
20700,11666.76,924.0,11856.39,1313.0,-189.6299999999992,-1.6253869969040178
20702,759.8000000000001,20.0,222.03,9.0,537.7700000000001,70.77783627270335
20703,719.64,36.0,966.24,72.0,-246.60000000000002,-34.2671335667834
20706,45443.73,4427.0,46189.78,4333.0,-746.0499999999956,-1.6417006262469995
20707,95.94,6.0,0.0,,95.94,100.0
20715,1287.72,28.0,907.8,30.0,379.9200000000001,29.50330817258411
20722,329.89,11.0,61.199999999999996,3.0,268.69,81.44836157507048
20723,511.68,32.0,778.1800000000001,73.0,-266.50000000000006,-52.08333333333335
20724,7440.92,508.0,7648.15,755.0,-207.22999999999956,-2.7850050800169814
20725,26028.65,1735.0,22066.68,2238.0,3961.970000000001,15.22157315112386
20728,3366.94,306.0,2548.2,411.0,818.7400000000002,24.317035646610876
20729,48740.08,4792.0,31279.78,5222.0,17460.300000000003,35.823289580156626
20730,2450.77,223.0,1958.3999999999999,320.0,492.3700000000001,20.090420561701023
20731,48895.28,4772.0,30446.15,5117.0,18449.129999999997,37.73192422663291
20739,831.63,37.0,443.88,36.0,387.75,46.62530211752823
20743,2225.1,90.0,1519.2,90.0,705.8999999999999,31.724416880140215
20744,670.64,36.0,119.69999999999999,14.0,550.94,82.15137778838125
20745,10515.83,817.0,6582.26,829.0,3933.5699999999997,37.4061771633813
20746,49.95,5.0,0.0,,49.95,100.0
20748,16496.7,330.0,965.44,28.0,15531.26,94.14767802045257
20758,53.96,4.0,111.12,12.0,-57.160000000000004,-105.93031875463306
20759,33.96,4.0,65.28,12.0,-31.32,-92.226148409894
20761,1035.72,28.0,1898.52,78.0,-862.8,-83.30436797590082
20762,16741.079999999998,892.0,11004.75,1005.0,5736.329999999998,34.26499365632324
20763,6615.34,466.0,6789.6,738.0,-174.26000000000022,-2.6341805561014278
20765,359.88,12.0,467.28,24.0,-107.39999999999998,-29.843281093697893
20767,1379.31,69.0,341.90000000000003,26.0,1037.4099999999999,75.21224380306094
20768,72.45,5.0,0.0,,72.45,100.0
20770,3266.48,152.0,587.53,41.0,2678.95,82.013359947099
20771,3275.2200000000003,78.0,945.5400000000001,34.0,2329.6800000000003,71.13048894425414
20772,3782.03,97.0,363.86,14.0,3418.17,90.37924077810064
20776,199.95000000000002,5.0,46.66,2.0,153.29000000000002,76.66416604151038
20778,71.91,9.0,0.0,,71.91,100.0
20781,8047.86,514.0,4806.62,494.0,3241.24,40.27455745999558
20784,325.62,38.0,71.4,12.0,254.22,78.07259996314723
20787,95.88,12.0,62.64,12.0,33.239999999999995,34.66833541927409
20788,8036.2699999999995,473.0,5228.099999999999,471.0,2808.17,34.94369900463773
20789,1511.1599999999999,84.0,934.08,96.0,577.0799999999998,38.187882156753744
20791,19175.52,2148.0,11901.6,2204.0,7273.92,37.933365040426544
20792,352.66,34.0,287.2,40.0,65.46000000000004,18.561787557420754
20793,458.58000000000004,42.0,505.24,68.0,-46.65999999999997,-10.174887696803166
20794,23.98,2.0,0.0,,23.98,100.0
20795,119.88,12.0,81.6,12.0,38.28,31.931931931931935
20798,32.97,3.0,0.0,,32.97,100.0
20800,15615.73,1727.0,10220.0,1750.0,5395.73,34.55317170570956
20801,5516.08,192.0,4888.5199999999995,238.0,627.5600000000004,11.37691984162667
20814,194.87,13.0,232.08,24.0,-37.21000000000001,-19.094781136142046
20825,47.96,4.0,0.0,,47.96,100.0
20842,101.88,12.0,0.0,,101.88,100.0
20853,179.97,3.0,0.0,,179.97,100.0
20854,173.97,3.0,0.0,,173.97,100.0
20855,25538.34,1966.0,17552.6,2041.0,7985.740000000002,31.269612668638608
20861,0.0,,92.88,12.0,-92.88,0.0
20862,112064.21,8007.0,74196.9,8678.0,37867.31000000001,33.79072587046302
20863,176611.99,14829.0,150271.16,16999.0,26340.829999999987,14.914519676721829
20864,37744.91,3009.0,27052.199999999997,3164.0,10692.710000000006,28.328879311144217
20878,147.96,4.0,0.0,,147.96,100.0
20880,986.79,21.0,375.96,12.0,610.8299999999999,61.90070835740127
20883,3419.62,38.0,979.52,16.0,2440.1,71.35588164766845
20884,227.76,24.0,230.76,36.0,-3.0,-1.3171759747102214
20885,899.25,75.0,402.0,60.0,497.25,55.29608006672226
20886,59.95,5.0,0.0,,59.95,100.0
20887,131.89,11.0,79.44,12.0,52.44999999999999,39.76798847524452
20889,1405.63,37.0,314.4,12.0,1091.23,77.63280521901211
20891,783.3800000000001,262.0,518.76,262.0,264.6200000000001,33.77926421404683
20903,3076.38,162.0,734.28,58.0,2342.1000000000004,76.13168724279836
20905,7848.27,873.0,5420.450000000001,911.0,2427.8199999999997,30.934460715546226
20912,15029.99,601.0,8694.0,552.0,6335.99,42.15565013682644
20913,3799.2400000000002,76.0,2894.32,88.0,904.9200000000001,23.81844790010634
20918,809.52,48.0,786.0,60.0,23.519999999999982,2.905425437296173
20919,139.9,10.0,0.0,,139.9,100.0
20921,17287.42,858.0,10360.16,887.0,6927.259999999998,40.07110372745036
20931,33.98,2.0,275.52,24.0,-241.54,-710.8298999411419
20932,8498.19,681.0,5208.43,701.0,3289.76,38.711302053731444
20935,832.66,34.0,457.24,28.0,375.41999999999996,45.08683015876828
20941,220.83,17.0,47.25,7.0,173.58,78.60345061812254
20944,7167.57,343.0,5660.6900000000005,419.0,1506.8799999999992,21.02358260888975
20947,2812.41,159.0,1662.96,156.0,1149.4499999999998,40.87064119385153
20948,14757.65,185.0,11589.28,226.0,3168.369999999999,21.46933963063224
20950,850.54,46.0,905.76,72.0,-55.22000000000003,-6.492346038987
20952,699.72,28.0,591.84,36.0,107.88,15.417595609672437
20953,188.79,21.0,93.36,24.0,95.42999999999999,50.548228190052434
20954,1838.85,115.0,355.3,34.0,1483.55,80.67814122957283
20955,773.45,155.0,522.3499999999999,155.0,251.10000000000014,32.464929859719454
20959,4949.01,99.0,3153.2799999999997,104.0,1795.7300000000005,36.28463066350645
20960,349.86,14.0,112.84,7.0,237.02,67.74709883953581
20961,524.79,21.0,0.0,,524.79,100.0
20963,1936.86,114.0,1567.2800000000002,143.0,369.5799999999997,19.081399791414956
20967,175.89000000000001,11.0,264.72,24.0,-88.83000000000001,-50.50315538120417
20968,22827.8,2220.0,13432.8,2316.0,9395.0,41.15595896231788
20969,415.68,32.0,357.52,41.0,58.160000000000025,13.991531947652044
20970,67.96,4.0,0.0,,67.96,100.0
20973,107.96,4.0,71.96,4.0,36.0,33.34568358651352
20975,8228.5,1400.0,10524.36,1407.0,-2295.8600000000006,-27.90131858783497
20980,659.67,33.0,619.2,48.0,40.469999999999914,6.134885624630485
20985,1091.09,91.0,856.9000000000001,110.0,234.18999999999983,21.463857243673743
20986,167.88,12.0,114.96,12.0,52.92,31.52251608291637
20987,90.93,7.0,123.75999999999999,14.0,-32.829999999999984,-36.10469591993839
20988,64.95,5.0,105.36,12.0,-40.41,-62.217090069284055
20990,279.8,20.0,228.48,24.0,51.32000000000002,18.341672623302365
20991,688.47,53.0,636.16,71.0,52.31000000000006,7.598007175330815
20992,22152.29,2071.0,15363.1,2293.0,6789.1900000000005,30.64780210082118
20995,101.99,31.0,102.72,48.0,-0.730000000000004,-0.7157564467104658
20997,39.48,12.0,25.44,12.0,14.039999999999996,35.562310030395125
21000,5976.59,141.0,2458.18,89.0,3518.4100000000003,58.869857226277865
21001,11507.53,947.0,6907.68,936.0,4599.85,39.972522339720165
21002,2547.96,204.0,1679.58,217.0,868.3800000000001,34.08138275326144
21003,26604.8,3320.0,30746.4,3342.0,-4141.600000000002,-15.567115708443598
21004,65126.49,8151.0,42542.43,8197.0,22584.059999999998,34.67722581087972
21006,4166.57,43.0,682.88,11.0,3483.6899999999996,83.61049976359452
21007,824.89,11.0,99.3,2.0,725.59,87.96203130114318
21008,2049.62,38.0,972.95,29.0,1076.6699999999998,52.530225114899345
21009,129.95,5.0,418.56,24.0,-288.61,-222.0931127356676
21010,2339.64,36.0,1699.2,40.0,640.4399999999998,27.373442068010455
21011,129.98,2.0,0.0,,129.98,100.0
21012,1614.81,19.0,0.0,,1614.81,100.0
21013,755.82,18.0,676.32,24.0,79.5,10.518377391442407
21014,335.92,8.0,0.0,,335.92,100.0
21015,1679.52,48.0,1295.04,57.0,384.48,22.89225492998
21016,1609.54,46.0,695.1299999999999,29.0,914.4100000000001,56.81188414081042
21017,2065.02,98.0,913.92,96.0,1151.1,55.742801522503406
21019,229216.88,12512.0,134817.02,12647.0,94399.86000000002,41.18364232163007
21025,406.89,11.0,265.98,11.0,140.90999999999997,34.63098134630981
21026,52.43,7.0,0.0,,52.43,100.0
21027,4829.58,42.0,2061.8,26.0,2767.7799999999997,57.3089171315104
21031,335.79,21.0,134.94,13.0,200.85000000000002,59.81416957026714
21032,72904.09,2991.0,45239.04,2992.0,27665.049999999996,37.9471851304913
21033,91592.28,2272.0,64025.090000000004,2381.0,27567.189999999995,30.09772220977575
21034,3563.3500000000004,65.0,2938.4,80.0,624.9500000000003,17.538271570292004
21039,441.71999999999997,30.0,203.76,24.0,237.95999999999998,53.87123064384678
21041,6072.1900000000005,381.0,5196.62,506.0,875.5700000000006,14.419344585726082
21043,0.0,,129.2,10.0,-129.2,0.0
21045,1938.79,71.0,1229.2,70.0,709.5899999999999,36.59963172906813
21046,359.79999999999995,20.0,233.52,24.0,126.27999999999994,35.09727626459143
21055,88566.56,2244.0,56398.96,2348.0,32167.6,36.320254506892894
21057,305.64,36.0,281.28,48.0,24.360000000000014,7.970160973694547
21058,8117.150000000001,185.0,6091.39,199.0,2025.7600000000002,24.956542628878363
21060,2607.56,44.0,1025.7,26.0,1581.86,60.66437589163816
21076,12455.09,1291.0,7787.81,1283.0,4667.28,37.47287253644895
21078,1054.09,91.0,590.5899999999999,91.0,463.5,43.97157737954065
21080,2083.25,75.0,1352.26,91.0,730.99,35.088923556942284
21081,4171.93,107.0,4033.5,150.0,138.4300000000003,3.318128540028243
21082,439.92,8.0,0.0,,439.92,100.0
21083,167.96,4.0,338.16,12.0,-170.20000000000002,-101.33365086925458
21084,272.79,21.0,318.24,36.0,-45.44999999999999,-16.66116793137578
21086,370.47,53.0,0.0,,370.47,100.0
21087,455.92,8.0,0.0,,455.92,100.0
21089,137.88,12.0,89.52,12.0,48.36,35.0739773716275
21098,15928.97,1103.0,10496.25,1125.0,5432.719999999999,34.1059089194091
21099,255.68,32.0,0.0,,255.68,100.0
21100,74720.59,5341.0,53297.64,5676.0,21422.949999999997,28.670745239029827
21101,96660.26999999999,5373.0,67222.08,5492.0,29438.189999999988,30.455315301726337
21102,575.28,72.0,412.62,78.0,162.65999999999997,28.274926992073425
21103,1378.85,115.0,220.92000000000002,28.0,1157.9299999999998,83.97795264169416
21105,5493.22,178.0,2959.6,151.0,2533.6200000000003,46.12267486101049
21107,688.47,53.0,0.0,,688.47,100.0
21108,143.84,16.0,0.0,,143.84,100.0
21109,637.42,58.0,483.78,66.0,153.64,24.103416899375606
21110,44.97,3.0,0.0,,44.97,100.0
21111,233.83,17.0,470.4,48.0,-236.56999999999996,-101.17179147243722
21112,279.71999999999997,28.0,340.0,50.0,-60.28000000000003,-21.550121550121563
21113,249.75,25.0,391.8,60.0,-142.05,-56.87687687687688
21114,349.65,35.0,408.0,60.0,-58.35000000000002,-16.688116688116697
21115,2213.25,275.0,1438.8799999999999,272.0,774.3700000000001,34.98791370157009
21117,3182.05,395.0,2187.4700000000003,397.0,994.5799999999999,31.25595135211577
21119,118.44,36.0,80.64,36.0,37.8,31.914893617021274
21121,492.54999999999995,45.0,0.0,,492.54999999999995,100.0
21123,611.49,51.0,343.57,43.0,267.92,43.814289685849324
21127,0.0,,114.66,18.0,-114.66,0.0
21129,48544.5,2650.0,31327.6,2710.0,17216.9,35.46622171409738
21131,0.0,,73.44,12.0,-73.44,0.0
21144,15096.05,795.0,10004.49,801.0,5091.5599999999995,33.72776322282981
21145,29423.46,2454.0,19054.34,2446.0,10369.119999999999,35.24099477083932
21149,27.96,4.0,55.2,12.0,-27.240000000000002,-97.42489270386267
21151,24432.56,2144.0,14151.78,2154.0,10280.78,42.078194016509116
21152,71.88,12.0,0.0,,71.88,100.0
21155,574.77,23.0,1270.08,84.0,-695.31,-120.97186700767261
21156,461.67,33.0,482.49999999999994,50.0,-20.829999999999927,-4.511880780644168
21157,8741.4,660.0,5225.04,708.0,3516.3599999999997,40.22650833962523
21158,475.71999999999997,28.0,394.56000000000006,36.0,81.15999999999991,17.06045573026148
21159,132.92999999999998,7.0,13.1,1.0,119.82999999999998,90.14518919732191
21160,3100.5899999999997,141.0,771.6800000000001,53.0,2328.91,75.11183355425904
21166,10032.56,344.0,6752.62,347.0,3279.9399999999996,32.69295174910491
21168,543.36,64.0,480.52,82.0,62.84000000000003,11.565076560659605
21169,908.4300000000001,107.0,402.48,72.0,505.95000000000005,55.69499025791751
21171,0.0,,823.5,3.0,-823.5,0.0
21172,1599.92,8.0,1103.36,8.0,496.5600000000002,31.036551827591392
21178,12456.57,743.0,9445.38,1046.0,3011.1900000000005,24.173508437716006
21179,2507.56,44.0,442.86,11.0,2064.7,82.33900684330584
21180,551.7,30.0,648.3,30.0,-96.59999999999991,-17.50951604132679
21181,53708.03,1797.0,37921.56,1923.0,15786.470000000001,29.39312799222016
21194,6389.85,15.0,8408.99,37.0,-2019.1399999999994,-31.599176819487145
21195,2449.8900000000003,11.0,3499.7200000000003,29.0,-1049.83,-42.85212805472898
21196,5527.889999999999,211.0,1507.71,87.0,4020.1799999999994,72.7253979366449
21201,49884.979999999996,2702.0,31350.000000000004,2750.0,18534.979999999992,37.155432356593096
21208,184705.82,11318.0,121363.2,11760.0,63342.62000000001,34.29378673611909
21212,29.97,3.0,0.0,,29.97,100.0
21213,143.88,12.0,101.88,12.0,42.0,29.190992493744787
21216,2552.77,23.0,223.47,3.0,2329.3,91.24597985717476
21217,839.86,14.0,78.42,2.0,761.44,90.66272950253614
21218,15260.82,518.0,9295.52,533.0,5965.299999999999,39.088987354545814
21223,1560.12,88.0,1080.0,96.0,480.1199999999999,30.774555803399732
21226,47.88,12.0,63.36,24.0,-15.479999999999997,-32.33082706766916
21227,111.86,14.0,125.28,24.0,-13.420000000000002,-11.997139281244413
21228,31.98,2.0,143.88,12.0,-111.89999999999999,-349.906191369606
21229,84.37,13.0,103.92,24.0,-19.549999999999997,-23.171743510726557
21230,1956.78,122.0,1941.7600000000002,164.0,15.019999999999754,0.7675875673299888
21231,58038.62,11638.0,36855.28,11966.0,21183.340000000004,36.49869690216618
21232,31863.170000000002,2983.0,21078.079999999998,3184.0,10785.090000000004,33.84813877589708
21233,51093.56,4244.0,33244.95,4415.0,17848.61,34.93318923167617
21234,77.88,12.0,0.0,,77.88,100.0
21250,179.88,12.0,116.76,12.0,63.11999999999999,35.090060040026685
21251,21183.899999999998,1210.0,14778.919999999998,1261.0,6404.98,30.235131396957126
21252,1151.04,96.0,603.75,75.0,547.29,47.54743536280233
21254,46003.079999999994,2092.0,11609.640000000001,813.0,34393.439999999995,74.76334193275754
21259,1120.4099999999999,59.0,303.84000000000003,24.0,816.5699999999998,72.88135593220339
21260,649.5,50.0,421.44,48.0,228.06,35.11316397228638
21267,7419.36,464.0,692.9,65.0,6726.46,90.66091954022988
21268,417.62,38.0,0.0,,417.62,100.0
21270,11530.1,1190.0,6483.27,1097.0,5046.83,43.77091265470378
21271,16298.72,1128.0,10699.6,1163.0,5599.119999999999,34.35312711673063
21272,269.7,30.0,223.20000000000002,36.0,46.49999999999997,17.24137931034482
21273,708.37,63.0,257.04,36.0,451.33,63.71387834041532
21275,43.96,4.0,177.12,24.0,-133.16,-302.9117379435851
21276,1689.8700000000001,13.0,0.0,,1689.8700000000001,100.0
21277,29436.03,1497.0,2937.27,213.0,26498.76,90.02151445014833
21280,1532.79,21.0,47.09,1.0,1485.7,96.92782442474181
21281,24123.97,503.0,17565.35,545.0,6558.620000000003,27.187150373673997
21282,215.82,18.0,295.63,37.0,-79.81,-36.97989064961542
21284,2356.69,131.0,503.58,42.0,1853.1100000000001,78.63189473371551
21286,2067.56,44.0,1438.6499999999999,45.0,628.9100000000001,30.417980614831013
21287,6227.2,280.0,1820.74,118.0,4406.46,70.76149794450154
21288,279.92,8.0,0.0,,279.92,100.0
21293,139.8,20.0,222.24,48.0,-82.44,-58.969957081545054
21296,95.94,6.0,0.0,,95.94,100.0
21298,15.58,2.0,0.0,,15.58,100.0
21300,399.6,40.0,34.0,5.0,365.6,91.4914914914915
21301,25.98,2.0,0.0,,25.98,100.0
21307,838.43,57.0,744.48,72.0,93.94999999999993,11.205467361616348
21308,79159.54000000001,7046.0,63645.12,8624.0,15514.420000000006,19.598926421250052
21309,834.39,61.0,744.44,74.0,89.94999999999993,10.780330540874164
21311,16155.960000000001,404.0,7058.919999999999,263.0,9097.04,56.30764126675233
21313,1957.8,320.0,1105.44,282.0,852.3599999999999,43.536622739809985
21317,63850.36,4564.0,43085.939999999995,4618.0,20764.420000000006,32.52044311104903
21318,546.0799999999999,92.0,295.5,75.0,250.57999999999993,45.88704951655435
21319,46544.88,3712.0,32182.199999999997,3764.0,14362.68,30.85770121224934
21320,1329.79,121.0,368.68,52.0,961.1099999999999,72.27532166733093
21321,10827.22,1678.0,6670.7300000000005,1639.0,4156.489999999999,38.38926335661416
21323,2716.11,289.0,1884.96,306.0,831.1500000000001,30.600748865104876
21324,98.89,11.0,297.6,48.0,-198.71000000000004,-200.94043887147336
21325,1553.47,53.0,2121.54,114.0,-568.0699999999999,-36.56781270317418
21326,35574.689999999995,1331.0,24296.309999999998,1497.0,11278.379999999997,31.703382376627875
21328,152.84,16.0,139.2,24.0,13.640000000000015,8.924365349384987
21329,75564.45999999999,4766.0,51958.28,4939.0,23606.179999999993,31.23979182806308
21333,272.79,21.0,318.24,36.0,-45.44999999999999,-16.66116793137578
21334,135.9,10.0,207.84,24.0,-71.94,-52.93598233995584
21338,14652.67,733.0,9553.279999999999,736.0,5099.390000000001,34.801780153378196
21339,599.9399999999999,6.0,64.51,1.0,535.43,89.24725805913924
21340,399.96,4.0,66.66,1.0,333.29999999999995,83.33333333333333
21341,38580.37,2963.0,26787.149999999998,3133.0,11793.220000000005,30.567928716080235
21342,7787.13,487.0,2766.7599999999998,263.0,5020.370000000001,64.47009360316318
21343,0.0,,243.12,24.0,-243.12,0.0
21350,167.88,12.0,108.36,12.0,59.519999999999996,35.45389563974267
21352,8250.97,103.0,7840.380000000001,149.0,410.5899999999983,4.976263396909677
21353,21566.72,2628.0,12090.06,2634.0,9476.660000000002,43.94112781173957
21355,808.75,75.0,84.48,12.0,724.27,89.55425038639876
21357,14.99,1.0,0.0,,14.99,100.0
21359,254.85,15.0,271.92,24.0,-17.07000000000002,-6.698057680988826
21363,2398.7999999999997,120.0,322.08,24.0,2076.72,86.57328664332167
21364,6654.65,435.0,4921.84,476.0,1732.8099999999995,26.039085451526372
21366,2320.1,190.0,1450.4,185.0,869.6999999999998,37.485453213223565
21367,4978.34,166.0,3672.0,180.0,1306.3400000000001,26.240473732207924
21368,1749.5,50.0,1158.24,48.0,591.26,33.795941697627896
21369,16914.7,730.0,11143.800000000001,755.0,5770.9,34.1176609694526
21371,155.88,12.0,425.4,60.0,-269.52,-172.9022324865281
21374,3325.56,444.0,2400.84,468.0,924.7199999999998,27.806444628874534
21375,2703.89,361.0,2137.76,431.0,566.1299999999997,20.93761210700138
21376,491.67,33.0,394.4,40.0,97.27000000000004,19.783594687493654
21377,116.91,9.0,104.64,12.0,12.269999999999996,10.495252758532201
21379,158.89,11.0,364.68,36.0,-205.79000000000002,-129.51727610296433
21380,2631.1499999999996,135.0,1634.1,130.0,997.0499999999997,37.89407673450772
21381,9121.48,652.0,5995.92,664.0,3125.5599999999995,34.26593052881769
21382,6015.7,430.0,4140.48,456.0,1875.2200000000003,31.17209967252357
21383,1189.15,85.0,796.36,86.0,392.7900000000001,33.031156708573356
21384,3320.73,127.0,2140.0,125.0,1180.73,35.55633851592873
21385,1766.1,90.0,575.52,48.0,1190.58,67.41294377441821
21386,5625.32,268.0,934.26,69.0,4691.0599999999995,83.39187815093186
21389,437.88,12.0,0.0,,437.88,100.0
21392,287.76,24.0,198.48,24.0,89.28,31.02585487906589
21394,0.0,,288.12,12.0,-288.12,0.0
21397,0.0,,183.66,6.0,-183.66,0.0
21401,25.99,1.0,0.0,,25.99,100.0
21406,203.88,12.0,133.2,12.0,70.68,34.66745144202473
21407,2056.53,147.0,987.1200000000001,108.0,1069.41,52.00070020860381
21408,2500.6099999999997,139.0,815.3199999999999,68.0,1685.2899999999997,67.39515558203799
21409,10018.33,167.0,7345.8,180.0,2672.5299999999997,26.67640215485016
21410,10273.59,541.0,6759.599999999999,516.0,3513.9900000000007,34.204109761047505
21411,2654.34,166.0,2219.72,211.0,434.62000000000035,16.373938530858908
21412,4394.5,550.0,703.57,133.0,3690.93,83.9897599271817
21413,449.7,30.0,144.76,14.0,304.94,67.80965087836336
21416,1006.3199999999999,168.0,729.0,180.0,277.31999999999994,27.557834486048172
21418,269.84999999999997,15.0,201.28000000000003,17.0,68.56999999999994,25.41041319251434
21419,3643.4399999999996,456.0,2559.96,468.0,1083.4799999999996,29.737830182464915
21420,3164.04,396.0,2315.52,432.0,848.52,26.81761292524747
21422,20956.36,1164.0,22333.98,1483.0,-1377.619999999999,-6.573756129404147
21424,733.4,60.0,162.0,20.0,571.4,77.91109899100081
21425,53.98,2.0,0.0,,53.98,100.0
21426,1383.4199999999998,58.0,367.14,29.0,1016.2799999999999,73.46142169406254
21427,923.16,84.0,408.0,60.0,515.16,55.803977642012214
21428,5506.91,409.0,5046.3,534.0,460.6099999999997,8.364218772415015
21429,2232.71,29.0,0.0,,2232.71,100.0
21430,167.96,4.0,0.0,,167.96,100.0
21431,4231.54,46.0,1382.76,23.0,2848.7799999999997,67.3225350581585
21432,233.94,6.0,303.84,12.0,-69.89999999999998,-29.879456270838666
21434,844.8699999999999,13.0,0.0,,844.8699999999999,100.0
21435,835.78,22.0,198.64,8.0,637.14,76.23297997080572
21438,4179.62,38.0,1213.76,16.0,2965.8599999999997,70.96003942942181
21439,515.88,12.0,0.0,,515.88,100.0
21440,2609.97,3.0,1751.67,3.0,858.2999999999997,32.88543546477545
21441,728.7299999999999,27.0,0.0,,728.7299999999999,100.0
21442,6767.79,521.0,4797.64,554.0,1970.1499999999996,29.110684580934098
21443,947.94,6.0,615.54,6.0,332.4000000000001,35.06551047534655
21444,2379.9300000000003,7.0,1630.0900000000001,7.0,749.8400000000001,31.50680902379482
21445,2665.69,31.0,55.48,1.0,2610.21,97.91873773769643
21446,424.83,17.0,136.0,8.0,288.83,67.98719487795118
21447,3254.6499999999996,35.0,179.97,3.0,3074.68,94.47037315840413
21448,42.99,1.0,0.0,,42.99,100.0
21449,1079.8,20.0,217.38,6.0,862.42,79.86849416558623
21450,719.85,3.0,479.91,3.0,239.94,33.331944155032296
21452,1007.84,16.0,0.0,,1007.84,100.0
21453,3233.79,21.0,1805.4,17.0,1428.3899999999999,44.17077175697865
21454,299.94,6.0,0.0,,299.94,100.0
21455,1639.92,8.0,674.3,5.0,965.6200000000001,58.88214059222402
21457,494.89,11.0,0.0,,494.89,100.0
21458,1563.77,23.0,410.67,9.0,1153.1,73.73846537534293
21459,3977.7400000000002,26.0,2113.65,21.0,1864.0900000000001,46.86304283336769
21460,191.94,6.0,0.0,,191.94,100.0
21461,2319.6,40.0,359.91,9.0,1959.6899999999998,84.48396275219865
21463,3919.7200000000003,28.0,1047.53,11.0,2872.1900000000005,73.27538701744002
21464,863.76,24.0,0.0,,863.76,100.0
21465,2279.97,3.0,1551.0,3.0,728.9699999999998,31.972789115646254
21466,3149.9300000000003,7.0,2086.0699999999997,7.0,1063.8600000000006,33.774083868530425
21467,4402.63,37.0,2297.6800000000003,28.0,2104.95,47.811194672275434
21468,2369.7,30.0,708.24,13.0,1661.4599999999998,70.11267249018863
21469,95233.54000000001,2946.0,53802.0,2745.0,41431.54000000001,43.50519785361334
21470,2929.9,10.0,1915.0,10.0,1014.9000000000001,34.639407488310184
21471,1080.77,23.0,181.92,6.0,898.85,83.16755646437262
21472,1623.8600000000001,14.0,239.97,3.0,1383.89,85.22224822336901
21473,235.96,4.0,77.62,2.0,158.34,67.10459399898288
21474,363.96000000000004,4.0,0.0,,363.96000000000004,100.0
21475,1359.83,17.0,220.68,4.0,1139.1499999999999,83.77150084937087
21476,2099.9300000000003,7.0,1390.69,7.0,709.2400000000002,33.7744591486383
21477,1689.8700000000001,13.0,890.3,10.0,799.5700000000002,47.31547397137059
21478,1151.84,16.0,0.0,,1151.84,100.0
21480,155.98,2.0,0.0,,155.98,100.0
21481,399.92,8.0,170.05,5.0,229.87,57.478995799159826
21482,2824.75,25.0,0.0,,2824.75,100.0
21483,741.86,14.0,108.87,3.0,632.99,85.32472434151997
21485,1079.7,30.0,162.54,7.0,917.1600000000001,84.94581828285635
21486,206.91,9.0,761.28,48.0,-554.37,-267.9280846744962
21487,92.94,6.0,505.92,48.0,-412.98,-444.3511943189154
21488,911.48,52.0,1114.56,96.0,-203.07999999999993,-22.280247509544907
21489,803.5699999999999,43.0,687.96,54.0,115.6099999999999,14.387047799196075
21491,269.82,18.0,367.20000000000005,36.0,-97.38000000000005,-36.09072715143431
21499,167.76,24.0,110.4,24.0,57.359999999999985,34.19170243204577
21502,1743.0399999999997,96.0,271.92,24.0,1471.1199999999997,84.39966954286763
21503,1282.4399999999998,56.0,40.26,3.0,1242.1799999999998,96.8606718442968
21504,719.28,72.0,571.1999999999999,84.0,148.08000000000004,20.58725392058726
21505,23891.88,3412.0,32011.23,3431.0,-8119.3499999999985,-33.9837216661058
21510,16064.55,1445.0,10314.92,1379.0,5749.629999999999,35.79079401539414
21517,3645.7200000000003,468.0,2403.5,475.0,1242.2200000000003,34.073379195330425
21519,1049.79,21.0,32.89,1.0,1016.9,96.86699244610827
21520,574.77,23.0,193.44,12.0,381.33,66.34479878908085
21523,1287.77,23.0,6801.98,181.0,-5514.209999999999,-428.1983584025097
21526,16160.75,1625.0,11128.86,1671.0,5031.889999999999,31.1364880961589
21528,5894.719999999999,328.0,4947.88,431.0,946.8399999999992,16.0625101786005
21529,2039.43,157.0,244.76,29.0,1794.67,87.99860745404354
21533,2441.74,326.0,1810.89,353.0,630.8499999999997,25.83608410395864
21534,26608.49,2551.0,18428.22,2767.0,8180.27,30.743082377090918
21536,29.97,3.0,156.72,24.0,-126.75,-422.92292292292296
21537,15.99,1.0,126.24,12.0,-110.25,-689.4934333958724
21538,566.64,36.0,571.2,60.0,-4.560000000000059,-0.8047437526471938
21552,30749.929999999997,1507.0,18653.4,1446.0,12096.529999999995,39.338398493915264
21561,6182.25,275.0,4888.94,329.0,1293.3100000000004,20.91972987181043
21562,2099.2999999999997,70.0,1644.75,85.0,454.5499999999997,21.652455580431564
21564,291.31,19.0,374.4,36.0,-83.08999999999997,-28.52287940681747
21573,18911.62,2538.0,12518.8,2630.0,6392.82,33.80366145258841
21576,45165.77,2323.0,29203.319999999996,2452.0,15962.45,35.34191933404435
21581,7278.61,239.0,5034.63,257.0,2243.9799999999996,30.829787555590965
21583,5843.73,227.0,4040.2799999999997,261.0,1803.4499999999998,30.861282092088445
21584,86.97,3.0,362.33000000000004,19.0,-275.36,-316.6149246866736
21586,610.87,13.0,216.37,7.0,394.5,64.58002520994647
21587,311.96,4.0,215.16,4.0,96.79999999999998,31.0296191819464
21590,0.0,,45.71,7.0,-45.71,0.0
21592,1090.99,101.0,636.5,95.0,454.49,41.658493661720094
21593,159.8,20.0,66.12,12.0,93.68,58.623279098873596
21595,1394.0,200.0,722.16,204.0,671.84,48.19512195121952
21596,43930.15,1985.0,13089.44,899.0,30840.71,70.2039715320799
21601,362.25,25.0,297.6,30.0,64.64999999999998,17.846790890269144
21609,156988.39,10977.0,111377.08,11626.0,45611.31000000001,29.05393831989742
21614,1067.11,89.0,824.16,101.0,242.94999999999993,22.767099924094044
21615,3809.55,545.0,2840.47,593.0,969.0800000000004,25.43817511254611
21616,461.68,232.0,294.75,225.0,166.93,36.15707849592792
21617,2656.2,380.0,172.44,36.0,2483.7599999999998,93.50801897447482
21619,530.48,152.0,414.0,180.0,116.48000000000002,21.957472477755996
21622,1640.4,160.0,957.0,165.0,683.4000000000001,41.66057059253841
21625,319.8,20.0,255.84,24.0,63.96000000000001,20.0
21627,23147.05,1495.0,16534.7,1610.0,6612.3499999999985,28.566707204589783
21628,608.57,43.0,446.88,57.0,161.69000000000005,26.56884171089604
21631,238.86999999999998,13.0,808.2900000000001,63.0,-569.4200000000001,-238.38070917235322
21632,5097.83,517.0,4974.12,674.0,123.71000000000004,2.4267188195761733
21633,395.64,36.0,340.32,48.0,55.31999999999999,13.982408249924172
21634,1079.76,24.0,729.6,24.0,350.15999999999997,32.4294287619471
21635,902.79,21.0,674.4,24.0,228.39,25.298242116106735
21643,588.6899999999999,31.0,196.0,16.0,392.68999999999994,66.70573646571201
21645,1652.4299999999998,57.0,489.32,26.0,1163.11,70.38785304067343
21646,439.89000000000004,11.0,0.0,,439.89000000000004,100.0
21653,135.92,8.0,275.52,24.0,-139.6,-102.70747498528547
21654,223.86,14.0,126.24,12.0,97.62000000000002,43.607611900294835
21670,149.94,6.0,0.0,,149.94,100.0
21672,14391.999999999998,800.0,9324.59,823.0,5067.409999999998,35.20990828237909
21673,687.37,63.0,258.0,40.0,429.37,62.465629864556206
21674,971.64,36.0,0.0,,971.64,100.0
21684,8082.38,662.0,7682.5,875.0,399.8800000000001,4.947552577334895
21685,9603.24,676.0,3155.04,336.0,6448.2,67.14608819523411
21686,297.79,21.0,108.96,12.0,188.83000000000004,63.410457033479986
21690,2037.6,240.0,216.45,39.0,1821.1499999999999,89.37720848056537
21691,44.94,6.0,5.17,1.0,39.769999999999996,88.49577214063194
21693,12911.310000000001,369.0,1784.0900000000001,77.0,11127.220000000001,86.18195984760648
21696,298.77,23.0,554.24,64.0,-255.47000000000003,-85.50724637681161
21698,487.39,61.0,375.84000000000003,72.0,111.54999999999995,22.8872155768481
21699,953.32,268.0,150.57,63.0,802.75,84.20572315696722
21700,3880.38,562.0,2413.8,596.0,1466.58,37.79475206036522
21709,109.98,2.0,0.0,,109.98,100.0
21710,413.90999999999997,9.0,158.6,5.0,255.30999999999997,61.68249136285666
21711,2324.07,93.0,649.74,39.0,1674.3300000000002,72.04301075268818
21712,799.84,16.0,275.84,8.0,524.0,65.5131026205241
21713,14.99,1.0,0.0,,14.99,100.0
21716,189.76,24.0,108.24,24.0,81.52,42.95952782462057
21728,89.97,3.0,0.0,,89.97,100.0
21729,10760.58,842.0,7319.52,897.0,3441.0599999999995,31.97838778207122
21730,6668.85,115.0,1036.8,27.0,5632.05,84.4530916124969
21731,5983.12,88.0,1516.02,33.0,4467.1,74.66171495808209
21732,1159.71,29.0,129.85,5.0,1029.8600000000001,88.80323529158153
21733,2117.37,163.0,860.4399999999999,98.0,1256.9299999999998,59.36279441004642
21734,5257.37,263.0,3655.23,267.0,1602.1399999999999,30.474172447440452
21735,41673.63,1637.0,44742.88,2548.0,-3069.25,-7.364969166352919
21737,3509.87,13.0,1087.1999999999998,9.0,2422.67,69.0244937846701
21743,107.88,12.0,70.56,12.0,37.31999999999999,34.59399332591768
21750,12917.07,1293.0,8529.48,1247.0,4387.59,33.967378050904735
21752,31461.78,2422.0,18843.879999999997,2486.0,12617.900000000001,40.1054867207132
21753,327.59000000000003,41.0,0.0,,327.59000000000003,100.0
21754,199.8,20.0,0.0,,199.8,100.0
21757,181.87,13.0,347.4,36.0,-165.52999999999997,-91.01556056523889
21761,373.78,22.0,397.08000000000004,36.0,-23.300000000000068,-6.233613355449749
21767,619.6899999999999,31.0,644.16,48.0,-24.470000000000027,-3.948748567832308
21769,352.44,36.0,609.96,102.0,-257.52000000000004,-73.06775621382364
21771,2274.35,65.0,1690.56,72.0,583.79,25.66843273902434
21772,31.740000000000002,6.0,0.0,,31.740000000000002,100.0
21775,472.57,43.0,595.9399999999999,83.0,-123.36999999999995,-26.106185327041487
21776,32.97,3.0,0.0,,32.97,100.0
21777,257.84000000000003,16.0,262.8,24.0,-4.9599999999999795,-1.9236735960285367
21781,0.0,,45.5,7.0,-45.5,0.0
21783,5126.2,380.0,3549.6000000000004,408.0,1576.5999999999995,30.75572548866606
21784,15432.12,1188.0,10080.24,1164.0,5351.880000000001,34.680134680134685
21785,227.92,8.0,470.16,24.0,-242.24000000000004,-106.28290628290631
21787,71.92,8.0,70.08,12.0,1.8400000000000034,2.558398220244721
21788,35.96,4.0,82.68,12.0,-46.720000000000006,-129.92213570634038
21789,6666.66,334.0,4996.85,365.0,1669.8099999999995,25.047175047175042
21791,55544.4,5560.0,38133.0,5575.0,17411.4,31.34681444033962
21795,9536.89,1991.0,6557.76,2024.0,2979.129999999999,31.237961222159417
21798,44.97,3.0,0.0,,44.97,100.0
21799,19199.88,12.0,11034.400000000001,10.0,8165.48,42.52880747171336
21812,255.15,35.0,168.0,35.0,87.15,34.15637860082305
21813,17660.73,3687.0,11901.89,3731.0,5758.84,32.608165121147316
21814,3294.97,103.0,1779.96,84.0,1515.0099999999998,45.97947781011663
21822,215.88,12.0,0.0,,215.88,100.0
21824,27888.84,1116.0,20555.13,1217.0,7333.709999999999,26.29621741169586
21830,1139.77,23.0,387.0,12.0,752.77,66.04578116637568
21831,1835.49,51.0,603.72,26.0,1231.77,67.10851053397185
21832,4461.21,279.0,3406.7000000000003,326.0,1054.5099999999998,23.637309160519226
21833,337.74,26.0,219.5,25.0,118.24000000000001,35.0091786581394
21834,55900.79,3521.0,39039.72,3711.0,16861.07,30.162489653545144
21836,14156.89,611.0,9994.95,665.0,4161.939999999999,29.398688553771336
21837,1148.3899999999999,61.0,533.65,65.0,614.7399999999999,53.53059500692273
21841,179.88,12.0,72.36,12.0,107.52,59.77318212141427
21849,12815.33,767.0,8661.08,739.0,4154.25,32.41625459508261
21850,12.530000000000001,7.0,0.0,,12.530000000000001,100.0
21853,683.9,10.0,0.0,,683.9,100.0
21854,1083.86,14.0,287.63,7.0,796.2299999999999,73.46243979849795
21856,0.0,,50.16,12.0,-50.16,0.0
21857,914.7900000000001,21.0,689.5,25.0,225.29000000000008,24.627510138938998
21858,1115.74,26.0,623.28,24.0,492.46000000000004,44.1375230788535
21859,43892.81,3319.0,28950.899999999998,3410.0,14941.91,34.04181687160152
21860,652.67,33.0,657.6,60.0,-4.930000000000064,-0.7553587571054383
21861,6982.32,668.0,3548.3199999999997,536.0,3434.0,49.181360923016996
21864,65147.869999999995,2513.0,38851.729999999996,2551.0,26296.14,40.363775515607806
21883,19474.14,2786.0,12815.6,2786.0,6658.539999999999,34.19170243204578
21884,174.5,50.0,113.28,48.0,61.22,35.08309455587392
21924,560.35,65.0,264.59999999999997,84.0,295.75000000000006,52.779512804497195
21951,51363.72,4028.0,33708.52,4076.0,17655.200000000004,34.372899782180895
21957,18621.61,2539.0,12715.16,2638.0,5906.450000000001,31.71825636988424
21958,219.89,11.0,479.88,36.0,-259.99,-118.2363909227341
21959,4192.01,659.0,2771.12,737.0,1420.8900000000003,33.8951958606969
21960,1456.43,217.0,952.74,237.0,503.69000000000005,34.58387976078494
21965,34616.21,4076.0,21470.82,4578.0,13145.39,37.97466562630628
21975,727.4399999999999,56.0,509.4,60.0,218.03999999999996,29.973606070603758
21977,2441.6299999999997,37.0,678.0,15.0,1763.6299999999997,72.2316649123741
21978,269.7,30.0,0.0,,269.7,100.0
21979,3890.7099999999996,229.0,907.9200000000001,78.0,2982.7899999999995,76.66441343610806
21980,989.8499999999999,15.0,89.18,2.0,900.6699999999998,90.99055412436226
21981,7878.03,197.0,5219.969999999999,201.0,2658.0600000000004,33.74016092855702
21982,2161.06,94.0,0.0,,2161.06,100.0
21983,5343.03,297.0,864.3199999999999,74.0,4478.71,83.82341106076515
21985,196130.54,17874.0,119410.8,18120.0,76719.74,39.116671987952515
21992,2160.89,311.0,836.3399999999999,159.0,1324.55,61.296502829852514
21997,258.63,37.0,402.24,48.0,-143.61,-55.527201020763265
22000,5055.4,460.0,3371.7999999999997,460.0,1683.6,33.30300272975432
22001,19.98,2.0,0.0,,19.98,100.0
22004,477.59999999999997,80.0,132.94,34.0,344.65999999999997,72.16499162479062
22006,55.92,8.0,0.0,,55.92,100.0
22007,9370.14,586.0,6814.799999999999,631.0,2555.34,27.27109733685943
22008,5118.06,394.0,3740.2799999999997,426.0,1377.7800000000007,26.919965768279397
22010,4351.16,484.0,3516.1299999999997,587.0,835.0300000000002,19.190974360860096
22011,197.78,22.0,178.5,30.0,19.28,9.748205076347457
22012,944.73,27.0,285.6,12.0,659.13,69.76914038931758
22014,21830.32,1368.0,11707.47,1179.0,10122.85,46.37059832379919
22016,2946.86,434.0,1500.72,338.0,1446.14,49.07392953855969
22017,190.24,16.0,279.36,24.0,-89.12,-46.846089150546675
22019,167619.57,9803.0,91695.52,9424.0,75924.05,45.295456849101804
22022,3908.88,112.0,1555.6100000000001,71.0,2353.27,60.203178404044124
22027,31019.36,4485.0,20721.539999999997,4326.0,10297.820000000003,33.19804148119111
22028,4399.12,88.0,1224.3600000000001,36.0,3174.7599999999998,72.16806997763189
22030,18375.96,1204.0,15726.56,1732.0,2649.3999999999996,14.417750147475287
22032,509.49,51.0,156.72,24.0,352.77,69.23982806335746
22038,1202.48,52.0,1401.8700000000001,83.0,-199.3900000000001,-16.581564766149963
22039,28492.39,1761.0,24090.8,2290.0,4401.59,15.448300405827661
22043,678.41,179.0,457.2,180.0,221.20999999999998,32.60712548458896
22045,23.98,2.0,95.28,12.0,-71.3,-297.33110925771473
22046,143.88,12.0,95.88,12.0,48.0,33.36113427856547
22047,11029.35,1065.0,6924.83,1067.0,4104.52,37.214523067995856
22048,1924.65,35.0,1329.78,37.0,594.8700000000001,30.907957290936018
22049,109.98,2.0,0.0,,109.98,100.0
22050,439.92,8.0,1365.1200000000001,36.0,-925.2,-210.31096563011457
22052,1949.94,6.0,1937.07,9.0,12.870000000000118,0.6600203083171851
22053,974.97,3.0,645.69,3.0,329.28,33.77334687221145
22054,4549.860000000001,14.0,2954.42,14.0,1595.4400000000005,35.065694329056285
22055,1151.3999999999999,60.0,1172.61,101.0,-21.210000000000036,-1.842105263157898
22057,1349.5,50.0,278.56,16.0,1070.94,79.35828084475732
22058,959.9,10.0,0.0,,959.9,100.0
22065,2616.81,119.0,2124.32,142.0,492.4899999999998,18.820242967582658
22067,967.56,44.0,873.6,60.0,93.95999999999992,9.711025672826484
22073,2529.8900000000003,11.0,156.46,1.0,2373.4300000000003,93.81554138717493
22075,929.6899999999999,31.0,20.4,1.0,909.29,97.80572018629866
22077,7148.72,728.0,3678.42,606.0,3470.3,48.54435479358543
22079,78070.79000000001,8665.0,44523.0,9700.0,33547.79000000001,42.97098825309697
22080,19.98,2.0,264.48,48.0,-244.50000000000003,-1223.7237237237239
22081,0.0,,138.72,24.0,-138.72,0.0
22086,1804.71,129.0,1427.49,153.0,377.22,20.90197317020463
22087,14328.6,940.0,11542.23,837.0,2786.370000000001,19.44621247016457
22091,158.22,18.0,107.64,18.0,50.58,31.968145620022753
22092,558.5699999999999,43.0,486.0,60.0,72.56999999999994,12.992104839142801
22093,0.0,,402.48,24.0,-402.48,0.0
22094,0.0,,273.0,12.0,-273.0,0.0
22097,179.88,12.0,18.66,2.0,161.22,89.62641761174116
22098,188.92,8.0,178.31,11.0,10.609999999999985,5.61613381325428
22099,247.8,20.0,0.0,,247.8,100.0
22101,82.9,10.0,0.0,,82.9,100.0
22103,0.0,,116.76,12.0,-116.76,0.0
22105,799.8000000000001,20.0,159.96,6.0,639.84,80.0
22107,5045.13,87.0,1079.73,27.0,3965.4,78.59856931337745
22108,937.33,67.0,54.48,6.0,882.85,94.18774604461609
22119,464.07,93.0,272.16,84.0,191.90999999999997,41.353675092119715
22120,29.94,6.0,77.76,24.0,-47.82000000000001,-159.71943887775552
22138,63.92,8.0,128.64,24.0,-64.71999999999998,-101.25156445556944
22143,262676.49,15511.0,158904.6,15105.0,103771.88999999998,39.505587272008995
22149,29.16,4.0,119.76,24.0,-90.60000000000001,-310.69958847736626
22161,9.99,1.0,3.35,1.0,6.640000000000001,66.46646646646647
22167,119.88,12.0,79.92,12.0,39.959999999999994,33.33333333333333
22168,2527.7000000000003,230.0,586.9699999999999,79.0,1940.7300000000005,76.77849428334059
22169,399.84,16.0,559.08,36.0,-159.24000000000007,-39.825930372148875
22170,15273.65,735.0,9541.1,730.0,5732.549999999999,37.53228599581632
22171,1799.6000000000001,40.0,2606.52,84.0,-806.9199999999998,-44.838853078461874
22173,767.84,16.0,504.05,17.0,263.79,34.35481350281309
22174,1821.1,90.0,1793.39,131.0,27.70999999999981,1.5216078194497726
22178,189.99,1.0,124.99,1.0,65.00000000000001,34.21232696457709
22183,359.64,36.0,248.04000000000002,36.0,111.59999999999997,31.03103103103102
22188,142.39,11.0,0.0,,142.39,100.0
22192,21919.22,1878.0,14105.730000000001,1951.0,7813.49,35.646752028584956
22194,45344.7,3930.0,29493.640000000003,3943.0,15851.059999999994,34.95680862372007
22195,107.88,12.0,63.96,12.0,43.919999999999995,40.711902113459395
22197,77.94,6.0,0.0,,77.94,100.0
22201,491.63,37.0,295.56,36.0,196.07,39.88161829017757
22206,142.89000000000001,11.0,107.52,12.0,35.37000000000002,24.753306739449936
22207,367.77,23.0,386.28,36.0,-18.50999999999999,-5.0330369524431005
22208,63.96,4.0,0.0,,63.96,100.0
22209,953.4699999999999,53.0,846.72,72.0,106.74999999999989,11.195947434109085
22220,199.29000000000002,21.0,151.92,24.0,47.37000000000003,23.769381303627892
22222,12664.99,1001.0,7301.84,1003.0,5363.15,42.34626320273446
22223,41.97,3.0,219.36,24.0,-177.39000000000001,-422.6590421729807
22225,279.8,20.0,16.1,2.0,263.7,94.24588992137241
22226,71.96,4.0,9.99,1.0,61.96999999999999,86.11728738187881
22227,3137.7400000000002,226.0,661.98,102.0,2475.76,78.90264967779356
22228,3197.22,78.0,1004.55,37.0,2192.67,68.58051682399085
22230,8026.98,502.0,1272.32,142.0,6754.66,84.14945595977565
22234,1090.44,156.0,747.24,156.0,343.20000000000005,31.47353361945637
22238,69.95,5.0,111.96,12.0,-42.00999999999999,-60.057183702644735
22247,54.53,7.0,0.0,,54.53,100.0
22262,215.88,12.0,0.0,,215.88,100.0
22263,949.8100000000001,19.0,389.52,12.0,560.2900000000001,58.98969267537718
22264,11397.720000000001,228.0,6754.44,204.0,4643.280000000002,40.738674050599606
22270,12492.93,307.0,8187.06,303.0,4305.87,34.466454226510514
22274,15367.38,1372.0,19943.4,1546.0,-4576.020000000002,-29.77748972173528
22275,39727.02,1698.0,25545.23,1711.0,14181.789999999997,35.698096660660674
22276,119.92,8.0,591.5999999999999,60.0,-471.6799999999999,-393.3288859239492
22279,733.37,113.0,574.05,129.0,159.32000000000005,21.724368327038203
22282,101.88,12.0,134.16,24.0,-32.28,-31.68433451118964
22289,32850.41,2459.0,22656.92,2563.0,10193.490000000005,31.030023673981553
22291,14348.199999999999,780.0,8014.200000000001,703.0,6333.999999999998,44.14491016294726
22292,299.84999999999997,15.0,635.52,48.0,-335.67,-111.94597298649327
22294,7921.83,317.0,6892.0,400.0,1029.83,12.999900275567638
22297,20629.35,2065.0,14181.75,2101.0,6447.5999999999985,31.254499051109214
22298,10579.03,847.0,7455.5,925.0,3123.5300000000007,29.525674849206407
22318,12277.19,281.0,10581.68,379.0,1695.5100000000002,13.81024485244588
22323,224.91,9.0,0.0,,224.91,100.0
22324,259.87,13.0,236.76,12.0,23.110000000000014,8.892907992457772
22326,13218.5,650.0,11554.619999999999,861.0,1663.880000000001,12.587509929265808
22327,1388.01,99.0,1468.17,99.0,-80.16000000000008,-5.775174530442871
22336,11621.91,209.0,6403.860000000001,177.0,5218.049999999999,44.89838589354073
22337,3772.98,102.0,1233.0,50.0,2539.98,67.3202614379085
22338,4574.24,176.0,1436.4,84.0,3137.8399999999997,68.59806219175208
22339,9950.78,622.0,6147.16,677.0,3803.620000000001,38.2243402024766
22340,1727.26,174.0,628.32,88.0,1098.94,63.6233109086067
22344,28191.19,1781.0,19700.28,1972.0,8490.91,30.11901945253109
22345,5297.88,212.0,3588.86,242.0,1709.02,32.25856380287964
22347,481.6,40.0,913.9200000000001,84.0,-432.32000000000005,-89.76744186046513
22349,31.950000000000003,5.0,115.68,24.0,-83.73,-262.0657276995305
22352,1154.67,33.0,204.48,9.0,950.19,82.29104419444516
22353,11074.62,238.0,6681.6900000000005,219.0,4392.93,39.66664318956316
22355,415.74,26.0,247.68,24.0,168.06,40.424303651320535
22356,31.98,2.0,0.0,,31.98,100.0
22357,43.98,2.0,0.0,,43.98,100.0
22358,287.82,18.0,264.72,24.0,23.099999999999966,8.025849489264111
22359,69.95,5.0,0.0,,69.95,100.0
22360,49.98,2.0,0.0,,49.98,100.0
22361,1047.9,210.0,155.52,48.0,892.3800000000001,85.1588892069854
22362,26823.15,2685.0,17931.0,2780.0,8892.150000000001,33.151028123095166
22363,558.04,96.0,427.2,120.0,130.83999999999997,23.44634793204788
22364,240.57999999999998,42.0,192.24,54.0,48.339999999999975,20.09310832155623
22367,764.49,51.0,595.8,60.0,168.69000000000005,22.065690852725353
22384,50.97,3.0,138.72,12.0,-87.75,-172.16009417304298
22385,186.89,11.0,266.4,24.0,-79.50999999999999,-42.5437423083097
22387,48189.54,4830.0,35754.619999999995,5401.0,12434.920000000006,25.80418904185432
22388,119.88,12.0,0.0,,119.88,100.0
22389,11287.380000000001,2262.0,8334.01,2473.0,2953.370000000001,26.16523940896825
22390,35.97,3.0,189.36,24.0,-153.39000000000001,-426.4386989157632
22392,76.93,7.0,186.96,24.0,-110.03,-143.02612764851162
22395,539.9399999999999,6.0,4319.28,72.0,-3779.3399999999997,-699.9555506167352
22396,269.96999999999997,3.0,348.36,6.0,-78.39000000000004,-29.036559617735325
22397,1849.03,97.0,1103.0,100.0,746.03,40.34710091237027
22398,3134.37,63.0,612.1800000000001,18.0,2522.1899999999996,80.46880234305458
22399,917.5699999999999,43.0,789.0,60.0,128.56999999999994,14.012009982889584
22402,434.84999999999997,15.0,309.28,16.0,125.57,28.876624123260896
22404,269.84999999999997,15.0,217.26,18.0,52.589999999999975,19.488604780433565
22406,223.72,68.0,175.48,82.0,48.24000000000001,21.56266762023959
22407,157.92,48.0,164.25,73.0,-6.3300000000000125,-4.00835866261399
22408,246.75,75.0,203.67000000000002,93.0,43.079999999999984,17.458966565349538
22412,45.48,12.0,29.52,12.0,15.959999999999997,35.092348284960416
22413,595.03,157.0,59.76,24.0,535.27,89.95680890039158
22416,16461.83,1017.0,10324.6,988.0,6137.230000000001,37.28157805055696
22417,18610.71,1269.0,20230.8,1380.0,-1620.0900000000001,-8.705148809475835
22418,1049.25,75.0,1034.6399999999999,108.0,14.610000000000127,1.3924231593995833
22419,130.47,3.0,88.77,3.0,41.7,31.961370429983905
22420,1674.33,67.0,1347.0900000000001,83.0,327.2399999999998,19.544534231603077
22421,16897.2,1380.0,17030.16,1953.0,-132.95999999999913,-0.7868759321070895
22422,1622.84,116.0,0.0,,1622.84,100.0
22426,269.96999999999997,3.0,0.0,,269.96999999999997,100.0
22429,279.96,4.0,0.0,,279.96,100.0
22431,134.95,5.0,0.0,,134.95,100.0
22432,429.98,2.0,0.0,,429.98,100.0
22433,1671.78,22.0,1499.7,30.0,172.07999999999993,10.293220399813368
22435,405.93,7.0,0.0,,405.93,100.0
22438,1399.72,28.0,34.24,1.0,1365.48,97.55379647358043
22439,949.4999999999999,50.0,159.25,13.0,790.2499999999999,83.22801474460242
22440,1077.51,49.0,178.32,12.0,899.19,83.45073363588273
22441,28091.26,1874.0,20864.44,2074.0,7226.82,25.72622231968235
22447,30133.89,4311.0,9893.12,2096.0,20240.769999999997,67.1694560509778
22448,12500.17,683.0,14843.39,1061.0,-2343.2199999999993,-18.745505061131162
22449,387.63,37.0,319.68,48.0,67.94999999999999,17.529602971906197
22450,427.59000000000003,41.0,281.40000000000003,42.0,146.19,34.18929348207394
22451,269.74,26.0,213.12,32.0,56.620000000000005,20.99058352487581
22454,79.92,8.0,0.0,,79.92,100.0
22456,1898.1,90.0,1008.13,73.0,889.9699999999999,46.88741372951899
22457,474.80999999999995,19.0,533.88,36.0,-59.07000000000005,-12.440765779996221
22458,0.0,,82.86,6.0,-82.86,0.0
22459,9.99,1.0,100.56,12.0,-90.57000000000001,-906.6066066066068
22460,97.93,7.0,229.92,24.0,-131.98999999999998,-134.77994485857243
22470,233.82,18.0,167.95999999999998,19.0,65.86000000000001,28.16696604225473
22471,271.84,16.0,275.52,24.0,-3.680000000000007,-1.3537374926427337
22472,229.89999999999998,10.0,195.39000000000001,13.0,34.50999999999996,15.010874293170929
22473,779.94,6.0,430.45,5.0,349.49000000000007,44.809857168500145
22474,181.86,14.0,183.12,21.0,-1.259999999999991,-0.6928406466512651
22475,1918.4,160.0,509.02,62.0,1409.38,73.4664303586322
22477,747.0600000000001,94.0,543.3599999999999,64.0,203.70000000000016,27.26688619388003
22478,167.88,12.0,114.96,12.0,52.92,31.52251608291637
22481,489.51000000000005,49.0,0.0,,489.51000000000005,100.0
22490,95.94,6.0,254.16,24.0,-158.22,-164.91557223264542
22500,239.88,12.0,273.8,20.0,-33.920000000000016,-14.14040353510089
22504,103.86999999999999,13.0,186.84,36.0,-82.97000000000001,-79.87869452199867
22508,12685.77,423.0,10360.68,501.0,2325.09,18.328331666110927
22509,21426.09,1191.0,1569.1,130.0,19856.99,92.67668529349032
22515,41898.12,3188.0,29281.3,3335.0,12616.820000000003,30.113093379846166
22516,494.45,55.0,499.80000000000007,84.0,-5.35000000000008,-1.0820103144908646
22517,2750.94,306.0,1796.64,304.0,954.3,34.689960522585004
22518,227.88,12.0,0.0,,227.88,100.0
22524,7470.5,250.0,5006.12,266.0,2464.38,32.988153403386654
22528,279.98,2.0,0.0,,279.98,100.0
22531,19073.77,2123.0,9474.08,1538.0,9599.69,50.32927418124472
22533,349.90000000000003,10.0,23.02,1.0,326.88000000000005,93.42097742212061
22534,209.94,6.0,45.44,2.0,164.5,78.35572068209964
22535,155.96,4.0,0.0,,155.96,100.0
22537,56.99,1.0,0.0,,56.99,100.0
22538,179.98,2.0,0.0,,179.98,100.0
22539,179.96,4.0,88.8,3.0,91.16000000000001,50.65570126694821
22540,42.99,1.0,0.0,,42.99,100.0
22542,257.94,6.0,0.0,,257.94,100.0
22543,139.96,4.0,23.48,1.0,116.48,83.22377822234924
22544,104.97,3.0,0.0,,104.97,100.0
22547,104.97,3.0,67.71,3.0,37.260000000000005,35.49585595884539
22548,59.98,2.0,0.0,,59.98,100.0
22549,489.86,14.0,116.64999999999999,5.0,373.21000000000004,76.18707385783694
22551,104.97,3.0,0.0,,104.97,100.0
22552,69.98,2.0,0.0,,69.98,100.0
22553,34.99,1.0,0.0,,34.99,100.0
22554,104.97,3.0,23.64,1.0,81.33,77.47927979422691
22555,59.98,2.0,0.0,,59.98,100.0
22556,155.88,12.0,95.28,12.0,60.599999999999994,38.876058506543494
22559,119.96,4.0,0.0,,119.96,100.0
22560,49.47,3.0,260.4,24.0,-210.92999999999998,-426.3796240145543
22562,226.78,22.0,158.88,24.0,67.9,29.940911896992684
22565,3311.82,18.0,2136.6,18.0,1175.2200000000003,35.48562421870754
22566,11975.44,856.0,3025.34,331.0,8950.1,74.73712865665061
22567,579.48,52.0,147.66000000000003,46.0,431.82,74.5185338579416
22568,6267.099999999999,290.0,7293.0,429.0,-1025.9000000000005,-16.369612739544618
22569,57590.74999999999,3125.0,38242.36,3263.0,19348.389999999992,33.59635010830731
22572,809.82,18.0,1811.3999999999999,60.0,-1001.5799999999998,-123.67933614877377
22579,202.70999999999998,29.0,231.36,48.0,-28.650000000000034,-14.133491194317022
22581,153.78,22.0,166.68,36.0,-12.900000000000006,-8.388607101053456
22583,44194.119999999995,2188.0,22317.6,1641.0,21876.519999999997,49.50097433776258
22584,52837.03,2897.0,34896.299999999996,2930.0,17940.730000000003,33.95484189781296
22590,179.88,12.0,117.6,12.0,62.28,34.62308205470313
22591,15.99,1.0,1535.9199999999998,146.0,-1519.9299999999998,-9505.50343964978
22592,24.99,1.0,16.89,1.0,8.099999999999998,32.41296518607442
22593,10764.3,970.0,8163.66,1077.0,2600.6399999999994,24.15986176527967
22595,65.94,6.0,89.76,12.0,-23.820000000000007,-36.123748862602376
22596,1860.51,49.0,1071.42,42.0,789.0899999999999,42.41256429688634
22597,2451.35,65.0,1374.45,55.0,1076.8999999999999,43.93089522100067
22598,5179.26,74.0,9481.5,210.0,-4302.24,-83.06669292524414
22599,6680.38,362.0,3706.3599999999997,196.0,2974.0200000000004,44.51872498271057
22600,1799.95,5.0,236.84,1.0,1563.1100000000001,86.84185671824218
22601,11339.37,63.0,3648.2999999999997,30.0,7691.0700000000015,67.82625489775887
22615,607.24,76.0,321.59999999999997,60.0,285.64000000000004,47.03906198537646
22617,2417.58,242.0,1387.1999999999998,204.0,1030.38,42.6203062566699
22618,19.99,1.0,0.0,,19.99,100.0
22619,71.91,9.0,5.51,1.0,66.39999999999999,92.33764427756917
22620,107.88,12.0,0.0,,107.88,100.0
22621,815.76,24.0,228.1,10.0,587.66,72.03834461116014
22622,244.95000000000002,5.0,0.0,,244.95000000000002,100.0
22624,515.88,12.0,28.1,1.0,487.78,94.5529968209661
22625,31105.92,1858.0,13562.29,2191.0,17543.629999999997,56.39964997016644
22626,0.0,,93.48,12.0,-93.48,0.0
22629,933.2,80.0,752.64,96.0,180.56000000000006,19.348478354050584
22630,3106.93,107.0,2485.3399999999997,121.0,621.5900000000001,20.006565967047862
22632,2077.29,171.0,396.44000000000005,53.0,1680.85,80.9155197396608
22633,47.98,2.0,0.0,,47.98,100.0
22634,20.99,1.0,0.0,,20.99,100.0
22640,439.89,11.0,289.41,11.0,150.47999999999996,34.208552138034506
22641,239.88,12.0,0.0,,239.88,100.0
22643,2897.54,46.0,1071.25,25.0,1826.29,63.02898320644409
22644,699.75,25.0,245.83,13.0,453.91999999999996,64.86888174347982
22645,5144.39,161.0,4628.5199999999995,207.0,515.8700000000008,10.027816709075339
22646,1039.6,40.0,419.25,25.0,620.3499999999999,59.67198922662562
22647,455.88,12.0,299.88,12.0,156.0,34.21953145564623
22648,6675.28,172.0,5547.78,222.0,1127.5,16.89067724499946
22649,6048.79,121.0,4797.650000000001,143.0,1251.1399999999994,20.684136827365464
22653,428.7,30.0,430.08,48.0,-1.3799999999999955,-0.3219034289713075
22656,99.94999999999999,5.0,644.16,48.0,-544.21,-544.4822411205604
22657,2968.94,106.0,705.24,36.0,2263.7,76.24606762009336
22659,350.91,9.0,292.08,12.0,58.83000000000004,16.76498247413868
22661,1722.39,61.0,955.42,31.0,766.9700000000001,44.52940390968364
22662,28305.420000000002,858.0,19706.7,930.0,8598.720000000001,30.37835156659043
22663,779.7099999999999,29.0,2481.32,89.0,-1701.6100000000001,-218.23626733016127
22664,243.91,9.0,206.52,12.0,37.389999999999986,15.329424787831572
22665,21698.98,402.0,17459.960000000003,491.0,4239.019999999997,19.53557263981992
22671,4378.87,313.0,2678.02,293.0,1700.85,38.842212716979496
22672,2059.64,296.0,1751.04,384.0,308.5999999999999,14.983200947738437
22675,1454.18,182.0,277.15999999999997,52.0,1177.02,80.94046129089934
22696,10799.34,1066.0,7732.26,1161.0,3067.08,28.400624482607267
22697,21633.52,948.0,9079.28,868.0,12554.24,58.03142530665375
22700,934.89,11.0,0.0,,934.89,100.0
22702,2771.73,27.0,204.72,3.0,2567.01,92.6139991990562
22703,664.81,19.0,839.8799999999999,36.0,-175.06999999999994,-26.33383974368616
22711,539.7,30.0,291.9,30.0,247.80000000000007,45.91439688715954
22725,1813.24,76.0,987.84,84.0,825.4,45.52072533145088
22737,0.0,,140.16,24.0,-140.16,0.0
22739,0.0,,794.4,24.0,-794.4,0.0
22740,1024.59,41.0,986.4,60.0,38.18999999999994,3.7273445963751297
22743,55.96,4.0,203.76,24.0,-147.79999999999998,-264.1172265904217
22744,265.81,19.0,386.40000000000003,42.0,-120.59000000000003,-45.36699146006547
22745,149.97,3.0,0.0,,149.97,100.0
22750,643.5600000000001,44.0,632.4,62.0,11.160000000000082,1.7341040462427872
22756,727.7199999999999,28.0,739.2,60.0,-11.480000000000132,-1.5775298191612341
22757,15193.79,1921.0,6854.04,1422.0,8339.75,54.88920144348447
22758,65335.14,4086.0,32112.850000000002,3073.0,33222.28999999999,50.849037745997016
22763,159.85,15.0,213.6,60.0,-53.75,-33.62527369408821
22765,593.91,9.0,734.58,18.0,-140.67000000000007,-23.68540687983029
22768,4893.96,204.0,3357.9,210.0,1536.06,31.386852364955985
22776,0.0,,155.76,12.0,-155.76,0.0
22778,1259.55,45.0,1009.12,53.0,250.42999999999995,19.882497717438767
22781,1196.79,21.0,415.14,11.0,781.65,65.31221016218383
22782,582.89,11.0,0.0,,582.89,100.0
22786,144.95,5.0,0.0,,144.95,100.0
22787,199.96,4.0,0.0,,199.96,100.0
22789,1573.95,105.0,82.72,8.0,1491.23,94.74443279646748
22793,1177.69,131.0,892.8000000000001,144.0,284.89,24.190576467491443
22794,1477.0600000000002,494.0,1018.5,525.0,458.5600000000002,31.045455160927798
22796,1399.86,14.0,4026.6000000000004,60.0,-2626.7400000000007,-187.64305001928773
22798,2960.37,63.0,1535.1699999999998,49.0,1425.2,48.14263081979618
22799,693.55,45.0,453.55,47.0,239.99999999999994,34.604570687044905
22800,623.61,39.0,0.0,,623.61,100.0
22801,42956.1,3290.0,19361.79,2947.0,23594.309999999998,54.92656456242536
22808,792.39,61.0,159.22,19.0,633.17,79.9063592422923
22809,4736.05,395.0,3872.96,494.0,863.0900000000001,18.223836319295618
22811,119.76,24.0,79.92,24.0,39.84,33.26653306613226
22813,4817.59,241.0,3738.24,288.0,1079.3500000000004,22.404355704823374
22819,3325.6499999999996,135.0,856.4399999999999,54.0,2469.2099999999996,74.24744035000677
22820,6448.5,150.0,1220.56,44.0,5227.9400000000005,81.07218733038692
22821,2659.38,262.0,2418.3900000000003,351.0,240.98999999999978,9.06188660514856
22822,10321.5,850.0,7208.38,878.0,3113.12,30.161507532819844
22823,539.9,10.0,310.7,10.0,229.2,42.452305982589365
22826,92.97,3.0,0.0,,92.97,100.0
22827,679.92,8.0,516.87,9.0,163.04999999999995,23.980762442640305
22828,5669.37,63.0,355.20000000000005,6.0,5314.17,93.7347535969605
22829,38.37,3.0,0.0,,38.37,100.0
22830,6898.85,115.0,1430.28,36.0,5468.570000000001,79.2678489893243
22831,503.64,36.0,217.92,24.0,285.72,56.730998332142015
22833,194.87,13.0,236.64,24.0,-41.76999999999998,-21.434802688972127
22836,1057.13,87.0,1136.16,144.0,-79.02999999999997,-7.475901733940004
22838,1239.93,107.0,1240.81,167.0,-0.8799999999998818,-0.07097174840514237
22839,215.88,12.0,143.88,12.0,72.0,33.35186214563646
22840,3755.75,25.0,1677.2,20.0,2078.55,55.343140517872605
22841,1876.82,18.0,519.44,8.0,1357.3799999999999,72.32339808825566
22842,9196.54,846.0,6129.76,842.0,3066.7800000000007,33.3471066292323
22849,155.88,12.0,202.56,24.0,-46.68000000000001,-29.94611239414935
22853,246.21,29.0,197.28000000000003,36.0,48.92999999999998,19.873278908249045
22854,6523.72,528.0,1769.78,214.0,4753.9400000000005,72.87161312870572
22857,57.98,2.0,915.36,48.0,-857.38,-1478.7512935495
22858,144.95,5.0,953.7,51.0,-808.75,-557.9510175922733
22860,379.79999999999995,20.0,159.25,13.0,220.54999999999995,58.07003686150605
22861,2799.6,40.0,2167.2,48.0,632.4000000000001,22.588941277325336
22863,1019.15,85.0,1022.3499999999999,127.0,-3.199999999999932,-0.3139871461511977
22864,662.49,51.0,610.4,70.0,52.09000000000003,7.862760192606685
22865,899.25,75.0,759.05,95.0,140.20000000000005,15.590770086182934
22866,896.3100000000001,69.0,921.9,105.0,-25.589999999999918,-2.8550389932054667
22867,1245.11,89.0,1123.36,118.0,121.75,9.778252523873393
22883,5622.77,523.0,3949.44,528.0,1673.3300000000004,29.759887030769537
22889,1691.53,47.0,1143.04,47.0,548.49,32.4256737982773
22895,101.83,17.0,97.68,24.0,4.1499999999999915,4.075419817342621
22896,79.92,8.0,79.44,12.0,0.480000000000004,0.6006006006006055
22898,1390.84,116.0,354.2,44.0,1036.6399999999999,74.53337551407782
22899,136233.8,11060.0,74076.32,11344.0,62157.47999999998,45.62559364856591
22901,13833.269999999999,773.0,10225.6,830.0,3607.6699999999983,26.079661569534885
22902,9760.21,579.0,7203.9,649.0,2556.3099999999995,26.191137280857685
22903,25937.94,2906.0,16783.2,3108.0,9154.739999999998,35.294784396910465
22904,237.85999999999999,14.0,270.0,24.0,-32.140000000000015,-13.512150004204159
22905,2277.77,413.0,1706.55,367.0,571.22,25.07803685183315
22906,546.24,96.0,356.03999999999996,92.0,190.20000000000005,34.819859402460466
22910,2203.81,19.0,0.0,,2203.81,100.0
22912,293.94,6.0,0.0,,293.94,100.0
22913,319.94,6.0,0.0,,319.94,100.0
22914,60749.2,1980.0,30008.46,1511.0,30740.739999999998,50.60270752536658
22915,146.97,3.0,0.0,,146.97,100.0
22918,791.28,72.0,619.9200000000001,84.0,171.3599999999999,21.656050955414
22919,16141.499999999998,850.0,5168.0,400.0,10973.499999999998,67.98314902580304
22922,2496.64,236.0,739.2,60.0,1757.4399999999998,70.39220712637785
22923,2344.48,252.0,1370.8799999999999,112.0,973.6000000000001,41.527332286903714
22924,2317.22,278.0,1945.6,160.0,371.6199999999999,16.037320582422037
22927,1007.28,72.0,636.9,66.0,370.38,36.77031212771027
22928,644.6899999999999,31.0,461.88,36.0,182.80999999999995,28.356264251035373
22930,191.88,12.0,128.76,12.0,63.120000000000005,32.89555972482802
22932,0.0,,175.92,12.0,-175.92,0.0
22933,39.98,2.0,0.0,,39.98,100.0
22934,782.76,24.0,610.1999999999999,27.0,172.56000000000006,22.045071286218008
22935,2449.65,35.0,559.92,12.0,1889.73,77.14285714285714
22937,2504.4,160.0,1513.35,177.0,991.0500000000002,39.572352659319606
22938,24174.989999999998,1301.0,17046.12,1338.0,7128.869999999999,29.4886161276592
22939,2619.96,4.0,885.12,2.0,1734.8400000000001,66.2162781111162
22940,1847.94,6.0,413.4,2.0,1434.54,77.62914380337024
22941,5932.83,17.0,2251.5,10.0,3681.33,62.05015144543161
22942,5615.76,24.0,2097.81,13.0,3517.9500000000003,62.64423693320228
22943,12187.56,44.0,5841.33,31.0,6346.23,52.071374417849015
22944,4589.82,18.0,2152.54,13.0,2437.2799999999997,53.10186456113747
22948,662.8299999999999,17.0,0.0,,662.8299999999999,100.0
22950,4604.38,162.0,1004.94,54.0,3599.44,78.17426016097716
22951,4589.1,90.0,8933.18,254.0,-4344.08,-94.66082674162689
22957,4224.349999999999,65.0,1062.0,25.0,3162.3499999999995,74.86003763892668
22958,647.28,72.0,68.55000000000001,15.0,578.73,89.40952910641454
22963,70569.12,2788.0,49881.7,3014.0,20687.42,29.31511686698091
22966,901.5899999999999,41.0,193.18,13.0,708.4099999999999,78.57340919930344
22967,351.84,16.0,685.44,48.0,-333.6000000000001,-94.81582537517056
22968,2274.35,65.0,629.91,27.0,1644.44,72.30373513311497
22970,2356.69,131.0,1646.88,141.0,709.81,30.118938002028266
22972,431.64,36.0,284.04,36.0,147.59999999999997,34.195162635529606
22974,431.64,36.0,476.4,60.0,-44.75999999999999,-10.369752571587432
22975,63.48,12.0,0.0,,63.48,100.0
22995,4705.05,595.0,5807.88,657.0,-1102.83,-23.439283323237795
23013,4224.36,264.0,4733.04,444.0,-508.6800000000003,-12.041587364713243
23014,4588.219999999999,178.0,4100.74,238.0,487.47999999999956,10.62459951789582
23015,4015.1099999999997,189.0,6266.1900000000005,371.0,-2251.080000000001,-56.06521365541669
23018,325.71,29.0,349.44,48.0,-23.730000000000018,-7.285622179239207
23021,3469.52,248.0,1752.4399999999998,193.0,1717.0800000000002,49.49041942401255
23022,2476.22,178.0,1265.38,151.0,1210.8399999999997,48.898724669052015
23024,794.85,15.0,883.25,25.0,-88.39999999999998,-11.12159526954771
23025,3867.42,258.0,2478.6,243.0,1388.8200000000002,35.91076221356874
23028,203.13,37.0,197.69,53.0,5.439999999999998,2.6780879239895623
23029,41.97,3.0,226.8,24.0,-184.83,-440.3859899928521
23032,2149.57,43.0,408.08,8.0,1741.4900000000002,81.0157380313272
23033,55.96,4.0,115.8,12.0,-59.839999999999996,-106.93352394567547
23035,97.93,7.0,164.16,24.0,-66.22999999999999,-67.6299397528847
23036,819.78,72.0,635.52,96.0,184.26,22.476762058113152
23038,699.77,23.0,155.76,8.0,544.01,77.74125784186234
23039,2649.4700000000003,53.0,728.4200000000001,22.0,1921.0500000000002,72.50695422103288
23040,629.93,7.0,59.2,1.0,570.7299999999999,90.60213039544075
23041,881.76,24.0,1083.36,48.0,-201.5999999999999,-22.86336418072944
23042,129.9,10.0,106.8,12.0,23.10000000000001,17.782909930715938
23043,98.89,11.0,71.4,12.0,27.489999999999995,27.79856406107796
23044,431.52,48.0,352.8,60.0,78.71999999999997,18.242491657397103
23045,6247.5,250.0,4539.74,278.0,1707.7600000000002,27.33509403761505
23047,5531.76,24.0,0.0,,5531.76,100.0
23048,124.94999999999999,5.0,0.0,,124.94999999999999,100.0
23049,23244.86,2514.0,15404.039999999999,2517.0,7840.8200000000015,33.73141417070269
23050,979.72,28.0,1015.6499999999999,45.0,-35.929999999999836,-3.667374351855615
23060,2219.2599999999998,74.0,1759.12,88.0,460.1399999999999,20.733938339806958
23061,1739.1299999999999,87.0,1610.3999999999999,120.0,128.73000000000002,7.401976850494214
23064,40.370000000000005,13.0,69.84,36.0,-29.47,-72.99975229130541
23065,35.88,12.0,24.36,12.0,11.520000000000003,32.107023411371244
23066,1173.3,70.0,698.97,69.0,474.3299999999999,40.42700076706724
23067,22829.219999999998,1078.0,17000.11,1231.0,5829.109999999997,25.533548671395685
23068,239.96,4.0,1184.1,30.0,-944.1399999999999,-393.4572428738123
23069,3298.68,132.0,766.3599999999999,46.0,2532.3199999999997,76.76767676767676
23070,493.80999999999995,19.0,0.0,,493.80999999999995,100.0
23071,1385.23,77.0,764.4000000000001,65.0,620.8299999999999,44.81782808631057
23074,14452.269999999999,723.0,2874.9,210.0,11577.369999999999,80.1076232315062
23075,6897.94,406.0,328.15999999999997,28.0,6569.78,95.24263765703964
23076,10534.47,753.0,1253.04,138.0,9281.43,88.10533420285977
23078,549.75,25.0,184.47,13.0,365.28,66.44474761255115
23079,2050.92,108.0,1207.2,120.0,843.72,41.138610964835294
23084,107.88,12.0,74.4,12.0,33.47999999999999,31.03448275862068
23088,71.93,7.0,159.84,24.0,-87.91,-122.21604337550393
23090,0.0,,68.4,12.0,-68.4,0.0
23095,179852.7,25730.0,126639.8,26605.0,53212.90000000001,29.586934196706533
23098,935.76,24.0,295.79,11.0,639.97,68.39039924767035
23099,146.97,3.0,0.0,,146.97,100.0
23101,1628.37,163.0,267.73,41.0,1360.6399999999999,83.55840503079767
23103,4549.650000000001,35.0,1519.3799999999999,18.0,3030.2700000000004,66.60446407965448
23105,8985.86,214.0,1859.88,66.0,7125.9800000000005,79.3021480414785
23106,239.85,15.0,0.0,,239.85,100.0
23107,7309.570000000001,43.0,1754.72,16.0,5554.85,75.9942103297458
23109,1146.69,31.0,297.96,12.0,848.73,74.01564503047902
23110,3059.82,18.0,658.02,6.0,2401.8,78.49481342039728
23112,279.95,5.0,1599.78,42.0,-1319.83,-471.45204500803715
23114,6038.49,151.0,4294.4,160.0,1744.0900000000001,28.882882972398733
23116,6499.03,197.0,4192.16,197.0,2306.87,35.49560472870567
23117,146.79,21.0,115.68,24.0,31.109999999999985,21.193541794400154
23121,580.81,19.0,274.14,18.0,306.66999999999996,52.800399442158366
23122,5896.74,226.0,5100.0,300.0,796.7399999999998,13.511533491386762
23123,5708.65,435.0,4161.72,474.0,1546.9299999999994,27.09800040289735
23126,8584.84,716.0,6957.9,859.0,1626.9400000000005,18.95131417708426
23129,66119.48,3352.0,44308.799999999996,3620.0,21810.68,32.98676880096456
23130,5389.26,74.0,1679.7599999999998,36.0,3709.5000000000005,68.83134233642467
23131,482.78999999999996,21.0,0.0,,482.78999999999996,100.0
23132,49.99,1.0,0.0,,49.99,100.0
23134,2026.09,91.0,2243.52,152.0,-217.43000000000006,-10.731507484860005
23135,16.98,2.0,0.0,,16.98,100.0
23137,74.99,1.0,23.97,1.0,51.019999999999996,68.03573809841312
23138,155.87,13.0,267.48,36.0,-111.61000000000001,-71.60454224674409
23139,59.95,5.0,195.84,24.0,-135.89,-226.67222685571303
23143,591669.53,72139.0,345690.3,74342.0,245979.23000000004,41.57375317265367
23144,863.7299999999999,27.0,1238.4,60.0,-374.6700000000002,-43.378139001771416
23145,2174.25,75.0,38.4,2.0,2135.85,98.23387374956882
23146,2098.95,105.0,1015.92,83.0,1083.0299999999997,51.59865647109269
23147,3761.3,270.0,719.0999999999999,90.0,3042.2000000000003,80.88161008162072
23148,4659.01,399.0,3186.48,426.0,1472.5300000000002,31.606070817620058
23149,4550.42,358.0,1921.3899999999999,271.0,2629.03,57.77554599355664
23150,1649.5900000000001,201.0,2339.6400000000003,201.0,-690.0500000000002,-41.83160664165036
23151,2216.7999999999997,120.0,786.87,63.0,1429.9299999999998,64.50424034644533
23153,20259.68,1432.0,12431.3,2065.0,7828.380000000001,38.64019569904362
23155,25711.809999999998,1319.0,16303.68,1296.0,9408.129999999997,36.59069509303311
23156,8799.12,88.0,3823.3,65.0,4975.820000000001,56.54906399730882
23157,2676.97,103.0,2065.2000000000003,120.0,611.7699999999995,22.853076425959184
23159,12371.24,476.0,8780.0,500.0,3591.24,29.028941318736035
23160,881.02,98.0,1000.98,166.0,-119.96000000000004,-13.61603595832104
23161,24312.769999999997,1223.0,17317.85,1265.0,6994.919999999998,28.770559668848918
23167,347.83,17.0,381.36,24.0,-33.53000000000003,-9.639766552626291
23168,23371.38,1462.0,15550.38,1566.0,7821.000000000002,33.46400597654055
23169,34.99,1.0,0.0,,34.99,100.0
23170,1139.85,15.0,1677.12,32.0,-537.27,-47.135149361758124
23172,8832.11,289.0,3570.0,175.0,5262.110000000001,59.5793077758316
23173,3987.15,285.0,311.85,33.0,3675.3,92.17862382905084
23175,0.0,,221.04,6.0,-221.04,0.0
23182,607.74,26.0,541.08,36.0,66.65999999999997,10.968506269128241
23185,1313.27,73.0,201.94,23.0,1111.33,84.6231163431739
23186,3333.5499999999997,145.0,322.08,24.0,3011.47,90.33822801517901
23188,7617.25,275.0,5746.68,313.0,1870.5699999999997,24.55702517312678
23189,4507.42,158.0,733.0400000000001,34.0,3774.38,83.73703803949931
23190,935.7600000000001,24.0,238.68,9.0,697.0800000000002,74.49345986150296
23191,59855.07,3993.0,25122.899999999998,2530.0,34732.17,58.027114495062825
23192,6110.03,97.0,2962.12,71.0,3147.91,51.52036896709181
23193,2483.54,46.0,443.76,12.0,2039.78,82.13195680359486
23194,5683.26,174.0,6060.34,286.0,-377.0799999999999,-6.634924321604148
23195,2319.42,58.0,358.53999999999996,13.0,1960.88,84.54182511145028
23196,668.6600000000001,134.0,325.44,96.0,343.2200000000001,51.32952472108396
23197,27532.43,2457.0,16053.48,2347.0,11478.95,41.692469571338236
23200,440.6,40.0,483.0,60.0,-42.39999999999998,-9.623241034952331
23201,1013.19,81.0,559.44,84.0,453.75,44.78429514701092
23202,1783.29,171.0,1410.75,209.0,372.53999999999996,20.89060108002624
23203,1563.51,149.0,1339.6,197.0,223.91000000000008,14.320982916642688
23204,341.80999999999995,19.0,560.64,48.0,-218.83000000000004,-64.02094730990903
23205,1567.02,98.0,1140.6200000000001,107.0,426.39999999999986,27.210884353741488
23206,16.47,3.0,0.0,,16.47,100.0
23209,239.88,12.0,319.92,24.0,-80.04000000000002,-33.36668334167084
23211,9732.06,794.0,9866.109999999999,1193.0,-134.04999999999927,-1.3774062223208579
23212,57856.24,4376.0,36881.84,4616.0,20974.4,36.252615102536915
23214,142.89000000000001,11.0,86.16,12.0,56.73000000000002,39.701868570228854
23215,842.49,51.0,681.98,61.0,160.51,19.051858182292964
23218,21428.55,2145.0,4442.1,663.0,16986.449999999997,79.27017927017927
23220,14535.01,1199.0,9543.42,1233.0,4991.59,34.3418408380868
23229,65146.54,4346.0,29696.48,2872.0,35450.06,54.41587534809983
23230,7988.29,571.0,384.99,41.0,7603.3,95.18057056015743
23231,14217.48,252.0,4533.5199999999995,122.0,9683.96,68.1130551968422
23233,197.94000000000003,6.0,0.0,,197.94000000000003,100.0
23235,23188.63,2037.0,15573.42,2169.0,7615.210000000001,32.84027560058529
23236,1247.68,32.0,107.56,4.0,1140.1200000000001,91.37919979481919
23237,13.99,1.0,0.0,,13.99,100.0
23239,22602.06,2294.0,15006.24,2452.0,7595.8200000000015,33.606759737829215
23240,9570.42,958.0,5173.2,958.0,4397.22,45.94594594594595
23241,16640.6,1790.0,10167.4,1753.0,6473.199999999999,38.90003966203142
23242,519.04,46.0,271.03999999999996,56.0,248.0,47.780517879161536
23245,10488.49,851.0,7566.82,953.0,2921.67,27.855964013885696
23246,10052.91,609.0,7046.26,661.0,3006.6499999999996,29.908255420569763
23249,9045.22,878.0,5945.85,905.0,3099.369999999999,34.26528044646785
23250,3886.05,655.0,165.48000000000002,42.0,3720.57,95.74169143474737
23253,76661.65,3835.0,33380.78,2554.0,43280.869999999995,56.457002947366774
23255,30694.4,2560.0,12838.98,1617.0,17855.420000000002,58.1715883027523
23256,25727.61,1839.0,4150.38,442.0,21577.23,83.86799240193706
23257,13206.56,944.0,205.26,22.0,13001.3,98.44577240401739
23258,6237.92,208.0,174.15,9.0,6063.77,97.20820401672353
23259,5825.52,648.0,428.4,70.0,5397.120000000001,92.64615004325795
23260,1309.52,188.0,374.33000000000004,83.0,935.1899999999999,71.41471684281264
23262,214.95000000000002,5.0,0.0,,214.95000000000002,100.0
23265,2839.29,71.0,3650.24,136.0,-810.9499999999998,-28.56171789426229
23266,99.99,1.0,616.41,9.0,-516.42,-516.4716471647164
23267,7631.39,161.0,5527.799999999999,180.0,2103.590000000001,27.564965229139133
23270,31702.09,3091.0,22183.7,3311.0,9518.39,30.02448734452523
23271,33078.6,4140.0,23262.399999999998,4340.0,9816.2,29.67537924821486
23272,1642.6299999999999,137.0,642.32,148.0,1000.3099999999998,60.89685443465661
23273,108390.36,11932.0,85114.2,13196.0,23276.160000000003,21.474382039140753
23275,15844.43,1457.0,11159.66,1574.0,4684.77,29.567299044522272
23278,1982.63,37.0,533.28,16.0,1449.3500000000001,73.10239429444728
23279,21241.5,850.0,1413.8400000000001,86.0,19827.66,93.34397288327095
23280,149.99,1.0,0.0,,149.99,100.0
23281,8549.91,9.0,1912.74,3.0,6637.17,77.62853644073446
23282,1061.82,18.0,0.0,,1061.82,100.0
23284,4179.81,19.0,142.85,1.0,4036.9600000000005,96.58238053882833
23285,1375.68,32.0,0.0,,1375.68,100.0
23286,2199.8900000000003,11.0,927.0799999999999,7.0,1272.8100000000004,57.85789289464475
23287,9799.300000000001,70.0,556.26,6.0,9243.04,94.32347208474074
23288,311.94,6.0,0.0,,311.94,100.0
23289,12599.82,18.0,9109.55,19.0,3490.2700000000004,27.700951283431035
23290,649.9,10.0,379.8,9.0,270.09999999999997,41.560240036928754
23291,119.98,2.0,285.67,7.0,-165.69,-138.09801633605602
23292,1759.96,4.0,1197.24,4.0,562.72,31.97345394213505
23293,2213.73,27.0,715.39,13.0,1498.3400000000001,67.68395423109413
23294,849.83,17.0,0.0,,849.83,100.0
23295,1023.84,16.0,210.5,5.0,813.34,79.4401468979528
23296,79.9,10.0,92.69999999999999,18.0,-12.799999999999983,-16.02002503128909
23297,7740.48,352.0,5579.28,378.0,2161.2,27.920749100830953
23307,39737.19,3081.0,20171.14,3047.0,19566.050000000003,49.23863514254531
23308,1396.89,11.0,175.16,2.0,1221.73,87.46071630550722
23309,678.93,7.0,0.0,,678.93,100.0
23321,927.7099999999999,29.0,0.0,,927.7099999999999,100.0
23322,1484.85,15.0,0.0,,1484.85,100.0
23323,2240.73,27.0,596.64,11.0,1644.0900000000001,73.37296327536116
23324,2799.9,10.0,1891.8,10.0,908.1000000000001,32.4333011893282
23325,1889.91,9.0,1227.24,9.0,662.6700000000001,35.06357445592648
23326,1074.57,43.0,241.8,15.0,832.77,77.49797593455988
23327,8099.91,9.0,5547.87,9.0,2552.04,31.507016744630494
23328,1747.77,23.0,52.41,1.0,1695.36,97.00132168420329
23329,1799.92,8.0,1043.0,7.0,756.9200000000001,42.05298013245034
23330,386.91,9.0,0.0,,386.91,100.0
23331,1499.9,10.0,296.04,3.0,1203.8600000000001,80.26268417894526
23332,809.6999999999999,30.0,53.97,3.0,755.7299999999999,93.33456835865135
23333,359.94000000000005,6.0,413.7,10.0,-53.759999999999934,-14.935822637106163
23334,1471.54,46.0,268.32,13.0,1203.22,81.76604101825299
23335,1999.9,10.0,399.99,3.0,1599.91,79.99949997499876
23336,2759.88,12.0,1398.6,9.0,1361.2800000000002,49.323883647115096
23337,4199.700000000001,30.0,567.54,6.0,3632.1600000000008,86.48617758411315
23338,439.92,8.0,141.92,4.0,298.0,67.73958901618475
23339,1349.73,27.0,0.0,,1349.73,100.0
23340,2099.86,14.0,100.66,1.0,1999.2,95.20634708980599
23341,494.85,15.0,227.5,10.0,267.35,54.026472668485404
23344,1400.88,312.0,1066.23,359.0,334.6500000000001,23.888555764947753
23345,28625.5,1050.0,17221.68,1206.0,11403.82,39.83797662922918
23347,319.68,32.0,0.0,,319.68,100.0
23348,449.90000000000003,10.0,0.0,,449.90000000000003,100.0
23349,28406.05,1895.0,18561.42,1858.0,9844.630000000001,34.656807264649615
23350,2056.53,147.0,2030.96,212.0,25.570000000000164,1.2433565277433425
23351,6094.4400000000005,836.0,3525.6899999999996,721.0,2568.750000000001,42.14907358182213
23353,21138.78,1322.0,1456.3500000000001,133.0,19682.43,93.11052955752413
23354,69221.36,3464.0,37797.12,3474.0,31424.239999999998,45.39673881010139
23355,39273.8,2620.0,14265.6,1486.0,25008.200000000004,63.676547723927925
23356,45585.27,2073.0,30343.589999999997,2097.0,15241.68,33.43553740056821
23357,40649.3,1070.0,2328.45,95.0,38320.850000000006,94.27185707994973
23359,695.86,14.0,540.48,16.0,155.38,22.32920415026011
23360,15057.86,1414.0,8950.48,1453.0,6107.380000000001,40.559415481349944
23361,359.82,18.0,328.56,24.0,31.25999999999999,8.68767717191929
23362,721.62,38.0,628.8,48.0,92.82000000000005,12.862725534214691
23364,503.71999999999997,28.0,487.62,42.0,16.099999999999966,3.1962201222901547
23365,8434.3,370.0,6625.920000000001,464.0,1808.3799999999983,21.44078346750766
23366,9177.07,593.0,6602.38,713.0,2574.6899999999996,28.055686618931748
23373,10385.970000000001,2603.0,7119.170000000001,2627.0,3266.8,31.453971078291193
23377,167.88,12.0,111.96,12.0,55.92,33.30950679056469
23379,15119.39,1261.0,10554.789999999999,1321.0,4564.6,30.190371436942897
23380,209.79,21.0,0.0,,209.79,100.0
23381,7321.929999999999,407.0,987.8399999999999,84.0,6334.089999999999,86.50847522442852
23382,66118.65,4135.0,32096.0,2950.0,34022.649999999994,51.4569641092188
23383,13235.21,779.0,1044.68,91.0,12190.529999999999,92.10681205662775
23384,2014.8799999999999,112.0,255.36,21.0,1759.52,87.32629238465815
23385,5021.46,254.0,3669.12,288.0,1352.3400000000001,26.93121124135212
23386,5725.12,288.0,3736.26,297.0,1988.8599999999997,34.73918450617629
23387,14801.19,1481.0,21146.0,2425.0,-6344.8099999999995,-42.86689110807982
23388,14639.85,1215.0,7695.0,1125.0,6944.85,47.43798604493898
23389,19611.28,1672.0,11234.76,1492.0,8376.519999999999,42.712765306497076
23390,520.84,116.0,342.2,116.0,178.64000000000004,34.298440979955465
23391,3989.43,57.0,627.51,13.0,3361.92,84.27068528586791
23392,3696.3,370.0,198.6,30.0,3497.7000000000003,94.62705949192436
23393,3795.89,211.0,163.52,14.0,3632.37,95.69218286093644
23394,2547.4500000000003,255.0,513.0,76.0,2034.4500000000003,79.86221515633281
23395,9021.97,903.0,380.55,59.0,8641.42,95.78196336276889
23396,662.49,51.0,0.0,,662.49,100.0
23397,3453.12,288.0,499.1,62.0,2954.02,85.54640441108332
23398,233.87,13.0,364.79999999999995,30.0,-130.92999999999995,-55.98409372728437
23399,243.85,15.0,162.12,12.0,81.72999999999999,33.51650604880049
23400,1636.44,156.0,128.52,18.0,1507.92,92.14636650289654
23401,5436.6,340.0,1198.8000000000002,111.0,4237.8,77.94945370268182
23403,4674.8,520.0,973.28,158.0,3701.5200000000004,79.18028578762728
23404,189.81,19.0,74.8,11.0,115.01,60.59217111848692
23406,10839.3,670.0,8563.289999999999,719.0,2276.01,20.997758157814623
23410,349.95,5.0,0.0,,349.95,100.0
23411,1322.51,49.0,0.0,,1322.51,100.0
23412,359.94,6.0,0.0,,359.94,100.0
23413,139.98,2.0,0.0,,139.98,100.0
23414,406.58,112.0,97.2,60.0,309.38,76.09326577795268
23415,17671.69,2231.0,7702.45,2611.0,9969.239999999998,56.41361975000693
23418,179.97,3.0,0.0,,179.97,100.0
23420,7691.18,582.0,4341.75,525.0,3349.4300000000003,43.54897427962939
23423,8522.86,814.0,4610.4,678.0,3912.460000000001,45.9054824319536
23425,1429.78,22.0,1361.2099999999998,31.0,68.57000000000016,4.795842717061378
23426,143.98,2.0,594.75,13.0,-450.77,-313.07820530629255
23430,38.97,3.0,103.2,12.0,-64.23,-164.81909160892997
23432,2830.23,177.0,3558.24,336.0,-728.0099999999998,-25.72264444939103
23433,1979.78,22.0,0.0,,1979.78,100.0
23434,551.92,8.0,1068.24,24.0,-516.32,-93.54978982461229
23436,3551.13,187.0,1613.3,130.0,1937.8300000000002,54.56939058834793
23438,19365.28,1472.0,13851.0,1620.0,5514.279999999999,28.475085307312874
23442,20.99,1.0,14.28,1.0,6.709999999999999,31.967603620771794
23444,287.76,24.0,198.48,24.0,89.28,31.02585487906589
23445,167.88,12.0,114.24,12.0,53.64,31.95139385275197
23451,778.87,63.0,524.79,63.0,254.08000000000004,32.621618498594124
23452,8864.14,986.0,5361.12,918.0,3503.0199999999995,39.519005791876026
23460,3380.31,69.0,5676.72,168.0,-2296.4100000000003,-67.93489354526658
23464,45805.74,4026.0,30394.920000000002,4204.0,15410.819999999996,33.64386210112531
23466,93.94,6.0,518.4,48.0,-424.46,-451.84160102192885
23468,715.96,4.0,116.99,1.0,598.97,83.65970165931057
23469,4746.22,378.0,2749.1,370.0,1997.1200000000003,42.07811690145
23470,131.88,12.0,237.76,32.0,-105.88,-80.28510767364271
23471,194.10999999999999,59.0,152.64000000000001,72.0,41.46999999999997,21.364174952346595
23472,360.80999999999995,19.0,413.28,36.0,-52.47000000000003,-14.542279870291852
23473,314.82,18.0,383.76,36.0,-68.94,-21.898227558604916
23474,14112.27,1373.0,10348.78,1502.0,3763.49,26.6682114216919
23475,202.93,7.0,479.76,24.0,-276.83,-136.41649829990635
23477,1495.12,88.0,1058.88,96.0,436.2399999999998,29.177591096366832
23479,20047.04,1996.0,7923.6,1278.0,12123.44,60.474962887289095
23484,13.99,1.0,9.45,1.0,4.540000000000001,32.4517512508935
23491,310.99,1.0,204.6,1.0,106.39000000000001,34.21010321875302
23493,1609.54,46.0,579.12,24.0,1030.42,64.01953353131951
23494,419.86,14.0,60.39,3.0,359.47,85.61663411613395
23495,449.74999999999994,25.0,134.64,11.0,315.10999999999996,70.0633685380767
23496,689.85,15.0,31.5,1.0,658.35,95.4337899543379
23497,2719.66,34.0,602.69,11.0,2116.97,77.83950935043352
23498,186.83,17.0,181.92,24.0,4.910000000000025,2.62805759246375
23508,558.5699999999999,43.0,204.7,23.0,353.86999999999995,63.35284744973772
23510,2483.7400000000002,226.0,2034.9,285.0,448.84000000000015,18.07113465982752
23511,2077.11,189.0,2147.27,289.0,-70.15999999999985,-3.3777700747673376
23512,4504.08,392.0,3653.13,493.0,850.9499999999998,18.892870464112534
23513,1857.31,169.0,2004.64,268.0,-147.33000000000015,-7.932439926560464
23514,5733.25,425.0,4534.05,501.0,1199.1999999999998,20.91658308987049
23516,40203.35,3565.0,27765.539999999997,3663.0,12437.810000000001,30.937247766666214
23517,302.75,25.0,99.24,12.0,203.51,67.22047894302229
23518,79.10999999999999,9.0,137.04,24.0,-57.93000000000001,-73.22715206674253
23519,9333.16,984.0,14859.02,1507.0,-5525.860000000001,-59.20674241093049
23520,2848.1,190.0,2417.4,237.0,430.6999999999998,15.12236227660545
23521,24996.34,2266.0,14035.27,1889.0,10961.07,43.85069974244229
23522,34041.23,3137.0,14409.66,3506.0,19631.570000000003,57.6699784349743
23523,63682.42,6158.0,42093.99,6407.0,21588.43,33.90014072957654
23524,11.99,1.0,190.56,24.0,-178.57,-1489.324437030859
23525,499.79999999999995,20.0,408.0,24.0,91.79999999999995,18.3673469387755
23527,3387.56,44.0,2425.67,47.0,961.8899999999999,28.394773819504298
23528,1295.02,98.0,1416.48,156.0,-121.46000000000004,-9.379005729641245
23530,1729.28,72.0,1270.08,84.0,459.20000000000005,26.554404145077726
23533,259.8,20.0,127.35,15.0,132.45000000000002,50.98152424942264
23534,3968.74,226.0,3736.8,360.0,231.9399999999996,5.844172205788226
23535,23867.699999999997,1380.0,11924.34,706.0,11943.359999999997,50.03984464359783
23538,352.82,18.0,124.19999999999999,18.0,228.62,64.79791395045632
23539,11762.869999999999,613.0,9170.99,739.0,2591.879999999999,22.034418471002397
23541,119.94,6.0,155.76,12.0,-35.81999999999999,-29.864932466233114
23542,314.7,30.0,82.32,12.0,232.38,73.84175405147761
23543,863.34,66.0,189.20000000000002,22.0,674.14,78.08511131188176
23552,55.96,4.0,0.0,,55.96,100.0
23554,291.82,18.0,372.24,36.0,-80.42000000000002,-27.558083750257012
23560,0.0,,48.6,12.0,-48.6,0.0
23561,71.88,12.0,48.6,12.0,23.279999999999994,32.38731218697829
23562,107.82,18.0,123.0,30.0,-15.180000000000007,-14.079020589872016
23563,35.94,6.0,24.6,6.0,11.339999999999996,31.552587646076784
23565,2082.22,278.0,1411.1999999999998,288.0,671.02,32.22618167148524
23566,73.42999999999999,7.0,43.38,6.0,30.04999999999999,40.92332833991556
23568,0.0,,9.72,1.0,-9.72,0.0
23579,89.88,12.0,58.32,12.0,31.559999999999995,35.11348464619493
23587,402.69,31.0,492.59999999999997,60.0,-89.90999999999997,-22.32734858079415
23591,1399.8,20.0,0.0,,1399.8,100.0
23592,3194.7200000000003,28.0,1803.84,24.0,1390.8800000000003,43.536835779035414
23593,383.96,4.0,0.0,,383.96,100.0
23595,89359.33,5767.0,57464.909999999996,5787.0,31894.420000000006,35.692322223096355
23596,12.99,1.0,105.36,12.0,-92.37,-711.0854503464203
23603,1943.1899999999998,81.0,125.44,8.0,1817.7499999999998,93.54463536761716
23616,1094.63,137.0,766.48,143.0,328.1500000000001,29.978166138329854
23618,5999.700000000001,30.0,7702.41,57.0,-1702.7099999999991,-28.379918995949783
23623,335.7,30.0,201.0,30.0,134.7,40.12511170688114
23624,464.58,42.0,287.28,42.0,177.3,38.163502518403725
23625,953.0999999999999,90.0,620.1,90.0,332.9999999999999,34.93862134088762
23626,635.4,60.0,387.0,60.0,248.39999999999998,39.093484419263454
23632,15302.43,957.0,8482.16,916.0,6820.27,44.56984936379386
23633,1625.04,96.0,193.4,20.0,1431.6399999999999,88.0987544921971
23635,52480.840000000004,3916.0,35672.4,4404.0,16808.440000000002,32.02776479949635
23644,223.68,32.0,277.8,60.0,-54.120000000000005,-24.195278969957084
23645,9.98,2.0,0.0,,9.98,100.0
23647,13693.15,685.0,10390.4,764.0,3302.75,24.119724095624456
23649,35551.69,2831.0,25666.170000000002,3253.0,9885.52,27.806048038785214
23650,21827.09,1791.0,17817.7,2230.0,4009.3899999999994,18.368870976387598
23655,143.76,24.0,80.4,24.0,63.359999999999985,44.07345575959932
23659,1295.52,48.0,0.0,,1295.52,100.0
23660,17679.39,1361.0,11268.9,1318.0,6410.49,36.2596786427586
23661,1812.63,37.0,32.66,1.0,1779.97,98.1981981981982
23662,4534.32,168.0,953.47,53.0,3580.8499999999995,78.97215017907865
23663,3429.3599999999997,264.0,2445.12,288.0,984.2399999999998,28.700398908251103
23665,2593.54,346.0,2070.81,399.0,522.73,20.15507761592264
23666,2973.11,389.0,2331.6,435.0,641.5100000000002,21.57706912963194
23669,2869.5899999999997,41.0,3919.4399999999996,84.0,-1049.85,-36.58536585365854
23679,99.94999999999999,5.0,326.4,24.0,-226.45,-226.56328164082043
23680,3402.27,173.0,2858.46,213.0,543.81,15.983740267527265
23692,41227.64,2036.0,26813.879999999997,2118.0,14413.760000000002,34.96139968234903
23694,2529.8900000000003,11.0,1575.3,10.0,954.5900000000004,37.73247058172491
23712,68464.06,6594.0,44852.799999999996,6596.0,23611.260000000002,34.48708709357874
23739,221735.87,17253.0,125562.75,17319.0,96173.12,43.37282912322666
23745,5585.860000000001,14.0,1628.52,6.0,3957.3400000000006,70.84567103364567
23746,1709.8100000000002,19.0,834.4000000000001,14.0,875.4100000000001,51.199256057690626
23747,2172.4700000000003,53.0,27.88,1.0,2144.59,98.71666812430091
23748,2359.6,40.0,0.0,,2359.6,100.0
23749,1394.69,31.0,0.0,,1394.69,100.0
23750,629.91,9.0,90.9,2.0,539.01,85.56936705243606
23752,1907.47,53.0,282.24,12.0,1625.23,85.20343701342617
23753,1349.82,18.0,49.66,1.0,1300.1599999999999,96.32099094694107
23754,2089.7799999999997,22.0,0.0,,2089.7799999999997,100.0
23755,5289.9,10.0,7197.2,20.0,-1907.3000000000002,-36.05550199436663
23756,4979.85,15.0,2691.84,12.0,2288.01,45.94535979999398
23757,923.72,28.0,0.0,,923.72,100.0
23762,4769.91,9.0,3605.3999999999996,10.0,1164.5100000000002,24.41366818241854
23763,3338.37,63.0,465.40000000000003,13.0,2872.97,86.05906475315798
23764,17932.94,2206.0,7372.68,1572.0,10560.259999999998,58.88749976300595
23765,467.61,39.0,0.0,,467.61,100.0
23766,2450.8100000000004,19.0,0.0,,2450.8100000000004,100.0
23768,2507.43,57.0,59.86,2.0,2447.5699999999997,97.6126950702512
23769,5599.5,50.0,1547.28,21.0,4052.2200000000003,72.36753281542995
23771,4349.700000000001,30.0,2806.2,30.0,1543.500000000001,35.485205876267344
23772,2947.78,22.0,1469.65,17.0,1478.13,50.14383705703953
23773,519.9,10.0,0.0,,519.9,100.0
23774,689.85,15.0,0.0,,689.85,100.0
23775,575.76,24.0,0.0,,575.76,100.0
23777,3869.7000000000003,30.0,784.44,9.0,3085.26,79.72866113652222
23778,30266.87,2713.0,18240.600000000002,2828.0,12026.269999999997,39.73410531052598
23779,899.9000000000001,10.0,0.0,,899.9000000000001,100.0
23780,2295.72,28.0,385.21,7.0,1910.5099999999998,83.22051469691425
23781,1741.8700000000001,13.0,1618.7400000000002,18.0,123.12999999999988,7.06883981008915
23783,3695.78,22.0,1714.1999999999998,15.0,1981.5800000000004,53.61736899923697
23784,713.63,37.0,562.56,48.0,151.07000000000005,21.169233356221017
23785,9595.199999999999,480.0,5537.06,502.0,4058.1399999999985,42.29343838585958
23791,83.88,12.0,56.28,12.0,27.599999999999994,32.90414878397711
23792,234.96,24.0,79.32,12.0,155.64000000000001,66.24106230847804
23793,1104.15,85.0,497.76,61.0,606.3900000000001,54.91916859122402
23794,134.97,3.0,1243.2,42.0,-1108.23,-821.0935763503
23795,13671.45,855.0,4579.2,424.0,9092.25,66.50538165300681
23796,9534.66,734.0,4163.639999999999,471.0,5371.02,56.3315314861778
23797,11937.81,919.0,4490.72,508.0,7447.089999999999,62.38238001777545
23798,2526.42,158.0,2335.5,225.0,190.92000000000007,7.556938276296106
23799,2302.6,140.0,2132.0,200.0,170.5999999999999,7.409015895075129
23800,6995.0,500.0,2410.4,262.0,4584.6,65.54110078627592
23801,7867.08,492.0,4370.6,410.0,3496.4799999999996,44.44444444444444
23805,459.77,23.0,187.88,14.0,271.89,59.13608978402245
23807,1219.3899999999999,61.0,151.92,12.0,1067.4699999999998,87.54131163942627
23809,119.94,6.0,315.6,24.0,-195.66000000000003,-163.13156578289147
23810,1259.58,42.0,1419.29,71.0,-159.71000000000004,-12.679623366519003
23820,16243.5,650.0,4175.08,259.0,12068.42,74.29691876750701
23823,3105.7799999999997,222.0,2179.2,240.0,926.5799999999999,29.83405134941947
23825,5859.55,445.0,3962.7000000000003,595.0,1896.85,32.37193982473057
23827,7601.81,519.0,5421.78,546.0,2180.0300000000007,28.67777542453706
23828,4390.78,122.0,8171.5199999999995,336.0,-3780.74,-86.10634101458055
23830,299.8,20.0,0.0,,299.8,100.0
23831,1359.1999999999998,80.0,335.88,36.0,1023.3199999999998,75.28840494408475
23832,323.64,36.0,212.76,36.0,110.88,34.260289210233594
23840,12017.32,668.0,2008.96,172.0,10008.36,83.28279516564426
23841,139.9,10.0,207.9,22.0,-68.0,-48.60614724803431
23843,875.88,12.0,576.24,12.0,299.64,34.210165776133714
23848,88498.18,5382.0,63639.63,5931.0,24858.549999999996,28.08933471852189
23851,7479.37,713.0,4862.34,714.0,2617.0299999999997,34.989979102517985
23852,29.99,1.0,467.28,24.0,-437.28999999999996,-1458.1193731243748
23853,5310.82,218.0,6019.2,330.0,-708.3800000000001,-13.338429846991618
23854,99.94999999999999,5.0,309.6,24.0,-209.65000000000003,-209.7548774387194
23855,41.97,3.0,0.0,,41.97,100.0
23856,65.97,3.0,354.24,24.0,-288.27,-436.9713506139154
23857,179.89999999999998,10.0,587.52,48.0,-407.62,-226.5814341300723
23858,5898.19,281.0,6559.44,453.0,-661.25,-11.211066445807951
23860,725.52,48.0,7735.19,1091.0,-7009.67,-966.1580659389128
23861,4790.71,429.0,2856.0,480.0,1934.71,40.384619398794754
23862,433.69,31.0,680.4000000000001,72.0,-246.7100000000001,-56.886255159215125
23863,263.88,12.0,172.56,12.0,91.32,34.60663938153706
23866,24705.77,2023.0,17340.0,2125.0,7365.77,29.813966534943052
23870,20654.77,2223.0,13545.84,2199.0,7108.93,34.41786086216405
23871,8537.560000000001,244.0,6304.11,263.0,2233.4500000000016,26.160284671498662
23873,3879.03,97.0,4158.96,156.0,-279.92999999999984,-7.2164948453608195
23874,13772.58,242.0,14878.9,382.0,-1106.3199999999997,-8.032772363638474
23875,2608.5,50.0,2789.8399999999997,86.0,-181.3399999999997,-6.951888058271025
23876,1668.47,153.0,1723.47,203.0,-55.0,-3.296433259213531
23877,2897.33,267.0,2671.56,362.0,225.76999999999998,7.792346746832428
23878,4360.13,387.0,4066.71,479.0,293.4200000000001,6.729615860077567
23886,15702.33,1467.0,11919.6,1848.0,3782.7299999999996,24.090246479344145
23887,545.61,39.0,1842.12,204.0,-1296.5099999999998,-237.62577665365367
23888,731.39,61.0,949.9,118.0,-218.51,-29.875989554136645
23889,25625.46,3154.0,15139.62,3141.0,10485.839999999998,40.91961666249112
23890,615.56,44.0,4167.84,456.0,-3552.28,-577.0810319059069
23891,14927.86,1714.0,19723.62,2114.0,-4795.759999999998,-32.12623912603681
23892,135.88,12.0,0.0,,135.88,100.0
23894,389.61,39.0,399.6,60.0,-9.990000000000009,-2.5641025641025665
23895,14310.78,1722.0,9196.199999999999,1703.0,5114.580000000002,35.7393517334485
23896,2559.03,197.0,303.2,40.0,2255.8300000000004,88.15176062805048
23897,6987.63,437.0,4647.76,436.0,2339.87,33.48588863463005
23898,5012.049999999999,295.0,1144.08,126.0,3867.9699999999993,77.17341207689469
23899,1982.48,152.0,1263.6,156.0,718.8800000000001,36.26165207215205
23900,5107.74,426.0,3337.4700000000003,423.0,1770.2699999999995,34.65857698316672
23902,2702.31,169.0,568.08,54.0,2134.23,78.97798550129333
23904,902.54,46.0,749.4,60.0,153.14,16.96766902297959
23905,143.82,18.0,31.98,6.0,111.83999999999999,77.76387150604921
23916,191.88,12.0,125.4,12.0,66.47999999999999,34.64665415884928
23917,23915.6,840.0,16333.74,881.0,7581.859999999999,31.702570706986233
23919,16666.09,691.0,10254.67,733.0,6411.42,38.469851056846565
23920,326.94,26.0,140.64,24.0,186.3,56.98293264819233
23921,2249.25,75.0,1234.8,63.0,1014.45,45.10170056685562
23924,11983.67,1333.0,8322.16,1351.0,3661.51,30.554162456075645
23925,1609.21,179.0,133.39999999999998,23.0,1475.81,91.71021805730761
23926,1199.4,60.0,805.1999999999999,60.0,394.20000000000016,32.866433216608314
23928,838.8,120.0,632.28,132.0,206.51999999999998,24.620886981402002
23929,1258.1999999999998,180.0,894.72,192.0,363.4799999999998,28.888888888888875
23932,384.78,22.0,846.72,72.0,-461.94000000000005,-120.05301730859195
23933,7233.73,227.0,6885.54,311.0,348.1899999999996,4.813422674056118
23934,215.88,12.0,428.76,36.0,-212.88,-98.61033907726515
23935,742.51,49.0,360.01,37.0,382.5,51.51445771774118
23936,951.35,65.0,1301.52,132.0,-350.16999999999996,-36.80769432911126
23937,131.94,6.0,354.24,24.0,-222.3,-168.48567530695772
23938,1914.1599999999999,84.0,1642.3,110.0,271.8599999999999,14.20257449742968
23939,21.98,2.0,267.48,36.0,-245.50000000000003,-1116.9244767970883
23943,9320.44,1556.0,7091.21,1717.0,2229.2300000000005,23.91764766470253
23944,5747.7,230.0,844.27,49.0,4903.43,85.31116794543905
23945,626.67,33.0,26.02,2.0,600.65,95.84789442609349
23946,2858.5699999999997,143.0,448.8,33.0,2409.7699999999995,84.2998422288067
23947,18640.23,777.0,12461.4,805.0,6178.83,33.14782060092607
23948,3937.9900000000002,101.0,25.15,1.0,3912.84,99.36134931779918
23949,2937.06,294.0,674.96,104.0,2262.1,77.01919606681511
23950,3494.82,318.0,346.86,47.0,3147.96,90.0750253231926
23951,3132.15,285.0,618.8,85.0,2513.3500000000004,80.24360263716618
23953,143.92,8.0,0.0,,143.92,100.0
23954,7332.66,734.0,4744.19,731.0,2588.4700000000003,35.30055941500084
23955,258.77,23.0,0.0,,258.77,100.0
23957,12087.36,864.0,8212.050000000001,869.0,3875.3099999999995,32.06084703359542
23959,5380.62,138.0,6020.04,227.0,-639.4200000000001,-11.883760607513635
23961,1319.76,24.0,73.32,2.0,1246.44,94.44444444444446
23962,1255.3999999999999,60.0,151.92,12.0,1103.4799999999998,87.89867771228293
23963,2088.0899999999997,91.0,0.0,,2088.0899999999997,100.0
23964,1011.56,44.0,517.63,37.0,493.92999999999995,48.828542053857404
23965,1777.9499999999998,105.0,838.0999999999999,85.0,939.8499999999999,52.86144154785005
23966,629.55,45.0,571.2,60.0,58.34999999999991,9.268525137002607
23968,3417.15,285.0,2257.71,273.0,1159.44,33.93002941047364
23969,1686.47,283.0,892.62,162.0,793.85,47.07169413034326
23970,8.49,1.0,0.0,,8.49,100.0
23973,31668.76,1924.0,20344.8,1960.0,11323.96,35.75750992460709
23974,26265.329999999998,1567.0,17460.0,1552.0,8805.329999999998,33.52453595671555
23975,237.83,17.0,326.88,36.0,-89.04999999999998,-37.4427111802548
23979,681.38,62.0,621.56,82.0,59.82000000000005,8.779242126273159
23982,191.88,12.0,125.4,12.0,66.47999999999999,34.64665415884928
23983,3761.43,57.0,3433.4300000000003,77.0,327.99999999999955,8.720087838933585
23984,10942.7,730.0,8558.48,868.0,2384.220000000001,21.788224112878915
23987,33726.66,3134.0,31794.2,3697.0,1932.4600000000028,5.7297698615872505
23988,947.07,93.0,126.53999999999999,19.0,820.5300000000001,86.63879121923407
23989,181.86,14.0,107.52,12.0,74.34000000000002,40.87759815242495
23990,2278.19,181.0,381.03999999999996,44.0,1897.15,83.27444155228493
23991,10852.76,724.0,7444.299999999999,755.0,3408.460000000001,31.406388789579804
23996,15612.189999999999,781.0,11210.1,869.0,4402.089999999998,28.196492612503427
23997,3998.0,200.0,2383.2,180.0,1614.8000000000002,40.390195097548784
23998,2957.04,296.0,270.0,40.0,2687.04,90.86924762600438
24000,11.98,2.0,0.0,,11.98,100.0
24001,730.5699999999999,43.0,512.1600000000001,44.0,218.40999999999985,29.89583475916064
24002,74471.4,10060.0,45369.37,9799.0,29102.02999999999,39.07812932212902
24003,18187.93,2207.0,9692.9,2135.0,8495.03,46.70696445389883
24004,254.82999999999998,17.0,238.32,24.0,16.50999999999999,6.4788290232704115
24005,29.98,2.0,96.6,12.0,-66.61999999999999,-222.21480987324878
24006,524.85,15.0,95.2,4.0,429.65000000000003,81.86148423359056
24012,1524.3899999999999,61.0,188.32,11.0,1336.07,87.64620602339296
24013,1429.4499999999998,55.0,102.6,6.0,1326.85,92.82241421525762
24014,21128.05,1495.0,15535.88,1711.0,5592.17,26.467989237056898
24015,1367.28,72.0,567.1800000000001,46.0,800.0999999999999,58.51764086361242
24018,19604.7,530.0,12470.01,499.0,7134.6900000000005,36.39275275826715
24020,11084.11,989.0,7011.0,950.0,4073.1100000000006,36.74728958842884
24022,6805.46,454.0,5110.48,508.0,1694.9800000000005,24.906178274503127
24023,215.76,24.0,145.68,24.0,70.07999999999998,32.48053392658509
24024,7636.179999999999,382.0,6037.29,441.0,1598.8899999999994,20.93834875552959
24026,319.68,32.0,326.4,48.0,-6.71999999999997,-2.102102102102093
24027,1769.7,30.0,0.0,,1769.7,100.0
24029,28810.1,1990.0,20214.7,1955.0,8595.399999999998,29.834676033752043
24030,90.94999999999999,5.0,399.59999999999997,36.0,-308.65,-339.3622869708631
24033,4536.13,947.0,3064.95,973.0,1471.1800000000003,32.43249201411776
24035,558.4000000000001,160.0,391.44,168.0,166.9600000000001,29.899713467048723
24040,506.61,39.0,439.0,50.0,67.61000000000001,13.345571544185866
24043,97.93,7.0,228.48,24.0,-130.54999999999998,-133.30950679056465
24044,179.88,12.0,117.6,12.0,62.28,34.62308205470313
24046,87.48,12.0,0.0,,87.48,100.0
24047,7012.2,780.0,4547.2,784.0,2465.0,35.153019023986765
24048,4935.06,494.0,3437.1000000000004,513.0,1497.96,30.35343035343035
24049,6041.28,672.0,4207.92,712.0,1833.3599999999997,30.347211187033206
24050,6728.82,518.0,5019.6,564.0,1709.2199999999993,25.401481983468116
24051,1371.71,229.0,925.8199999999999,238.0,445.8900000000001,32.506141968783496
24052,1993.67,133.0,1488.69,153.0,504.98,25.329166812963027
24053,539.46,54.0,324.0,48.0,215.46000000000004,39.93993993993995
24054,415.74,26.0,378.71999999999997,36.0,37.02000000000004,8.904603838937806
24055,1127.1599999999999,84.0,783.7199999999999,84.0,343.43999999999994,30.4694985627595
24056,11716.83,617.0,8204.56,644.0,3512.2700000000004,29.97628198070639
24060,71.97,3.0,378.72,24.0,-306.75,-426.2192580241767
24062,329.78000000000003,22.0,496.32,48.0,-166.53999999999996,-50.50033355570379
24063,65.96,4.0,388.08000000000004,36.0,-322.12000000000006,-488.35657974530034
24064,209.85,15.0,347.4,36.0,-137.54999999999998,-65.54681915654038
24065,87.92,8.0,180.72,24.0,-92.8,-105.55050045495904
24066,98.91,9.0,78.97999999999999,11.0,19.930000000000007,20.149630977656464
24075,2064.21,249.0,1384.44,249.0,679.77,32.93124246079614
24086,106340.62,8802.0,70521.78,9877.0,35818.84,33.68312127576461
24088,176810.6,11436.0,102147.5,11674.0,74663.1,42.22772842804673
24090,4228.59,141.0,5528.05,253.0,-1299.46,-30.730338008650637
24094,22934.19,3281.0,15245.52,3336.0,7688.669999999998,33.524925013702244
24095,1815.45,455.0,1225.8,454.0,589.6500000000001,32.47955052466331
24096,34027.32,4868.0,22402.14,4902.0,11625.18,34.16425389951369
24097,2453.85,615.0,1577.98,614.0,875.8699999999999,35.69370580923854
24098,14266.59,2041.0,9417.86,2021.0,4848.73,33.986607871958185
24099,901.74,226.0,655.0,250.0,246.74,27.362654423669795
24101,7878.14,986.0,64.32,12.0,7813.820000000001,99.1835636330403
24103,8.49,1.0,137.76,24.0,-129.26999999999998,-1522.614840989399
24104,203.76,24.0,349.20000000000005,60.0,-145.44000000000005,-71.37809187279154
24106,3324.05,95.0,2516.85,105.0,807.2000000000003,24.2836299092974
24107,479.92,8.0,0.0,,479.92,100.0
24109,7898.42,158.0,5546.88,162.0,2351.54,29.772283570638177
24111,1672.14,186.0,2994.1,395.0,-1321.9599999999998,-79.05797361464948
24118,5129.64,336.0,3207.39,323.0,1922.2500000000005,37.47338994549326
24119,10349.2,780.0,3206.25,375.0,7142.950000000001,69.0193444903954
24121,1553.2599999999998,74.0,3691.5800000000004,262.0,-2138.3200000000006,-137.6665851177524
24123,8507.83,817.0,5354.6,820.0,3153.2299999999996,37.06268225857827
24124,2127.86,214.0,515.95,85.0,1611.91,75.7526341018676
24125,4074.58,242.0,1529.12,152.0,2545.46,62.47171487613448
24127,159.79999999999998,20.0,185.39999999999998,36.0,-25.599999999999994,-16.02002503128911
24129,95.88000000000001,12.0,125.28,24.0,-29.39999999999999,-30.663329161451802
24130,0.0,,188.16,24.0,-188.16,0.0
24132,71.88,12.0,48.84,12.0,23.039999999999992,32.05342237061768
24134,79.92,8.0,77.88,12.0,2.0400000000000063,2.55255255255256
24135,1586.31,69.0,154.3,10.0,1432.01,90.27302355781657
24136,1126.51,49.0,180.36,12.0,946.15,83.98948966276376
24138,1349.8500000000001,15.0,0.0,,1349.8500000000001,100.0
24139,9557.55,645.0,10168.800000000001,892.0,-611.2500000000018,-6.395467457664379
24142,527.76,24.0,1820.3999999999999,120.0,-1292.6399999999999,-244.92951341518872
24143,69.93,7.0,236.52,36.0,-166.59,-238.2239382239382
24144,1449.8,20.0,1183.44,24.0,266.3599999999999,18.372189267485165
24145,335.52,48.0,229.92,48.0,105.6,31.47353361945637
24146,23348.32,1168.0,22772.8,1720.0,575.5200000000004,2.4649310956848307
24147,878.12,88.0,567.36,96.0,310.76,35.389240650480566
24148,173.88,12.0,115.92,12.0,57.959999999999994,33.33333333333333
24149,779.61,39.0,432.32,32.0,347.29,44.54663229050423
24151,53796.05,4895.0,27656.09,3773.0,26139.960000000003,48.59085378945109
24152,7325.07,543.0,5507.04,596.0,1818.0299999999997,24.81928500341976
24153,7625.13,587.0,5388.96,618.0,2236.17,29.32631968241853
24154,167.94,6.0,18.91,1.0,149.03,88.74002619983328
24156,2302.83,117.0,1677.0,130.0,625.8299999999999,27.176561014056617
24158,174.92999999999998,7.0,419.12,26.0,-244.19000000000003,-139.59298004916258
24159,1999.8,20.0,810.72,12.0,1189.08,59.45994599459946
24161,65.99,1.0,255.42,6.0,-189.43,-287.05864524928023
24165,2124.75,25.0,662.28,12.0,1462.47,68.83021531944935
24166,2399.68,32.0,201.32,4.0,2198.3599999999997,91.6105480730764
24167,899.75,25.0,0.0,,899.75,100.0
24169,749.85,15.0,0.0,,749.85,100.0
24170,1639.5900000000001,41.0,623.28,24.0,1016.3100000000002,61.98561835580847
24174,0.0,,106.8,12.0,-106.8,0.0
24175,139.9,10.0,90.8,10.0,49.10000000000001,35.09649749821301
24178,2969.73,27.0,1122.3,15.0,1847.43,62.20868563808831
24180,1810.5,50.0,3264.3,135.0,-1453.8000000000002,-80.29826014913009
24181,1841.75,25.0,1298.4,24.0,543.3499999999999,29.501832496267134
24182,3097.66,34.0,1937.19,31.0,1160.4699999999998,37.4627944964909
24183,823.9,10.0,1451.8400000000001,26.0,-627.9400000000002,-76.2155601407938
24185,4370.53,47.0,2277.36,36.0,2093.1699999999996,47.89281849112121
24187,1154.65,35.0,0.0,,1154.65,100.0
24188,197484.76,12604.0,107140.05,12531.0,90344.71,45.7476870620295
24191,679.68,32.0,110.32,8.0,569.3599999999999,83.76883239171374
24193,34638.869999999995,1513.0,22108.02,1558.0,12530.849999999995,36.17568933397653
24195,972.63,37.0,195.96,12.0,776.67,79.85256469572191
24197,19.99,1.0,330.96,24.0,-310.96999999999997,-1555.6278139069536
24198,322.83,17.0,458.64,36.0,-135.81,-42.06858098689713
24200,9.99,1.0,6.89,1.0,3.1000000000000005,31.031031031031038
24202,1217.93,7.0,2035.2599999999998,18.0,-817.3299999999997,-67.10812608277978
24203,1704.66,134.0,81.94,17.0,1622.72,95.19317635188249
24205,7974.1900000000005,731.0,558.42,82.0,7415.77,92.99715707802298
24206,119.92,8.0,119.88,12.0,0.04000000000000625,0.033355570380258714
24207,199.92,8.0,391.92,24.0,-192.00000000000003,-96.03841536614648
24208,13136.12,1288.0,7557.150000000001,1245.0,5578.97,42.4704555074101
24211,137.94,6.0,89.58,6.0,48.36,35.0587211831231
24216,2201.4,160.0,1466.26,167.0,735.1400000000001,33.39420368856183
24218,536.6999999999999,30.0,857.52,72.0,-320.82000000000005,-59.77641140301846
24222,734.51,49.0,580.2,60.0,154.30999999999995,21.008563532150678
24227,263.76,24.0,181.92,24.0,81.84,31.028207461328485
24229,321.93,7.0,0.0,,321.93,100.0
24231,91.98,2.0,0.0,,91.98,100.0
24237,344.77,23.0,482.88,48.0,-138.11,-40.05858978449402
24241,2833.5,200.0,3088.2599999999998,266.0,-254.75999999999976,-8.991000529380615
24243,2706.6699999999996,133.0,1492.6999999999998,115.0,1213.9699999999998,44.85105313909712
24244,5661.64,236.0,694.56,48.0,4967.08,87.73217654248592
24246,479.20000000000005,80.0,0.0,,479.20000000000005,100.0
24249,239.52,48.0,161.76,48.0,77.76000000000002,32.46492985971944
24251,271.65999999999997,34.0,259.2,48.0,12.45999999999998,4.586615622469256
24252,367.54,46.0,307.79999999999995,57.0,59.740000000000066,16.254013168634724
24253,18073.739999999998,1026.0,14409.6,1185.0,3664.1399999999976,20.27328046104458
24256,1241.31,69.0,0.0,,1241.31,100.0
24260,1006.8100000000001,19.0,36.54,1.0,970.2700000000001,96.37071542793576
24261,2277.33,67.0,0.0,,2277.33,100.0
24262,2015.68,32.0,0.0,,2015.68,100.0
24265,10940.35,465.0,6185.51,439.0,4754.84,43.461498032512665
24273,1359.1100000000001,89.0,125.4,12.0,1233.71,90.7733737519406
24274,577.6999999999999,30.0,309.6,24.0,268.0999999999999,46.40817033062142
24275,395.78,22.0,139.68,12.0,256.09999999999997,64.70766587498105
24276,1007.16,84.0,853.3,106.0,153.86,15.276619405059774
24279,1329.81,19.0,324.45,7.0,1005.3599999999999,75.60177769756581
24280,3059.64,36.0,698.52,12.0,2361.12,77.16986312115151
24281,4329.57,43.0,5315.04,72.0,-985.4700000000003,-22.761382770113435
24282,2969.91,9.0,1714.24,8.0,1255.6699999999998,42.27973238246277
24285,3987.15,285.0,821.73,91.0,3165.42,79.39054211654941
24286,64862.24,2776.0,41524.0,2800.0,23338.239999999998,35.98124270762157
24287,239.85,15.0,250.8,24.0,-10.950000000000017,-4.565353345841158
24288,5934.6,540.0,4448.22,623.0,1486.38,25.046001415428165
24289,23301.420000000002,1558.0,22905.78,2391.0,395.64000000000306,1.6979222725482097
24290,10407.95,805.0,7972.32,977.0,2435.630000000001,23.401630484389347
24291,14050.189999999999,781.0,4316.4,360.0,9733.789999999999,69.27870726303345
24292,6692.91,609.0,5131.280000000001,686.0,1561.6299999999992,23.332601215315897
24293,549.89,11.0,0.0,,549.89,100.0
24294,19030.48,952.0,13538.14,1043.0,5492.34,28.86075390636495
24295,265.78000000000003,22.0,162.36,22.0,103.42000000000002,38.91188200767552
24297,13996.36,1264.0,11130.14,1498.0,2866.220000000001,20.478324364334735
24298,359.7,30.0,236.70000000000002,30.0,122.99999999999997,34.195162635529606
24299,10800.19,1181.0,6079.92,1034.0,4720.27,43.70543481179498
24301,22448.86,2514.0,15857.53,2899.0,6591.33,29.361535507816434
24303,63883.71,8579.0,47320.17,9483.0,16563.54,25.927642586819083
24304,4490.79,321.0,3192.6000000000004,340.0,1298.1899999999996,28.907831361519904
24305,2903.33,167.0,458.38,41.0,2444.95,84.21192217212649
24308,3839.2000000000003,80.0,0.0,,3839.2000000000003,100.0
24309,137.94,6.0,372.72,24.0,-234.78000000000003,-170.20443671161377
24310,56199.340000000004,5966.0,35719.1,5470.0,20480.240000000005,36.44213615320038
24311,5015.43,57.0,2063.12,34.0,2952.3100000000004,58.864544017163034
24312,5499.45,55.0,738.21,11.0,4761.24,86.57665766576658
24313,4439.94,6.0,2883.06,6.0,1556.8799999999997,35.06533872079352
24314,3211.27,73.0,28.38,1.0,3182.89,99.11623750105099
24319,199.98,2.0,799.92,12.0,-599.9399999999999,-300.0
24322,5648.87,113.0,460.46000000000004,14.0,5188.41,91.84863521376842
24323,12609.03,97.0,3448.7700000000004,39.0,9160.26,72.64841149557103
24325,658288.13,39387.0,449061.12,41274.0,209227.01,31.783500334420435
24327,323546.95999999996,15704.0,233913.6,17856.0,89633.35999999996,27.703354097346477
24328,3564.7700000000004,23.0,1215.6,12.0,2349.1700000000005,65.89962325760148
24329,2969.8500000000004,15.0,1898.54,14.0,1071.3100000000004,36.072865632944435
24330,5779.77,123.0,226.87,7.0,5552.900000000001,96.07475730003098
24331,5855.04,96.0,792.0,20.0,5063.04,86.47319232661091
24332,152.88,12.0,257.07,33.0,-104.19,-68.15149136577709
24334,818.37,63.0,636.16,71.0,182.21000000000004,22.26499016337354
24335,5797.83,417.0,4090.8799999999997,512.0,1706.9500000000003,29.441187478763613
24336,384.65,35.0,454.79999999999995,60.0,-70.14999999999998,-18.2373586377226
24337,1918.72,128.0,1190.88,144.0,727.8399999999999,37.933622414943294
24341,1259.82,18.0,278.1,6.0,981.7199999999999,77.92541791684526
24346,455.88000000000005,12.0,324.87,13.0,131.01000000000005,28.737825743616746
24347,1570.01,99.0,1580.28,156.0,-10.269999999999982,-0.6541359609174452
24349,1594.71,29.0,532.2,15.0,1062.51,66.62716105122561
24353,4287.23,177.0,2307.48,201.0,1979.7499999999995,46.17783510565096
24357,48915.0,2700.0,35312.4,2885.0,13602.599999999999,27.808647654093832
24359,195.96,4.0,194.64,6.0,1.3200000000000216,0.6736068585425706
24361,5826.76,124.0,3930.8799999999997,128.0,1895.8800000000006,32.53746507493016
24363,1091.58,42.0,2966.43,183.0,-1874.85,-171.75562029351948
24364,324.87,13.0,0.0,,324.87,100.0
24365,299.88,12.0,325.28,19.0,-25.399999999999977,-8.470054688542076
24366,779.6099999999999,39.0,0.0,,779.6099999999999,100.0
24367,79.96,4.0,165.48,12.0,-85.52,-106.95347673836919
24368,911.52,48.0,599.52,48.0,312.0,34.228541337546076
24369,63810.78,5322.0,32002.579999999998,3898.0,31808.2,49.847690311887746
24370,215.88,12.0,124.56,12.0,91.32,42.301278488048915
24371,79.95,5.0,62.7,6.0,17.25,21.575984990619137
24377,8977.01,1799.0,4081.56,1204.0,4895.450000000001,54.5331908954095
24378,32947.02,3298.0,22558.32,3298.0,10388.699999999997,31.531531531531527
24379,30175.77,2323.0,11932.02,1359.0,18243.75,60.45827496696853
24384,559.93,7.0,0.0,,559.93,100.0
24385,2141.9300000000003,7.0,1047.9,5.0,1094.0300000000002,51.07683257622798
24386,1304.55,45.0,0.0,,1304.55,100.0
24387,1599.1999999999998,80.0,174.45999999999998,13.0,1424.7399999999998,89.09079539769884
24388,999.4999999999999,50.0,27.2,2.0,972.2999999999998,97.27863931965982
24390,1799.25,75.0,0.0,,1799.25,100.0
24392,6010.33,167.0,471.5799999999999,19.0,5538.75,92.1538418023636
24393,809.85,15.0,223.38,6.0,586.47,72.4171142804223
24394,1109.85,15.0,0.0,,1109.85,100.0
24396,1889.9,10.0,3232.8399999999997,26.0,-1342.9399999999996,-71.0587861791629
24398,16990.0,1000.0,11844.6,1039.0,5145.4,30.28487345497351
24404,3608.9900000000002,301.0,5546.67,703.0,-1937.6799999999998,-53.690367665191644
24405,809.7299999999999,27.0,0.0,,809.7299999999999,100.0
24406,1885.1799999999998,82.0,1642.2,105.0,242.9799999999998,12.888954900858263
24408,3066.93,307.0,2434.3999999999996,358.0,632.5300000000002,20.62420726915842
24410,557.6899999999999,31.0,887.0400000000001,72.0,-329.35000000000014,-59.05610643906116
24411,999.7500000000001,25.0,162.12,6.0,837.6300000000001,83.78394598649662
24415,899.6999999999999,30.0,158.88,8.0,740.8199999999999,82.3407802600867
24416,5572.71,429.0,3983.68,472.0,1589.0300000000002,28.51449294867309
24417,17.97,3.0,47.04,12.0,-29.07,-161.76961602671122
24418,4280.94,306.0,3259.52,352.0,1021.4199999999996,23.859713053675122
24419,148890.37,13263.0,94878.98,14077.0,54011.39,36.275945851971485
24422,1614.91,9.0,2701.12,23.0,-1086.2099999999998,-67.26133344892283
24423,0.0,,1470.72,24.0,-1470.72,0.0
24424,3294.97,103.0,610.45,29.0,2684.5199999999995,81.47327593270954
24425,49.99,1.0,1168.56,36.0,-1118.57,-2237.5875175035007
24426,2069.58,42.0,3492.8300000000004,113.0,-1423.2500000000005,-68.76999197904891
24427,5567.5199999999995,48.0,6314.88,96.0,-747.3600000000006,-13.423570997499795
24428,66.94,6.0,0.0,,66.94,100.0
24429,18596.49,1551.0,3037.5,375.0,15558.990000000002,83.66627250626328
24430,297.49,31.0,218.12,38.0,79.37,26.679888399610075
24432,2004.77,223.0,458.15,77.0,1546.62,77.14700439451907
24438,11.99,1.0,8.1,1.0,3.8900000000000006,32.44370308590492
24439,10247.2,680.0,8873.15,715.0,1374.050000000001,13.409028807869477
24441,754.92,108.0,1151.98,239.0,-397.06000000000006,-52.59630159487099
24442,775.89,111.0,1407.12,312.0,-631.2299999999999,-81.3556045315702
24447,41.97,3.0,223.92,24.0,-181.95,-433.5239456754825
24449,265.84999999999997,15.0,248.16,24.0,17.68999999999997,6.654128267820189
24450,246.86999999999998,13.0,297.84,24.0,-50.97,-20.646494106209747
24451,4800.04,196.0,2010.96,133.0,2789.08,58.105349122090644
24452,1984.3,170.0,371.41999999999996,49.0,1612.88,81.28206420400141
24453,63306.06,2694.0,39037.9,2530.0,24268.159999999996,38.334655481639516
24454,4065.1499999999996,185.0,528.36,37.0,3536.7899999999995,87.00269362754142
24455,235731.91,11732.0,143541.18,12258.0,92190.73000000001,39.10829467253713
24456,73061.67,4679.0,35549.299999999996,4330.0,37512.37,51.34343356783386
24458,18536.41,459.0,11164.92,421.0,7371.49,39.76762490687247
24465,2558.72,128.0,1784.86,133.0,773.8599999999999,30.244028264132066
24469,83.97,3.0,0.0,,83.97,100.0
24470,170.91,9.0,0.0,,170.91,100.0
24471,539.73,27.0,0.0,,539.73,100.0
24473,499.90000000000003,10.0,0.0,,499.90000000000003,100.0
24475,1139.88,12.0,0.0,,1139.88,100.0
24476,789.21,79.0,127.30000000000001,19.0,661.9100000000001,83.86994589526236
24477,314.95000000000005,5.0,0.0,,314.95000000000005,100.0
24478,139.62,78.0,147.6,72.0,-7.97999999999999,-5.71551353674258
24479,10.74,6.0,6.9,6.0,3.84,35.754189944134076
24483,3409.38,62.0,2983.02,83.0,426.3600000000001,12.505499533639549
24486,2943.45,155.0,4558.849999999999,365.0,-1615.3999999999996,-54.88117685029471
24487,83.97,3.0,456.96,24.0,-372.99,-444.19435512683106
24489,28345.1,1390.0,20058.94,1606.0,8286.16,29.233130241205714
24491,503.88,12.0,1007.64,36.0,-503.76,-99.97618480590617
24492,0.0,,299.76,24.0,-299.76,0.0
24493,70717.5,2950.0,27719.28,1878.0,42998.22,60.80279987273306
24494,2037.96,204.0,1496.0,220.0,541.96,26.59325992659326
24495,1924.45,55.0,559.92,24.0,1364.5300000000002,70.90493387721169
24496,2183.79,21.0,1485.54,21.0,698.25,31.974228291181845
24497,19121.41,1559.0,12652.2,1562.0,6469.209999999999,33.832285380628306
24498,14354.38,562.0,10045.85,607.0,4308.529999999999,30.015437796686438
24503,60369.229999999996,877.0,48188.51,1019.0,12180.719999999994,20.177033896241504
24510,1439.1,90.0,1425.6,132.0,13.5,0.9380863039399625
24511,263.88,12.0,178.32,12.0,85.56,32.42382901318781
24512,1671.24,76.0,1489.32,108.0,181.92000000000007,10.885330652689024
24513,347.71,29.0,575.28,72.0,-227.57,-65.44821834287194
24514,190.84,16.0,473.40000000000003,60.0,-282.56000000000006,-148.06120310207507
24515,3952.27,433.0,5474.37,583.0,-1522.1,-38.51204497668429
24516,167.88,12.0,111.96,12.0,55.92,33.30950679056469
24518,89.94999999999999,5.0,145.92,12.0,-55.97,-62.22345747637578
24520,7884.93,607.0,7105.28,793.0,779.6500000000005,9.887849353133134
24521,165.88,12.0,0.0,,165.88,100.0
24525,0.0,,170.28,12.0,-170.28,0.0
24526,1665.66,34.0,0.0,,1665.66,100.0
24527,2818.5899999999997,141.0,718.85,55.0,2099.74,74.49611330487939
24528,4270.22,178.0,1117.24,68.0,3152.9800000000005,73.83647680915738
24529,1735.69,31.0,3298.1,86.0,-1562.4099999999999,-90.01665043873041
24530,1874.71,29.0,3282.08,73.0,-1407.37,-75.07134436792889
24531,1689.35,65.0,51.300000000000004,3.0,1638.05,96.96332909107053
24532,1619.4299999999998,57.0,1190.4,62.0,429.02999999999975,26.492654822993263
24533,599.8,20.0,0.0,,599.8,100.0
24534,1829.7299999999998,27.0,2666.3999999999996,60.0,-836.6699999999998,-45.72641865193225
24535,24219.8,2320.0,21478.5,2775.0,2741.2999999999993,11.3184254205237
24539,1049.6499999999999,35.0,1199.4,60.0,-149.75000000000023,-14.266660315343232
24540,6019.139999999999,286.0,896.3499999999999,65.0,5122.789999999999,85.10833773595563
24541,194.96999999999997,3.0,0.0,,194.96999999999997,100.0
24545,75.81,19.0,64.8,24.0,11.010000000000005,14.523149980213699
24546,1807.47,453.0,1824.76,686.0,-17.289999999999964,-0.9565857247976434
24548,1729.05,95.0,2832.86,197.0,-1103.8100000000002,-63.83910239727019
24552,38903.49,3851.0,28964.100000000002,4323.0,9939.389999999996,25.548838934501756
24553,0.0,,301.93,1.0,-301.93,0.0
24554,1675.71,129.0,268.46,31.0,1407.25,83.97932816537468
24555,890.67,33.0,200.64000000000001,11.0,690.03,77.47313819933309
24556,611.64,36.0,139.68,12.0,471.96,77.16303708063566
24557,1454.8799999999999,112.0,781.42,89.0,673.4599999999999,46.28972836247663
24558,5366.85,575.0,3128.0299999999997,421.0,2238.8200000000006,41.715717786038375
24559,1019.4899999999999,51.0,13.42,1.0,1006.0699999999999,98.68365555326683
24560,15565.29,1371.0,14009.4,1629.0,1555.8900000000012,9.995894711887804
24561,735.54,46.0,619.2,60.0,116.33999999999992,15.816950811648574
24563,129.9,10.0,101.88,12.0,28.02000000000001,21.570438799076218
24564,1109.26,74.0,1971.84,192.0,-862.5799999999999,-77.76175107729478
24566,409.59,41.0,389.4,60.0,20.189999999999998,4.929319563465905
24567,9323.51,649.0,7518.24,828.0,1805.2700000000004,19.362557663369273
24568,107.88,12.0,73.44,12.0,34.44,31.92436040044494
24570,143.88,12.0,97.2,12.0,46.67999999999999,32.443703085904914
24571,38.97,3.0,210.72,24.0,-171.75,-440.72363356428025
24572,999.8000000000001,20.0,66.66,2.0,933.1400000000001,93.33266653330666
24573,119.9,10.0,173.52,24.0,-53.620000000000005,-44.72060050041702
24574,2349.53,47.0,493.35,15.0,1856.1800000000003,79.00218341540649
24575,3464.01,99.0,46.34,2.0,3417.67,98.66224404663959
24576,3603.9700000000003,103.0,3998.4000000000005,168.0,-394.4300000000003,-10.944319736290819
24578,1982.5700000000002,43.0,53.62,2.0,1928.9500000000003,97.29542966957031
24579,12957.38,862.0,10475.4,1020.0,2481.9799999999996,19.154952621594795
24580,12902.42,658.0,11135.25,909.0,1767.17,13.69642284160646
24583,319.92,8.0,947.1600000000001,36.0,-627.24,-196.06151537884472
24584,0.0,,330.96,12.0,-330.96,0.0
24585,2953.79,121.0,2508.24,168.0,445.5500000000002,15.084010711661971
24586,202.93,7.0,921.6,48.0,-718.6700000000001,-354.1467501108757
24587,3588.79,621.0,446.49,99.0,3142.3,87.55875935900401
24588,6440.83,417.0,5467.2,536.0,973.6300000000001,15.116530012436288
24589,233.82,18.0,322.56,36.0,-88.74000000000001,-37.95227097767514
24590,125.82,18.0,281.4,60.0,-155.57999999999998,-123.65283738674296
24591,2132.81,219.0,2630.2400000000002,272.0,-497.4300000000003,-23.32275261275033
24592,61116.33,7667.0,34368.32,7328.0,26748.010000000002,43.76573331546577
24593,17647.579999999998,942.0,12054.7,1190.0,5592.879999999997,31.69205069476947
24594,21863.99,1401.0,13321.88,1507.0,8542.110000000002,39.06930985606928
24595,4034.6099999999997,459.0,1095.82,187.0,2938.79,72.8395061728395
24596,118.94999999999999,5.0,534.96,36.0,-416.01000000000005,-349.735182849937
24599,803.51,49.0,957.6000000000001,84.0,-154.09000000000015,-19.17711042799718
24600,407.76,24.0,268.32,24.0,139.44,34.19658622719247
24602,1446.27,73.0,1456.32,96.0,-10.049999999999955,-0.6948909954572766
24603,17844.05,595.0,12480.6,620.0,5363.449999999999,30.057358054925864
24604,27845.15,3485.0,19450.8,3602.0,8394.350000000002,30.14654257563706
24605,12939.12,1488.0,7289.62,1378.0,5649.500000000001,43.66216558776795
24606,18554.57,2143.0,9584.15,1861.0,8970.42,48.34614868466367
24612,90391.57,7443.0,45343.62,7791.0,45047.950000000004,49.83645045660784
24615,559.86,14.0,1599.6000000000001,60.0,-1039.7400000000002,-185.71428571428575
24621,14122.12,1088.0,6603.240000000001,1123.0,7518.88,53.24186453591954
24622,279.96,4.0,0.0,,279.96,100.0
24627,82.94999999999999,5.0,424.84000000000003,38.0,-341.89000000000004,-412.1639541892708
24631,114829.05,4595.0,56766.450000000004,3385.0,58062.6,50.564382445034596
24634,77100.84999999999,4515.0,51658.1,5030.0,25442.749999999993,32.99931194014073
24642,0.0,,82.68,12.0,-82.68,0.0
24643,197.67000000000002,33.0,186.3,46.0,11.370000000000005,5.752010927303083
24645,371.82,18.0,1028.16,72.0,-656.3400000000001,-176.52089720832663
24646,1907.43,217.0,368.28,62.0,1539.15,80.69234519746466
24647,16499.45,55.0,14709.04,76.0,1790.4099999999999,10.851331408016629
24648,37761.92,2208.0,23391.73,2419.0,14370.189999999999,38.054712260393536
24650,8801.22,78.0,3011.9700000000003,39.0,5789.249999999999,65.77781262143202
24655,0.0,,123.24,12.0,-123.24,0.0
24658,351.94,6.0,0.0,,351.94,100.0
24662,10674.66,534.0,10875.550000000001,805.0,-200.89000000000124,-1.8819334761013582
24663,16901.43,1057.0,13895.55,1269.0,3005.880000000001,17.784767324421665
24664,8401.59,841.0,5620.38,849.0,2781.21,33.103376860808496
24665,33643.979999999996,1202.0,23198.6,1202.0,10445.379999999997,31.04680242943908
24666,9675.89,1211.0,6285.09,1211.0,3390.7999999999993,35.043804755944926
24668,2099.65,35.0,1365.21,33.0,734.44,34.979163193865645
24669,1439.76,24.0,2103.2999999999997,54.0,-663.5399999999997,-46.08684780796798
24670,5249.25,75.0,3999.2400000000002,84.0,1250.0099999999998,23.813116159451344
24671,1245.11,89.0,229.92,24.0,1015.1899999999999,81.534161640337
24672,4383.84,316.0,2674.35,315.0,1709.4900000000002,38.99526442570897
24673,23926.8,1720.0,15330.56,1711.0,8596.24,35.92724476319441
24678,1693.8700000000001,113.0,3528.0,360.0,-1834.1299999999999,-108.28044655138822
24684,4593.04,196.0,4565.820000000001,294.0,27.219999999999345,0.5926358141884099
24685,155.88,12.0,0.0,,155.88,100.0
24686,43297.81,5419.0,23957.48,4348.0,19340.329999999998,44.66814834283766
24691,2291.63,37.0,1460.3899999999999,37.0,831.2400000000002,36.27287127503132
24692,2432.69,331.0,1112.19,131.0,1320.5,54.28147441720893
24694,363.72,28.0,304.64,34.0,59.08000000000004,16.243264049268678
24696,269.98,2.0,0.0,,269.98,100.0
24697,39816.72,3728.0,27181.9,4057.0,12634.82,31.73244807708922
24699,7568.39,161.0,7953.919999999999,256.0,-385.52999999999884,-5.093949968223081
24700,1724.74,126.0,1544.52,183.0,180.22000000000003,10.449111170379306
24701,1399.1,90.0,244.8,24.0,1154.3,82.5030376670717
24703,19432.84,616.0,9906.06,642.0,9526.78,49.02412616992679
24704,6248.46,554.0,5613.58,707.0,634.8800000000001,10.160583567791106
24705,3328.63,237.0,2869.44,366.0,459.19000000000005,13.795164977783653
24706,8419.15,385.0,5694.78,447.0,2724.37,32.35920490785887
24710,239.88,12.0,483.12,36.0,-243.24,-101.4007003501751
24712,265.85999999999996,14.0,416.5,34.0,-150.64000000000004,-56.66140073723015
24714,107.91,9.0,595.4399999999999,72.0,-487.53,-451.79316096747283
24715,2902.52,48.0,473.64,12.0,2428.88,83.68176618938027
24717,455.62,38.0,381.12,48.0,74.5,16.35134541942847
24720,1091.61,39.0,333.71999999999997,18.0,757.8899999999999,69.42864209745238
24722,1285.55,45.0,996.84,52.0,288.7099999999999,22.45809186729415
24723,779.87,13.0,248.22,6.0,531.65,68.1716183466475
24724,480.87,13.0,152.04,6.0,328.83000000000004,68.38230706843846
24725,1322.79,21.0,777.1,19.0,545.6899999999999,41.25295776351499
24727,2649.5,50.0,453.18,13.0,2196.32,82.89564068692206
24728,1319.3999999999999,60.0,195.78,13.0,1123.62,85.16143701682583
24731,1679.72,28.0,0.0,,1679.72,100.0
24732,1763.72,28.0,494.04,12.0,1269.68,71.98875104891933
24734,359.76,24.0,124.08,12.0,235.68,65.51034022681789
24736,11809.99,301.0,6638.34,249.0,5171.65,43.790468916569786
24751,191.88,12.0,128.76,12.0,63.120000000000005,32.89555972482802
24752,8693.33,967.0,5753.650000000001,967.0,2939.6799999999994,33.815350389321466
24753,23646.78,2122.0,20496.32,2704.0,3150.459999999999,13.322997888084547
24754,643.54,46.0,434.70000000000005,46.0,208.83999999999992,32.45175125089349
24755,16640.67,1233.0,4159.86,534.0,12480.809999999998,75.00184788232684
24757,9069.84,216.0,5660.299999999999,214.0,3409.540000000001,37.59206336605718
24759,4551.969999999999,343.0,2051.58,186.0,2500.3899999999994,54.92984356223788
24766,13446.03,897.0,1027.0,100.0,12419.03,92.36205779698543
24768,35865.57,2243.0,24560.850000000002,2243.0,11304.719999999998,31.519699812382733
24769,119.96,4.0,248.16,12.0,-128.2,-106.86895631877292
24771,37089.97,2803.0,19242.52,2222.0,17847.45,48.119343315726596
24772,14312.4,1060.0,10694.039999999999,1218.0,3618.3600000000006,25.28129454179593
24773,8.99,1.0,144.72,24.0,-135.73,-1509.7886540600666
24774,2857.8,220.0,3092.2200000000003,369.0,-234.42000000000007,-8.202813352928828
24775,3520.29,271.0,3613.4,406.0,-93.11000000000013,-2.6449525465231596
24776,51.98,2.0,215.04,12.0,-163.06,-313.6975759907657
24777,1221.06,94.0,1342.3,155.0,-121.24000000000001,-9.929078014184398
24778,31364.1,1390.0,19878.96,1356.0,11485.14,36.618745635934076
24779,113039.15,10585.0,72675.0,10625.0,40364.149999999994,35.7081152857218
24782,9961.77,623.0,3679.2,336.0,6282.570000000001,63.066804393195184
24783,0.0,,309.84,24.0,-309.84,0.0
24784,428.58,42.0,295.68,42.0,132.89999999999998,31.009379812403747
24786,158963.61000000002,639.0,69802.01,437.0,89161.60000000002,56.0893150325411
24787,21769.109999999997,1089.0,11604.119999999999,894.0,10164.989999999998,46.694559400912574
24788,33807.96,2204.0,17359.65,1837.0,16448.309999999998,48.652181320612065
24789,0.0,,3170.1600000000003,252.0,-3170.1600000000003,0.0
24790,1520.91,9.0,0.0,,1520.91,100.0
24791,367.84,16.0,248.48000000000002,16.0,119.35999999999996,32.44889082209655
24792,643.7199999999999,28.0,432.03999999999996,28.0,211.67999999999995,32.88386254893432
24793,71.88,12.0,47.64,12.0,24.239999999999995,33.72287145242069
24798,16918.53,1247.0,11229.2,1340.0,5689.329999999998,33.62780336116671
24799,3980.06,294.0,4104.0,480.0,-123.94000000000005,-3.1140234066823127
24800,2025.57,143.0,2187.84,212.0,-162.2700000000002,-8.011078363127426
24804,409.95,5.0,2280.6,42.0,-1870.6499999999999,-456.3117453347969
24805,133363.09,11991.0,83584.8,12220.0,49778.28999999999,37.32538740666551
24808,252.77,23.0,167.44,23.0,85.33000000000001,33.75796178343949
24812,1805.61,139.0,1220.42,139.0,585.1899999999998,32.40954580446497
24813,39.48,12.0,27.24,12.0,12.239999999999998,31.00303951367781
24816,39.48,12.0,27.24,12.0,12.239999999999998,31.00303951367781
24817,13309.619999999999,738.0,11370.8,868.0,1938.8199999999997,14.567057511784709
24818,5740.719999999999,228.0,5149.32,249.0,591.3999999999996,10.30184367117713
24819,1649.78,22.0,2612.5199999999995,54.0,-962.7399999999996,-58.35565954248443
24820,0.0,,10.13,1.0,-10.13,0.0
24825,1919.76,24.0,1567.45,29.0,352.30999999999995,18.351773138308953
24826,23198.84,116.0,27599.31,207.0,-4400.470000000001,-18.968491528024682
24827,3599.91,9.0,6215.98,23.0,-2616.0699999999997,-72.6704278718079
24829,133815.98,11502.0,89034.72,11824.0,44781.26000000001,33.46480741687204
24837,52200.39,10461.0,36159.659999999996,10573.0,16040.730000000003,30.729138230576446
24840,81443.11,5289.0,53442.08,6332.0,28001.03,34.38109129182321
24841,11927.97,1403.0,9195.07,1681.0,2732.8999999999996,22.911694110565335
24842,30202.93,4344.0,18998.0,4130.0,11204.93,37.09881789614452
24844,1312.54,146.0,2504.32,344.0,-1191.7800000000002,-90.79951849086505
24845,530.41,59.0,2423.52,324.0,-1893.1100000000001,-356.91446239701366
24846,56537.7,2930.0,36382.5,2970.0,20155.199999999997,35.64913323322314
24847,1339.51,149.0,2891.52,384.0,-1552.01,-115.86400997379639
24853,322.83,17.0,312.24,24.0,10.589999999999975,3.280364278412779
24854,0.0,,410.40000000000003,36.0,-410.40000000000003,0.0
24856,359.88,12.0,248.16,12.0,111.72,31.04368122707569
24857,1207.99,101.0,611.28,72.0,596.71,49.39693209380873
24858,4290.11,289.0,2096.91,207.0,2193.2,51.122232297073964
24860,4179.24,76.0,6173.5199999999995,174.0,-1994.2799999999997,-47.71872397852241
24863,5469.719999999999,228.0,1604.3799999999999,97.0,3865.3399999999992,70.6679683786373
24866,609.61,39.0,1292.28,132.0,-682.67,-111.98471153688423
24868,6746.08,592.0,5303.32,709.0,1442.7600000000002,21.386642316723197
24872,2319.6,40.0,2419.2000000000003,63.0,-99.60000000000036,-4.293843766166596
24873,125.86,14.0,113.81,19.0,12.049999999999997,9.574129985698393
24874,11044.97,903.0,7415.96,934.0,3629.0099999999993,32.856675934837305
24875,164887.11000000002,23589.0,112819.59000000001,24687.0,52067.520000000004,31.57767760014715
24876,4046.0199999999995,198.0,276.15000000000003,21.0,3769.8699999999994,93.17477422256934
24878,286.93,7.0,0.0,,286.93,100.0
24881,1260.97,103.0,197.04,24.0,1063.93,84.37393435212574
24882,1988.3500000000001,665.0,1340.54,691.0,647.8100000000002,32.58028013176755
24883,2830.4599999999996,154.0,2084.8799999999997,168.0,745.5799999999999,26.341301413904457
24884,967.52,48.0,0.0,,967.52,100.0
24885,4770.65,335.0,3298.05,349.0,1472.5999999999995,30.867911081299187
24886,120.89,11.0,0.0,,120.89,100.0
24887,49500.45,4955.0,35428.0,5210.0,14072.449999999997,28.42893347434215
24888,9239.78,22.0,4450.24,16.0,4789.540000000001,51.836082677293184
24895,2851.38,62.0,1876.12,62.0,975.2600000000002,34.20308762774516
24896,1529.66,34.0,1561.11,51.0,-31.449999999999818,-2.0560124472104793
24897,6489.599999999999,240.0,7015.61,371.0,-526.0100000000002,-8.105430226824462
24907,114241.84,10216.0,70849.87000000001,10283.0,43391.96999999999,37.9825552529616
24913,137.94,6.0,94.5,6.0,43.44,31.491953023053497
24921,715.52,48.0,1248.0,120.0,-532.48,-74.4186046511628
24922,901.4,60.0,1151.7,110.0,-250.30000000000007,-27.767916574217892
24923,674.95,5.0,1072.8,12.0,-397.8499999999999,-58.94510704496627
24924,1242.34,16.0,2254.56,42.0,-1012.22,-81.47689038427485
24925,94.95,5.0,62.9,5.0,32.050000000000004,33.75460768825698
24926,409.59000000000003,41.0,41.04,6.0,368.55,89.98022412656559
24928,33361.89,3711.0,22884.4,3715.0,10477.489999999998,31.40556485259078
24929,5367.76,224.0,1030.08,87.0,4337.68,80.8098722744683
24930,2966.31,69.0,2545.2000000000003,90.0,421.1099999999997,14.196425862435136
24932,0.0,,89.16,12.0,-89.16,0.0
24933,55146.21,1379.0,35812.63,1379.0,19333.58,35.0587646911728
24934,82714.82,5518.0,57768.75,5625.0,24946.070000000007,30.159129887485708
24935,26727.170000000002,1783.0,17705.19,1783.0,9021.980000000003,33.75583722481655
24936,10822.78,722.0,1015.35,105.0,9807.43,90.61839933917163
24937,4459.95,255.0,3394.71,297.0,1065.2399999999998,23.884572697003325
24938,3757.65,235.0,3113.46,294.0,644.19,17.143427408087504
24939,3266.2799999999997,172.0,2784.14,214.0,482.1399999999999,14.761134991488786
24942,0.0,,35.66,1.0,-35.66,0.0
24944,2086.8399999999997,116.0,1478.4,120.0,608.4399999999996,29.156044545820457
24951,6097.0599999999995,614.0,6915.81,627.0,-818.7500000000009,-13.428603294046654
24952,8068.42,858.0,7498.0,815.0,570.4200000000001,7.069785658158599
24953,46386.85,4115.0,35712.33,5037.0,10674.519999999997,23.01195274091687
24955,0.0,,97.92,12.0,-97.92,0.0
24963,4266.0599999999995,194.0,621.97,41.0,3644.0899999999992,85.42050510306933
24964,3759.06,94.0,941.04,36.0,2818.02,74.96608194601842
24965,769.78,22.0,820.4200000000001,34.0,-50.6400000000001,-6.578502948894503
24966,167.88,12.0,109.68,12.0,58.19999999999999,34.66761972837741
24967,4975.85,415.0,1692.9,209.0,3282.9500000000003,65.97767215651598
24970,269.7,30.0,221.76,36.0,47.94,17.775305895439377
24971,16149.82,1318.0,9980.199999999999,1390.0,6169.620000000001,38.20240720949212
24975,4605.44,256.0,564.48,48.0,4040.9599999999996,87.7431906614786
24977,1055.84,16.0,728.1600000000001,16.0,327.67999999999984,31.035005303833902
24980,191.92,8.0,130.56,8.0,61.359999999999985,31.971654856190074
24981,0.0,,63.96,4.0,-63.96,0.0
24982,0.0,,116.76,6.0,-116.76,0.0
24985,35.96,4.0,73.92,12.0,-37.96,-105.56173526140155
24987,3159.21,79.0,5090.12,196.0,-1930.9099999999999,-61.12002684215357
24990,2309.67,33.0,1668.6000000000001,36.0,641.0699999999999,27.755913182402676
24991,2654.55,45.0,161.6,4.0,2492.9500000000003,93.91233919120002
24992,4289.22,78.0,3075.3,85.0,1213.92,28.301649250912753
24993,2221.83,117.0,167.95999999999998,13.0,2053.87,92.44046574220349
24994,649.75,25.0,17.44,1.0,632.31,97.31589072720276
24995,45355.39,5661.0,30965.67,5661.0,14389.720000000001,31.726593024555626
24996,119730.15,11985.0,87969.24,12861.0,31760.90999999999,26.527077766126567
24997,3159.91,109.0,443.61,27.0,2716.2999999999997,85.96130902462411
24998,3249.2099999999996,179.0,1942.4999999999998,175.0,1306.7099999999998,40.21623717765242
24999,9408.24,376.0,5754.82,334.0,3653.42,38.83213013273471
25000,1049.85,15.0,0.0,,1049.85,100.0
25001,223.96,4.0,148.32,4.0,75.64000000000001,33.77388819432042
25002,599.85,15.0,0.0,,599.85,100.0
25003,2159.55,45.0,359.15,11.0,1800.4,83.36922043944341
25004,725.67,33.0,189.28,13.0,536.39,73.91651852770543
25005,14320.039999999999,796.0,10395.199999999999,890.0,3924.84,27.40802399993296
25006,944.37,63.0,0.0,,944.37,100.0
25007,3904.29,71.0,3545.6400000000003,98.0,358.64999999999964,9.18604919204259
25008,1019.66,34.0,350.46,18.0,669.2,65.62971971049174
25009,2719.66,34.0,2473.1400000000003,47.0,246.51999999999953,9.06436834016015
25011,1871.52,48.0,1121.12,44.0,750.4000000000001,40.09575104727708
25012,879.56,44.0,190.39999999999998,14.0,689.16,78.35281277002137
25014,3223.71,129.0,0.0,,3223.71,100.0
25015,4738.42,158.0,244.8,12.0,4493.62,94.83372094495634
25016,1649.34,66.0,0.0,,1649.34,100.0
25017,2841.63,237.0,595.6800000000001,73.0,2245.95,79.03738347356973
25018,3148.95,105.0,20.68,1.0,3128.27,99.34327315454358
25020,1681.34,66.0,210.72,12.0,1470.62,87.4671393055539
25021,90162.59,8141.0,59448.479999999996,8166.0,30714.11,34.065248125636145
25027,1067.88,12.0,736.44,12.0,331.44000000000005,31.03719519047084
25030,1499.94,6.0,3648.48,24.0,-2148.54,-143.24172966918675
25036,64481.99,5789.0,44298.99,5883.0,20183.0,31.300212664032234
25039,13275.57,1383.0,7321.139999999999,1371.0,5954.43,44.852537405173564
25043,9643.8,1020.0,6124.58,1067.0,3519.2199999999993,36.49204670358157
25046,44356.8,4720.0,26540.1,4782.0,17816.700000000004,40.16678389784656
25054,2939.79,21.0,1281.0,14.0,1658.79,56.42545896135438
25055,1799.9,10.0,350.64,3.0,1449.2600000000002,80.51891771765098
25056,2699.73,27.0,1161.18,18.0,1538.55,56.989032236556994
25057,1583.52,48.0,172.48000000000002,8.0,1411.04,89.10781044761038
25058,1014.65,35.0,115.97999999999999,6.0,898.67,88.56945744838121
25060,295.94,6.0,794.64,24.0,-498.7,-168.5138879502602
25061,1319.78,22.0,281.82,7.0,1037.96,78.64644107351225
25062,603.88,12.0,838.08,24.0,-234.20000000000005,-38.78253957739949
25063,2279.43,57.0,110.32,4.0,2169.1099999999997,95.16019355716121
25064,1099.75,25.0,29.52,1.0,1070.23,97.31575358035917
25065,468.92999999999995,7.0,0.0,,468.92999999999995,100.0
25066,1079.76,24.0,0.0,,1079.76,100.0
25067,839.86,14.0,0.0,,839.86,100.0
25068,519.92,8.0,0.0,,519.92,100.0
25069,1979.34,66.0,182.34,9.0,1797.0,90.78783837036588
25070,2169.38,62.0,520.08,22.0,1649.3000000000002,76.02633010353189
25071,158.97,3.0,432.6,12.0,-273.63,-172.12681638044913
25072,934.83,17.0,897.84,24.0,36.99000000000001,3.9568691633772994
25076,1224.65,35.0,187.84,8.0,1036.8100000000002,84.66174008900504
25077,1919.36,64.0,117.60000000000001,6.0,1801.76,93.87295765255087
25078,1119.72,28.0,26.14,1.0,1093.58,97.66548780052156
25082,1605.27,73.0,133.74,9.0,1471.53,91.66869124820124
25083,1117.57,43.0,153.9,9.0,963.67,86.22905052927334
25084,3221.8399999999997,116.0,2823.84,159.0,397.99999999999955,12.353189481786792
25085,1259.58,42.0,159.92,8.0,1099.6599999999999,87.30370440940631
25086,2087.42,58.0,347.48,14.0,1739.94,83.35361355165706
25089,797.7900000000001,21.0,52.4,2.0,745.3900000000001,93.43185550082103
25090,2155.02,98.0,475.52000000000004,32.0,1679.5,77.9343115145103
25091,767.76,24.0,794.1600000000001,36.0,-26.40000000000009,-3.4385745545483086
25104,1785.6200000000001,38.0,927.3000000000001,30.0,858.32,48.06845801458317
25105,6719.57,143.0,4366.08,144.0,2353.49,35.02441376457124
25106,1405.6200000000001,38.0,0.0,,1405.6200000000001,100.0
25107,419.90000000000003,10.0,0.0,,419.90000000000003,100.0
25108,2399.5,50.0,0.0,,2399.5,100.0
25109,11837.710000000001,1129.0,9588.0,1410.0,2249.710000000001,19.00460477575478
25112,14.99,1.0,10.06,1.0,4.93,32.88859239492995
25113,1109.7,30.0,4257.12,168.0,-3147.42,-283.62800756961343
25117,1639.1799999999998,82.0,1246.08,96.0,393.0999999999999,23.981502946595246
25118,614.59,41.0,626.47,61.0,-11.879999999999995,-1.9329959810605435
25119,359.76,24.0,243.12,24.0,116.63999999999999,32.421614409606406
25120,524.65,35.0,467.04,48.0,57.60999999999996,10.980653769179446
25122,1295.28,72.0,0.0,,1295.28,100.0
25124,38574.9,3510.0,25268.460000000003,3539.0,13306.439999999999,34.495073221187866
25125,16224.51,1299.0,12619.8,1476.0,3604.710000000001,22.217681766660448
25126,15494.49,1551.0,11770.359999999999,1778.0,3724.130000000001,24.03518928341624
25130,2219.2599999999998,74.0,20.68,1.0,2198.58,99.06815785441995
25133,153.78,22.0,167.76,36.0,-13.97999999999999,-9.090909090909085
25137,2392.6699999999996,133.0,183.6,15.0,2209.0699999999997,92.32656404769567
25138,60869.549999999996,3045.0,52029.67,3773.0,8839.879999999997,14.522663630665905
25139,3418.29,171.0,489.59999999999997,36.0,2928.69,85.67704905084122
25140,2548.98,102.0,198.6,12.0,2350.38,92.20864816514842
25141,22478.59,1441.0,17304.95,1685.0,5173.639999999999,23.015856421599395
25142,364.95,5.0,0.0,,364.95,100.0
25143,179.97,3.0,0.0,,179.97,100.0
25145,1119.68,32.0,0.0,,1119.68,100.0
25146,6105.9,1140.0,4112.07,1213.0,1993.83,32.654154178745145
25147,7419.51,549.0,8075.400000000001,939.0,-655.8900000000003,-8.84007164893639
25148,467.74,26.0,579.36,48.0,-111.62,-23.863684953179117
25150,53.97,3.0,284.16,24.0,-230.19000000000003,-426.51473040578105
25151,197.82,18.0,271.08,36.0,-73.25999999999999,-37.0336669699727
25153,191.52,48.0,188.64000000000001,72.0,2.8799999999999955,1.503759398496238
25154,1874.25,75.0,17.0,1.0,1857.25,99.09297052154194
25156,1149.77,23.0,32.89,1.0,1116.8799999999999,97.1394278855771
25157,3858.45,255.0,1735.6299999999999,169.0,2122.8199999999997,55.01742927859632
25158,7370.09,491.0,1448.6399999999999,144.0,5921.450000000001,80.34433772179173
25159,2166.14,186.0,197.25,25.0,1968.8899999999999,90.89394037319842
25160,1266.92,108.0,186.96,24.0,1079.96,85.24295140971806
25161,1988.1100000000001,189.0,394.5,50.0,1593.6100000000001,80.15703356454121
25162,7748.45,155.0,1940.51,59.0,5807.94,74.95615252082675
25163,51731.33,10367.0,33589.08,10367.0,18142.25,35.07014028056112
25171,383.76,24.0,254.16,24.0,129.6,33.771106941838646
25176,740.6,140.0,570.72,164.0,169.88,22.938158250067513
25177,32.99,1.0,0.0,,32.99,100.0
25179,2155.8900000000003,11.0,778.74,6.0,1377.1500000000003,63.87849101763078
25180,699.93,7.0,0.0,,699.93,100.0
25181,7295.24,76.0,450.94,7.0,6844.3,93.81870918571562
25182,1839.6000000000001,40.0,0.0,,1839.6000000000001,100.0
25183,2690.31,69.0,0.0,,2690.31,100.0
25184,1849.26,74.0,17.23,1.0,1832.03,99.06827595903226
25185,8298.96,504.0,6548.4,535.0,1750.5599999999995,21.0937274068076
25186,8040.81,619.0,424.34000000000003,49.0,7616.47,94.72267097469036
25187,5462.19,481.0,594.87,79.0,4867.32,89.10931329741368
25188,3399.37,363.0,227.92000000000002,37.0,3171.45,93.29522823346679
25190,5974.34,166.0,1669.92,71.0,4304.42,72.0484605830937
25191,445.64,36.0,615.72,84.0,-170.08000000000004,-38.165335248182394
25192,149.98,2.0,1764.3600000000001,36.0,-1614.38,-1076.396852913722
25194,5572.719999999999,328.0,4132.799999999999,360.0,1439.92,25.83872866391996
25195,8579.22,78.0,6213.54,87.0,2365.6799999999994,27.574534747914143
25196,1007.64,36.0,3133.2599999999998,169.0,-2125.62,-210.95033940693102
25197,36747.55,245.0,24832.5,250.0,11915.050000000003,32.42406636632919
25198,5209.07,193.0,6002.88,338.0,-793.8100000000004,-15.238996596321424
25199,2277.29,171.0,3335.2400000000002,398.0,-1057.9500000000003,-46.45653386261742
25200,5406.97,403.0,6620.12,754.0,-1213.1499999999996,-22.43678067383395
25201,6589.53,347.0,4306.2699999999995,347.0,2283.26,34.64981569246973
25202,66508.53,5547.0,45361.44,5559.0,21147.089999999997,31.796056836619297
25203,3429.36,264.0,338.2,38.0,3091.1600000000003,90.13810156997224
25204,5197.92,208.0,408.0,24.0,4789.92,92.15070643642072
25205,437.94,6.0,284.4,6.0,153.54000000000002,35.059597205096594
25206,3599.6,40.0,364.79999999999995,6.0,3234.8,89.86554061562396
25210,28408.19,1381.0,24233.160000000003,1697.0,4175.029999999995,14.696571657680394
25211,48192.9,3710.0,31497.899999999998,3710.0,16695.000000000004,34.64203233256352
25212,38763.13,3187.0,39271.44,3684.0,-508.31000000000495,-1.3113234148016555
25216,8209.0,950.0,9447.59,977.0,-1238.5900000000001,-15.088195882567915
25220,311.78,22.0,486.24,48.0,-174.46000000000004,-55.956122907178155
25221,119.88,12.0,82.68,12.0,37.19999999999999,31.03103103103102
25222,755.46,54.0,487.62,54.0,267.84000000000003,35.453895639742676
25224,15.99,1.0,259.2,24.0,-243.20999999999998,-1521.013133208255
25225,2029.8600000000001,14.0,1536.32,16.0,493.5400000000002,24.31399209797721
25226,3181.26,74.0,3611.1600000000003,126.0,-429.9000000000001,-13.513513513513514
25228,753.74,26.0,1122.0,60.0,-368.26,-48.85769628784462
25229,492.83,17.0,1449.66,74.0,-956.8300000000002,-194.15011261489767
25236,12184.369999999999,763.0,13292.64,1086.0,-1108.2700000000004,-9.095833432504106
25244,208.81,19.0,257.04,36.0,-48.23000000000002,-23.09755279919545
25246,65.94,6.0,170.16,24.0,-104.22,-158.05277525022748
25250,167.88,12.0,111.96,12.0,55.92,33.30950679056469
25252,3868.71,129.0,3270.15,169.0,598.56,15.47182394131377
25253,2958.15,185.0,1967.24,187.0,990.9100000000001,33.497625204942274
25254,2770.79,221.0,2937.12,348.0,-166.32999999999993,-6.002981099253279
25255,5301.33,267.0,4139.82,327.0,1161.5100000000002,21.90978490303377
25256,5266.9,310.0,3762.9,339.0,1503.9999999999995,28.555696899504447
25257,6454.87,213.0,5774.06,278.0,680.8099999999995,10.547230230817965
25258,3867.04,316.0,2938.64,337.0,928.4000000000001,24.008026811204438
25259,3637.69,331.0,2389.33,337.0,1248.3600000000001,34.31738273464754
25260,9867.65,1235.0,6783.33,1307.0,3084.3199999999997,31.256884871271275
25262,1364.09,91.0,2341.56,228.0,-977.47,-71.65729533975032
25264,15952.09,491.0,4272.32,208.0,11679.77,73.21780406203827
25265,3912.09,91.0,668.1500000000001,23.0,3243.94,82.9208939467139
25268,727.44,56.0,793.36,94.0,-65.91999999999996,-9.061915759375337
25269,188333.86000000002,22456.0,106079.81999999999,22961.0,82254.04000000002,43.674589370174864
25270,568.5,150.0,464.94,189.0,103.56,18.21635883905013
25273,209.85999999999999,14.0,364.68,36.0,-154.82000000000002,-73.77299151815497
25275,299.75,25.0,291.6,36.0,8.149999999999977,2.7189324437030784
25279,2624.79,21.0,161.28,2.0,2463.5099999999998,93.85550844067525
25280,155.88,12.0,103.92,12.0,51.959999999999994,33.33333333333333
25281,12185.55,645.0,11382.52,881.0,803.0299999999988,6.590018505524978
25282,14312.419999999998,758.0,11553.25,925.0,2759.1699999999983,19.278151423728474
25283,6497.4,260.0,899.6399999999999,54.0,5597.76,86.15384615384616
25284,42652.81,1219.0,31127.7,1290.0,11525.109999999997,27.02075197390277
25285,6804.389999999999,361.0,1586.23,127.0,5218.16,76.68813809908016
25286,9209.119999999999,488.0,1449.79,113.0,7759.329999999999,84.25701912886356
25287,2831.0299999999997,97.0,0.0,,2831.0299999999997,100.0
25288,1119.86,14.0,1262.88,24.0,-143.0200000000002,-12.771239262050631
25289,36201.21,5179.0,25993.48,5578.0,10207.73,28.197206667953918
25290,54815.13,5487.0,38749.36,5624.0,16065.769999999997,29.309006473212772
25291,34792.659999999996,1934.0,38197.979999999996,3078.0,-3405.3199999999997,-9.787466666819956
25292,14807.65,1235.0,9941.75,1235.0,4865.9,32.860717264386984
25293,719.64,36.0,593.4000000000001,46.0,126.2399999999999,17.542104385526084
25295,39520.44,3956.0,27256.84,3956.0,12263.600000000002,31.031031031031038
25301,169.89999999999998,10.0,279.36,24.0,-109.46000000000004,-64.42613301942322
25302,1036.3899999999999,61.0,932.3999999999999,84.0,103.99000000000001,10.033867559509453
25304,139.96,4.0,571.2,24.0,-431.24,-308.1166047442126
25305,549.78,22.0,591.84,36.0,-42.06000000000006,-7.650332860416905
25306,34.99,1.0,541.68,24.0,-506.68999999999994,-1448.0994569877105
25310,374.75,25.0,467.04,48.0,-92.29000000000002,-24.62708472314877
25317,799.84,16.0,1176.1200000000001,36.0,-376.2800000000001,-47.04440888177636
25319,1948.5,150.0,1548.0,180.0,400.5,20.554272517321014
25321,19.47,3.0,103.92,24.0,-84.45,-433.74422187981514
25324,113.97,3.0,592.08,24.0,-478.11,-419.50513292971834
25325,36.99,1.0,304.08,12.0,-267.09,-722.0600162206001
25327,1104.61,39.0,901.5999999999999,46.0,203.01,18.378432206842234
25333,2463.2599999999998,274.0,1728.3999999999999,298.0,734.8599999999999,29.832823169295974
25334,959.04,96.0,820.8,120.0,138.24,14.414414414414416
25335,3035.54,46.0,1041.84,24.0,1993.7,65.67859425341126
25337,12317.75,725.0,6149.0,550.0,6168.75,50.08016886200808
25338,4199.16,84.0,486.9,15.0,3712.2599999999998,88.40482382190724
25339,5283.49,151.0,621.54,27.0,4661.95,88.23618479452028
25340,2124.15,105.0,0.0,,2124.15,100.0
25341,3359.88,12.0,1297.94,7.0,2061.94,61.36945367096443
25348,431.76,24.0,284.16,24.0,147.59999999999997,34.18565869927737
25349,0.0,,345.09999999999997,35.0,-345.09999999999997,0.0
25351,307.78,22.0,210.76,22.0,97.01999999999998,31.52251608291636
25352,15899.24,1916.0,21484.32,2288.0,-5585.08,-35.127968380878585
25353,3973.16,284.0,1724.3999999999999,180.0,2248.76,56.59877779903151
25354,2478.7599999999998,124.0,2269.6800000000003,168.0,209.07999999999947,8.434862592586596
25355,43.98,2.0,359.04,24.0,-315.06,-716.3710777626195
25356,1363.3799999999999,62.0,1021.6800000000001,72.0,341.6999999999998,25.062711789816472
25357,571.74,26.0,591.63,39.0,-19.889999999999986,-3.478854024556614
25358,0.0,,509.52,12.0,-509.52,0.0
25360,799.9,10.0,582.6700000000001,11.0,217.2299999999999,27.157144643080372
25361,459.77,23.0,489.59999999999997,36.0,-29.829999999999984,-6.488026622006653
25364,1199.88,12.0,784.2,12.0,415.68000000000006,34.64346434643464
25365,77.98,2.0,212.16,8.0,-134.18,-172.06976147730185
25367,116.97,3.0,215.12,8.0,-98.15,-83.91040437719074
25371,99.9,10.0,164.16,24.0,-64.25999999999999,-64.32432432432431
25373,50443.77,3923.0,31068.36,4014.0,19375.409999999996,38.40991662597779
25374,575.28,72.0,373.68,72.0,201.59999999999997,35.04380475594493
25375,9020.97,903.0,6666.66,1001.0,2354.3099999999995,26.09819121447028
25376,2858.68,132.0,3367.56,133.0,-508.8800000000001,-17.80122294205718
25378,791.01,99.0,534.6,99.0,256.40999999999997,32.41551939924906
25381,1512.11,89.0,69.84,6.0,1442.27,95.38128839833081
25382,4371.57,243.0,2472.48,202.0,1899.0899999999997,43.44182982315278
25383,2680.52,148.0,980.98,77.0,1699.54,63.403369495471026
25386,14797.04,296.0,7085.54,214.0,7711.500000000001,52.11515276028179
25387,37772.19,3781.0,25332.7,3781.0,12439.490000000002,32.932932932932935
25389,179.88,12.0,236.64,24.0,-56.75999999999999,-31.55436957971981
25390,191.88,12.0,124.56,12.0,67.32,35.08442776735459
25401,191.88,12.0,127.08,12.0,64.8,33.771106941838646
25406,0.0,,137.76,12.0,-137.76,0.0
25411,2724.72,128.0,3794.6500000000005,145.0,-1069.9300000000007,-39.26752106638483
25414,923.16,84.0,632.52,84.0,290.64,31.48316651501365
25415,5124.79,321.0,1589.0,175.0,3535.79,68.99385145537671
25416,10333.36,264.0,10499.199999999999,386.0,-165.83999999999833,-1.6048990841313795
25417,15061.929999999998,707.0,8176.0,700.0,6885.9299999999985,45.717447896783476
25418,4967.55,845.0,3422.8700000000003,841.0,1544.6799999999998,31.095409205745284
25419,51729.74,3126.0,29258.879999999997,3136.0,22470.86,43.43895793792894
25421,6071.3099999999995,69.0,0.0,,6071.3099999999995,100.0
25422,63.92,8.0,0.0,,63.92,100.0
25423,10386.53,47.0,1664.96,11.0,8721.57,83.97000730754158
25425,431.88,12.0,297.84,12.0,134.04000000000002,31.03639899972215
25426,1619.1899999999998,81.0,4638.84,348.0,-3019.6500000000005,-186.49139384507075
25427,6424.47,153.0,4999.22,181.0,1425.25,22.18470940015285
25428,1033.62,38.0,733.4,38.0,300.2199999999999,29.045490605831926
25429,263.88,12.0,170.28,12.0,93.6,35.470668485675304
25430,359.73,27.0,301.68,36.0,58.05000000000001,16.13710282712034
25431,659.4,60.0,510.47999999999996,72.0,148.92000000000002,22.58416742493176
25432,137.88,12.0,95.04,12.0,42.83999999999999,31.070496083550907
25444,1784.55,45.0,645.8399999999999,23.0,1138.71,63.80936370513576
25445,9615.189999999999,481.0,8767.99,649.0,847.1999999999989,8.811058335820707
25448,2419.78,22.0,1632.08,23.0,787.7000000000003,32.552546099232174
25449,1049.97,3.0,1390.68,6.0,-340.71000000000004,-32.449498557101634
25457,472.49,1.0,308.82,1.0,163.67000000000002,34.63988655844568
25458,2344.98,102.0,1818.63,121.0,526.3499999999999,22.445820433436527
25459,1022.69,31.0,1285.2,60.0,-262.51,-25.668579921579358
25461,449.97,3.0,0.0,,449.97,100.0
25462,4271.69,131.0,311.55,15.0,3960.1399999999994,92.70663367426006
25464,502.98,2.0,326.62,2.0,176.36,35.06302437472663
25465,5639.06,94.0,7478.13,187.0,-1839.0699999999997,-32.613059623412404
25466,275.77,23.0,533.12,68.0,-257.35,-93.32052072379157
25467,4523.19,181.0,223.98999999999998,13.0,4299.2,95.04796393695601
25468,53.97,3.0,275.52,24.0,-221.54999999999998,-410.50583657587543
25478,449.75,25.0,583.68,48.0,-133.92999999999995,-29.7787659811006
25480,11497.74,426.0,12647.88,717.0,-1150.1399999999994,-10.003183234270383
25481,1072.71,29.0,864.72,36.0,207.99,19.389210504236935
25482,2413.39,161.0,1598.73,161.0,814.6599999999999,33.755837224816545
25484,5343.03,297.0,3608.99,301.0,1734.04,32.45424412739588
25493,399.75,25.0,508.32,48.0,-108.57,-27.15947467166979
25494,0.0,,38.7,6.0,-38.7,0.0
25496,6008.66,334.0,4100.4,335.0,1908.2600000000002,31.758495238539048
25497,4077.96,204.0,2647.92,204.0,1430.04,35.06753376688344
25499,299.94,6.0,202.68,6.0,97.25999999999999,32.42648529705941
25500,167.94,6.0,111.24,6.0,56.7,33.762057877813504
25502,16943.22,678.0,13379.0,787.0,3564.220000000001,21.036261112114467
25503,17368.05,695.0,12541.44,768.0,4826.609999999999,27.790166426282738
25504,60785.69,5531.0,40818.78,5531.0,19966.910000000003,32.84804367606916
25505,54035.91,5409.0,37052.14,5597.0,16983.770000000004,31.430524627048946
25506,27493.59,3441.0,18943.38,3629.0,8550.21,31.09892160318096
25507,1546.71,129.0,2121.6,260.0,-574.8899999999999,-37.16857070814825
25508,32597.879999999997,1812.0,41885.28,3422.0,-9287.400000000001,-28.49080983180502
25509,26806.45,3355.0,17882.15,3355.0,8924.3,33.29161451814768
25510,46316.61,2439.0,34398.44,2644.0,11918.169999999998,25.731956634995516
25511,72715.58,4042.0,69713.28,5733.0,3002.300000000003,4.1288263120503235
25512,2437.4700000000003,53.0,154.35,5.0,2283.1200000000003,93.6676143706384
25513,2198.8999999999996,110.0,1709.9599999999998,124.0,488.9399999999998,22.235663286188544
25514,9034.2,180.0,9525.960000000001,282.0,-491.7600000000002,-5.4433154014744
25515,19463.64,2436.0,13324.92,2436.0,6138.719999999999,31.53942428035044
25517,16366.09,1491.0,14770.28,1498.0,1595.8099999999995,9.750710157404727
25519,28901.25,2375.0,22762.079999999998,2376.0,6139.170000000002,21.241884001557032
25520,18168.33,1567.0,15450.51,2137.0,2717.8200000000015,14.95910741383496
25521,33757.6,2240.0,34739.7,2693.0,-982.0999999999985,-2.90927080124179
25522,44925.0,7500.0,31406.0,7660.0,13519.0,30.092376182526433
25523,179.88,12.0,118.32,12.0,61.56,34.2228152101401
25524,45340.04,2996.0,44751.2,3380.0,588.8400000000038,1.2987196305958348
25526,1253.34,66.0,903.9,69.0,349.43999999999994,27.880702762219343
25527,4199.72,28.0,3850.9199999999996,38.0,348.80000000000064,8.305315592468084
25528,3719.69,31.0,3575.7,45.0,143.99000000000024,3.87102150985701
25531,50490.92,2408.0,39748.799999999996,2535.0,10742.120000000003,21.275350102553098
25532,99.98,2.0,66.66,2.0,33.32000000000001,33.32666533306662
25535,4367.7,230.0,3760.75,307.0,606.9499999999998,13.896329876136178
25537,47045.31,2769.0,41484.6,3639.0,5560.709999999999,11.819902982890323
25538,37001.14,3086.0,28217.239999999998,3412.0,8783.900000000001,23.73953883583047
25539,54954.99,5501.0,39392.04,5556.0,15562.949999999997,28.319448333991136
25540,56883.340000000004,4066.0,39255.3,4154.0,17628.04,30.989811779688043
25541,2863.22,478.0,1874.98,482.0,988.2399999999998,34.51498662345191
25542,119.94,6.0,337.75,25.0,-217.81,-181.59913289978323
25544,8553.93,807.0,9297.74,1171.0,-743.8099999999995,-8.695535268584141
25545,359.88,12.0,350.46,18.0,9.420000000000016,2.61753917972658
25548,149.9,10.0,613.66,61.0,-463.76,-309.3795863909273
25549,119.88,12.0,79.92,12.0,39.959999999999994,33.33333333333333
25550,389.61,39.0,470.02,71.0,-80.40999999999997,-20.638587305253964
25553,2735.62,38.0,2823.0,60.0,-87.38000000000011,-3.194157083220627
25554,42674.68,5332.0,51293.68,5612.0,-8619.0,-20.19698800319065
25555,9197.7,230.0,9833.01,359.0,-635.3099999999995,-6.907270295834822
25557,16100.75,1025.0,10887.8,1111.0,5212.950000000001,32.37706318028663
25559,29.94,6.0,156.48,48.0,-126.53999999999999,-422.6452905811623
25560,47212.89,5561.0,32628.48,5568.0,14584.41,30.890737677782486
25561,39424.55,3945.0,28167.3,3945.0,11257.250000000004,28.553908668583418
25562,8328.81,119.0,7091.25,155.0,1237.5599999999995,14.858785348687261
25563,5971.1900000000005,181.0,3837.6800000000003,178.0,2133.51,35.730063856618195
25564,3499.65,35.0,2348.8500000000004,35.0,1150.7999999999997,32.883288328832876
25565,6931.320000000001,1668.0,6792.12,1986.0,139.20000000000073,2.0082754799951625
25566,7040.58,542.0,16954.18,1931.0,-9913.6,-140.80658127597442
25567,41181.16,1084.0,52843.14000000001,2142.0,-11661.980000000003,-28.31872633019566
25568,11225.95,1405.0,7302.33,1407.0,3923.620000000001,34.95134042107795
25569,22721.79,1421.0,19207.1,1838.0,3514.6900000000023,15.468367588997179
25570,28085.82,4018.0,19215.12,4071.0,8870.7,31.584265654340875
25572,22020.31,1469.0,23159.65,2395.0,-1139.3400000000001,-5.1740416006859125
25573,25370.84,2116.0,19268.87,2347.0,6101.970000000001,24.051115374973794
25574,3381.18,282.0,13121.28,1608.0,-9740.1,-288.06807091015565
25575,28110.420000000002,1758.0,30730.719999999998,2864.0,-2620.2999999999956,-9.321454464216455
25576,18019.12,1288.0,21817.18,2387.0,-3798.0600000000013,-21.07794387295274
25577,76133.58,5442.0,51426.9,5442.0,24706.68,32.451751250893494
25578,24927.81,1919.0,24897.6,2912.0,30.210000000002765,0.12118994809412766
25581,15790.38,1762.0,8655.82,1426.0,7134.5599999999995,45.182953165154984
25584,8894.289999999999,571.0,11534.23,577.0,-2639.9400000000005,-29.68128990622074
25585,3115.94,106.0,2424.2000000000003,115.0,691.7399999999998,22.200042362818277
25586,831.81,119.0,543.83,119.0,287.9799999999999,34.620886981401995
25587,26718.56,3344.0,18256.64,3356.0,8461.920000000002,31.670569072584755
25588,55406.43,3957.0,80209.34,3959.0,-24802.909999999996,-44.765399972530254
25589,38671.29,3871.0,27287.64,4122.0,11383.650000000001,29.43695439174644
25590,48887.62,5438.0,32788.68,5548.0,16098.940000000002,32.930504696280984
25591,1313.64,36.0,1008.42,42.0,305.22000000000014,23.234676166986397
25592,8851.14,886.0,6530.0,1000.0,2321.1399999999994,26.224192589881074
25593,68.97,3.0,386.88,24.0,-317.90999999999997,-460.9395389299695
25594,8055.36,364.0,9107.8,565.0,-1052.4399999999996,-13.065089580105665
25596,3798.1,190.0,2599.3500000000004,195.0,1198.7499999999995,31.561833548353114
25597,3438.2799999999997,172.0,2537.3599999999997,184.0,900.9200000000001,26.202636201821843
25602,4559.76,24.0,5428.28,44.0,-868.5199999999995,-19.047493727740044
25603,44422.07,2493.0,28648.2,2513.0,15773.869999999999,35.50908366044175
25604,2374.75,25.0,2124.66,34.0,250.09000000000015,10.531213811980214
25605,2204.37,63.0,1737.3600000000001,72.0,467.00999999999976,21.185644878128436
25606,417.78,22.0,505.53000000000003,41.0,-87.75000000000006,-21.003877638948744
25607,1209.78,22.0,1285.56,36.0,-75.77999999999997,-6.263948817140304
25608,544.36,64.0,815.36,64.0,-271.0,-49.78323168491439
25609,6187.91,309.0,6095.53,371.0,92.38000000000011,1.4929111767947516
25614,49.98,2.0,201.24,12.0,-151.26000000000002,-302.6410564225691
25618,11481.94,456.0,12233.2,514.0,-751.2600000000002,-6.542970961353223
25621,5368.34,566.0,2910.48,543.0,2457.86,45.78435792069802
25622,8401.61,939.0,4770.35,895.0,3631.26,43.221001688962
25623,2519.21,279.0,1463.3600000000001,269.0,1055.85,41.911948587057054
25625,7650.04,496.0,7101.13,701.0,548.9099999999999,7.175256599965489
25628,296.81,19.0,399.59999999999997,36.0,-102.78999999999996,-34.63158249385127
25629,179.9,10.0,159.12,13.0,20.78,11.550861589772095
25630,14178.3,470.0,25672.77,981.0,-11494.470000000001,-81.07086180994902
25633,5997.0,300.0,4053.0,300.0,1944.0,32.416208104052025
25634,93.48,12.0,64.44,12.0,29.040000000000006,31.06546854942234
25637,7402.02,198.0,7868.14,301.0,-466.1199999999999,-6.2971999535261975
25638,6455.9,210.0,6511.120000000001,302.0,-55.220000000001164,-0.8553416254898801
25640,11101.11,1089.0,13242.24,1089.0,-2141.129999999999,-19.28753070638881
25641,439.89,11.0,287.53999999999996,11.0,152.35000000000002,34.63365841460366
25643,8003.41,559.0,4844.46,614.0,3158.95,39.47005089080779
25645,14755.91,1359.0,16036.949999999999,1615.0,-1281.039999999999,-8.681538447984565
25646,227.88,12.0,148.92,12.0,78.96000000000001,34.64981569246973
25647,15708.66,834.0,9944.22,741.0,5764.4400000000005,36.69593714549809
25649,38994.15,3785.0,25198.559999999998,3684.0,13795.590000000004,35.37861448448037
25650,22242.29,2071.0,17406.18,2682.0,4836.110000000001,21.742860110177507
25651,13.99,1.0,338.04,36.0,-324.05,-2316.297355253753
25652,2869.66,234.0,3106.98,421.0,-237.32000000000016,-8.269969264651568
25653,4408.53,147.0,3630.3199999999997,184.0,778.21,17.652369383898943
25656,25884.53,2547.0,18670.5,2766.0,7214.029999999999,27.870044385584748
25658,395.78,22.0,262.02,22.0,133.76,33.79655364091162
25676,1799.25,75.0,2760.24,168.0,-960.9899999999998,-53.41058774489369
25678,14122.960000000001,1104.0,14614.2,1380.0,-491.2399999999998,-3.4783076635492827
25684,3405.76,424.0,5608.35,495.0,-2202.59,-64.67249600676502
25688,503.88,12.0,335.88,12.0,168.0,33.341271731364614
25689,5609.76,624.0,3835.08,636.0,1774.6800000000003,31.6355779926414
25690,6746.25,375.0,4380.0,375.0,2366.25,35.07504168982768
25691,6846.77,623.0,4566.59,623.0,2280.1800000000003,33.30300272975432
25692,10795.7,1080.0,10133.1,1458.0,662.6000000000004,6.137628870754099
25693,15494.88,912.0,13836.41,1259.0,1658.4699999999993,10.703342007166235
25694,13916.07,1393.0,9450.0,1400.0,4466.07,32.09289691701752
25695,479.79999999999995,20.0,319.8,20.0,159.99999999999994,33.34722801167152
25696,47909.08,4592.0,31630.5,4686.0,16278.580000000002,33.97806845800421
25697,559.92,8.0,4102.95,85.0,-3543.0299999999997,-632.7743249035577
25698,167.88,12.0,114.24,12.0,53.64,31.95139385275197
25699,39440.27,1973.0,44479.200000000004,3448.0,-5038.930000000008,-12.776104220381878
25700,239.96,4.0,483.12,12.0,-243.16,-101.33355559259876
25701,1055.76,24.0,708.48,24.0,347.28,32.89383950897931
25702,227.88,12.0,155.04,12.0,72.84,31.964191679831494
25703,33438.0,2800.0,21117.879999999997,2786.0,12320.120000000003,36.84466774328609
25704,38262.61,3039.0,23124.63,3071.0,15137.98,39.56337531600693
25705,28389.78,1422.0,19192.32,1428.0,9197.46,32.397080921373814
25706,29590.760000000002,4204.0,20011.04,4204.0,9579.720000000001,32.37402486451852
25707,1577.5900000000001,41.0,882.3599999999999,38.0,695.2300000000002,44.06911808518057
25708,18592.940000000002,506.0,12257.85,561.0,6335.090000000002,34.072556572548514
25709,50800.23,3177.0,55641.6,5152.0,-4841.369999999995,-9.530212756910736
25710,17312.78,2272.0,17229.34,2273.0,83.43999999999869,0.48195610410343515
25711,63030.82,3918.0,42286.58,4346.0,20744.239999999998,32.911264679723345
25714,36684.4,560.0,26576.55,693.0,10107.850000000002,27.55353774356403
25715,15336.82,518.0,9600.96,584.0,5735.860000000001,37.39927833801271
25716,56005.94,1306.0,37642.200000000004,1459.0,18363.739999999998,32.78891489009915
25718,3749.95,5.0,1948.04,4.0,1801.9099999999999,48.05157402098694
25723,19144.19,2181.0,14894.72,2738.0,4249.469999999999,22.197178360641008
25724,2154.23,227.0,1538.4,240.0,615.8299999999999,28.587012528838606
25725,30239.76,3424.0,21070.8,3902.0,9168.96,30.32087556250446
25726,1595.47,103.0,1078.41,103.0,517.06,32.40800516462233
25727,2449.86,14.0,3223.36,28.0,-773.5,-31.573232756157495
25728,50550.21,879.0,40039.32,1068.0,10510.89,20.79296999953116
25729,17754.079999999998,592.0,13951.349999999999,721.0,3802.7299999999996,21.418907653902654
25730,4558.48,152.0,6211.349999999999,321.0,-1652.87,-36.2592355346519
25731,7816.599999999999,340.0,6724.64,424.0,1091.9599999999991,13.969756671698683
25732,4690.62,138.0,8485.279999999999,362.0,-3794.659999999999,-80.89890035858797
25733,3665.22,78.0,5700.16,188.0,-2034.94,-55.52026890609568
25735,6026.9800000000005,502.0,8328.93,887.0,-2301.95,-38.1940872543131
25736,5696.87,713.0,4540.1,830.0,1156.7699999999995,20.30536066296053
25737,5109.16,284.0,4284.85,355.0,824.3099999999995,16.13396331295163
25738,2355.38,62.0,4373.25,175.0,-2017.87,-85.67067734293404
25739,13846.81,1719.0,11675.69,2119.0,2171.119999999999,15.679568073801828
25740,5356.469999999999,333.0,4206.99,339.0,1149.4799999999996,21.459655332709783
25741,1279.68,32.0,825.6,32.0,454.08000000000004,35.483870967741936
25742,0.0,,98.52,12.0,-98.52,0.0
25745,89.88,12.0,62.04,12.0,27.839999999999996,30.97463284379172
25746,179.76,24.0,119.04,24.0,60.719999999999985,33.778371161548726
25747,449.4,60.0,364.32,72.0,85.07999999999998,18.931909212283042
25748,945.5699999999999,43.0,622.2099999999999,43.0,323.36,34.19736243747158
25749,113.94,6.0,114.66,9.0,-0.7199999999999989,-0.631911532385465
25750,5840.6900000000005,731.0,4082.9100000000003,741.0,1757.7800000000002,30.09541680863049
25751,59.94,6.0,40.8,6.0,19.14,31.931931931931935
25753,19839.170000000002,2483.0,15611.57,2929.0,4227.600000000002,21.309359212104145
25754,18936.3,2370.0,14661.75,2825.0,4274.549999999999,22.57331157617908
25755,119.92,8.0,79.44,8.0,40.480000000000004,33.755837224816545
25757,21856.85,1215.0,30819.68,2713.0,-8962.830000000002,-41.00696120438216
25758,461.71999999999997,28.0,510.72,48.0,-49.00000000000006,-10.612492419648285
25759,79.96,4.0,322.08,24.0,-242.12,-302.8014007003502
25761,1573.6299999999999,137.0,1182.48,156.0,391.14999999999986,24.85654188087415
25765,367.98,2.0,242.1,2.0,125.88000000000002,34.20838089026578
25766,91.98,2.0,179.16,6.0,-87.17999999999999,-94.78147423352901
25767,379.97,3.0,199.98,3.0,179.99000000000004,47.369529173355794
25768,103.99,1.0,71.23,1.0,32.75999999999999,31.503029137417055
25769,123.99,1.0,83.78,1.0,40.209999999999994,32.43003468021614
25770,2399.88,12.0,1578.84,12.0,821.0400000000002,34.21171058552928
25771,167.88,12.0,301.8,30.0,-133.92000000000002,-79.77126518942103
25773,363.74,26.0,675.98,73.0,-312.24,-85.84153516247869
25774,2101.37,263.0,2270.7,435.0,-169.32999999999993,-8.058076397778589
25776,9552.550000000001,245.0,10023.11,383.0,-470.5599999999995,-4.92601451968322
25777,7606.64,536.0,5447.68,608.0,2158.96,28.38257101690102
25778,10468.17,283.0,10639.2,440.0,-171.03000000000065,-1.6338099209317452
25779,209.86,14.0,241.44,24.0,-31.579999999999984,-15.048127322977214
25781,167.88,12.0,114.96,12.0,52.92,31.52251608291637
25785,16.99,1.0,150.28,13.0,-133.29,-784.5203060623896
25789,5290.75,525.0,578.76,84.0,4711.99,89.06090818882011
25790,16781.38,1862.0,18344.25,2325.0,-1562.869999999999,-9.313119660004118
25791,266.82,18.0,335.88,36.0,-69.06,-25.882617494940412
25792,277.8,20.0,322.56,36.0,-44.75999999999999,-16.112311015118784
25793,335.76,24.0,206.4,24.0,129.35999999999999,38.52751965689778
25794,584.56,44.0,378.72,48.0,205.83999999999992,35.21280963459695
25796,10776.92,308.0,7964.92,346.0,2812.0,26.09279831343278
25797,24941.8,820.0,31078.0,820.0,-6136.200000000001,-24.602073627404604
25798,2672.0099999999998,99.0,20930.4,1140.0,-18258.390000000003,-683.3204217050087
25800,287.88,12.0,394.32,24.0,-106.44,-36.973739057940804
25801,447.84,16.0,432.16999999999996,23.0,15.670000000000016,3.499017506252237
25802,26154.920000000002,2108.0,16731.98,2038.0,9422.940000000002,36.02740899226609
25807,4139.3099999999995,69.0,3489.69,89.0,649.6199999999994,15.693920001159603
25808,74889.73,6427.0,52676.96,6719.0,22212.769999999997,29.660635710664195
25809,781.83,17.0,1429.2199999999998,46.0,-647.3899999999998,-82.80444597930493
25810,4360.15,485.0,4488.8,724.0,-128.65000000000055,-2.9505865623889216
25811,4672.25,275.0,3196.7999999999997,288.0,1475.4500000000003,31.579003692011348
25812,3565.77,223.0,3821.55,349.0,-255.7800000000002,-7.173205226360651
25813,1438.8,120.0,3068.17,371.0,-1629.3700000000001,-113.24506533222132
25814,2398.0,200.0,2745.7200000000003,348.0,-347.72000000000025,-14.500417014178494
25815,987.24,76.0,1843.8,210.0,-856.56,-86.76309711924152
25816,1478.52,148.0,1080.72,158.0,397.79999999999995,26.905283662040414
25817,16391.81,319.0,10585.08,324.0,5806.730000000001,35.424580934015225
25818,2107.89,211.0,2337.66,351.0,-229.76999999999998,-10.90047393364929
25819,1483.65,135.0,1199.52,168.0,284.1300000000001,19.150743099787693
25820,1079.1000000000001,90.0,1561.6999999999998,194.0,-482.5999999999997,-44.72245389676579
25827,18956.13,2647.0,23195.2,2660.0,-4239.07,-22.362528638493192
25831,11332.41,959.0,7082.920000000001,1028.0,4249.489999999999,37.4985550293362
25832,78827.57,7243.0,49823.9,7630.0,29003.670000000006,36.793814651396715
25833,3165.36,264.0,5787.95,719.0,-2622.5899999999997,-82.8528192685824
25834,139.92999999999998,7.0,313.68,24.0,-173.75000000000003,-124.16922747087833
25837,559.64,36.0,1207.68,96.0,-648.0400000000001,-115.79586877278251
25838,15493.279999999999,772.0,10516.58,842.0,4976.699999999999,32.12166823293711
25841,5806.53,447.0,7407.92,838.0,-1601.3900000000003,-27.579122126295747
25842,179.88,12.0,118.32,12.0,61.56,34.2228152101401
25843,5051.63,337.0,7364.51,727.0,-2312.88,-45.78482588788174
25844,8887.06,494.0,8956.529999999999,747.0,-69.46999999999935,-0.7816983344323021
25846,107613.5,5550.0,69191.1,5742.0,38422.399999999994,35.70407058593949
25852,3208.1899999999996,131.0,2249.1,135.0,959.0899999999997,29.895049856772815
25853,8988.8,520.0,9883.800000000001,867.0,-895.0000000000018,-9.95683517265933
25857,19111.96,1854.0,32712.760000000002,2636.0,-13600.800000000003,-71.16381574678894
25859,373.66,34.0,269.28000000000003,36.0,104.38,27.934485896269333
25863,4534.11,189.0,3916.4399999999996,253.0,617.6700000000001,13.622739633577485
25866,2210.58,142.0,3030.72,264.0,-820.1399999999999,-37.10067041228998
25867,1193.36,64.0,1787.04,144.0,-593.6800000000001,-49.748608969631974
25868,2578.71,129.0,2013.34,146.0,565.3700000000001,21.92452815555065
25870,35560.13,5087.0,24392.96,5168.0,11167.169999999998,31.403625352325765
25875,18884.87,1513.0,19968.55,2065.0,-1083.6800000000003,-5.73835033018496
25876,20708.52,1648.0,19976.36,2026.0,732.1599999999999,3.535549619190555
25877,31992.61,2639.0,32607.24,3372.0,-614.630000000001,-1.9211624184460132
25879,2070.02,198.0,1457.7,226.0,612.3199999999999,29.58039052762775
25883,83399.58,2242.0,51650.42,2081.0,31749.160000000003,38.068728883286944
25886,4023.8500000000004,115.0,3716.02,154.0,307.8300000000004,7.650136063720078
25887,16844.76,1324.0,22673.04,2028.0,-5828.2800000000025,-34.599958681512845
25888,2127.44,56.0,3148.42,121.0,-1020.98,-47.99101267250781
25890,65.94,6.0,43.68,6.0,22.259999999999998,33.75796178343949
25891,1747.41,159.0,2154.2400000000002,288.0,-406.83000000000015,-23.28188576235687
25892,2198.0,200.0,1453.23,201.0,744.77,33.88398544131028
25893,1571.57,143.0,2670.36,374.0,-1098.7900000000002,-69.91670749632534
25894,1042.84,116.0,1219.68,198.0,-176.84000000000015,-16.95753902803883
25895,1105.21,79.0,2929.6800000000003,312.0,-1824.4700000000003,-165.07903475357625
25896,2286.57,143.0,3560.44,334.0,-1273.87,-55.7109557109557
25898,0.0,,470.4,24.0,-470.4,0.0
25900,11030.05,1095.0,11436.029999999999,1347.0,-405.97999999999956,-3.6806723450936265
25901,17352.63,1737.0,14035.2,2176.0,3317.4300000000003,19.117736043470067
25904,7507.95,1395.0,8733.06,1673.0,-1225.1099999999997,-16.31750344634687
25905,2164.8599999999997,114.0,2185.6800000000003,168.0,-20.82000000000062,-0.9617250076217687
25907,1043.28,72.0,686.16,72.0,357.12,34.23050379572119
25909,4994.7300000000005,27.0,13140.74,103.0,-8146.009999999999,-163.09209907242231
25915,1161.71,179.0,118.53,27.0,1043.18,89.796937273502
25917,1514.53,147.0,1165.44,192.0,349.0899999999999,23.049394861772292
25918,7521.83,717.0,4251.24,723.0,3270.59,43.4813070755388
25919,632.39,61.0,399.84000000000003,68.0,232.54999999999995,36.773193757017026
25925,1605.99,51.0,0.0,,1605.99,100.0
25926,57.45,5.0,185.04,24.0,-127.58999999999999,-222.08877284595297
25930,146.85999999999999,14.0,165.6,24.0,-18.74000000000001,-12.7604521312815
25932,38258.67,3633.0,23279.63,3587.0,14979.039999999997,39.15201443228423
25934,54359.79,6421.0,33037.25,6415.0,21322.54,39.22483880088573
25935,54405.54,5446.0,37531.08,5487.0,16874.46,31.016069319411223
25936,9692.64,1236.0,10852.08,1236.0,-1159.4400000000005,-11.96206606249691
25937,6526.31,1019.0,10536.46,1019.0,-4010.1499999999987,-61.44590128265433
25940,135.92,8.0,122.97999999999999,11.0,12.939999999999998,9.52030606238964
25941,84.94999999999999,5.0,99.89999999999999,9.0,-14.950000000000003,-17.59858740435551
25958,6511.85,815.0,4401.0,815.0,2110.8500000000004,32.415519399249064
25963,24807.359999999997,1264.0,15325.199999999999,1320.0,9482.159999999998,38.22317247784528
25964,16802.649999999998,735.0,19131.34,1046.0,-2328.6900000000023,-13.859063897659016
25966,34848.23,977.0,23800.0,1000.0,11048.230000000003,31.70384837336072
25971,1059.47,53.0,1296.96,96.0,-237.49,-22.415924943603876
25984,21481.09,2291.0,14182.560000000001,2412.0,7298.529999999999,33.97653471029635
25985,11893.09,1191.0,9224.1,1385.0,2668.99,22.441518562459375
25988,24404.22,1878.0,23701.56,2253.0,702.6599999999999,2.8792561286531586
25989,1664.81,119.0,1710.45,181.0,-45.6400000000001,-2.741453979733429
25990,1618.65,135.0,1603.8,198.0,14.850000000000136,0.9174311926605588
25991,251.28000000000003,72.0,190.67999999999998,84.0,60.60000000000005,24.11652340019104
25992,41579.08,3292.0,24623.02,3314.0,16956.06,40.780267384463535
25993,125.64000000000001,36.0,115.68,48.0,9.960000000000008,7.927411652340025
25994,67047.42,4150.0,60229.079999999994,5139.0,6818.340000000004,10.169429338220628
25995,15163.07,1493.0,9519.93,1449.0,5643.139999999999,37.216342073208125
25997,310.61,89.0,248.4,108.0,62.21000000000001,20.028331347992662
26000,209.4,60.0,166.32,72.0,43.08000000000001,20.5730659025788
26003,1205.33,67.0,963.6299999999999,83.0,241.70000000000005,20.05259970298591
26006,4019.1200000000003,88.0,4048.65,135.0,-29.529999999999745,-0.7347379525866296
26008,417.78,22.0,443.88,36.0,-26.100000000000023,-6.247307195174499
26010,575.8199999999999,18.0,391.68,18.0,184.13999999999993,31.978743357299148
26012,2873.85,115.0,2498.35,145.0,375.5,13.06609600361884
26013,14704.57,1383.0,19114.24,1744.0,-4409.670000000002,-29.988432167686657
26016,76175.55,5445.0,53194.05,5629.0,22981.5,30.169129070942052
26017,1658.34,166.0,1272.24,186.0,386.0999999999999,23.282318463041353
26020,1443.2399999999998,76.0,1042.4399999999998,84.0,400.79999999999995,27.770848923256008
26021,1439.28,72.0,1110.95,85.0,328.3299999999999,22.812100494691787
26024,1907.47,53.0,4893.96,204.0,-2986.49,-156.56812426932007
26025,3523.7400000000002,226.0,3912.2200000000003,367.0,-388.48,-11.024649945796227
26026,6000.929999999999,207.0,5890.66,313.0,110.26999999999953,1.837548513313762
26027,2072.4,60.0,3262.64,136.0,-1190.2399999999998,-57.4329280061764
26028,5467.19,281.0,5045.02,386.0,422.16999999999916,7.721882722202798
26032,89.99,1.0,729.6,12.0,-639.61,-710.7567507500834
26046,0.0,,3771.36,324.0,-3771.36,0.0
26047,179.88,12.0,119.88,12.0,60.0,33.3555703802535
26049,2323.45,155.0,1646.3999999999999,168.0,677.05,29.13985667864598
26050,548.39,61.0,496.44,84.0,51.94999999999999,9.473185141961011
26051,1064.29,71.0,823.1999999999999,84.0,241.09000000000003,22.652660459085403
26052,0.0,,112.68,12.0,-112.68,0.0
26058,6235.84,416.0,4319.55,435.0,1916.29,30.730262482680757
26061,2935.7400000000002,226.0,3212.9,361.0,-277.15999999999985,-9.440890542077971
26062,1368.63,137.0,1464.15,227.0,-95.51999999999998,-6.979242015738365
26063,1834.17,183.0,3616.74,426.0,-1782.5699999999997,-97.18673841574116
26066,11774.48,1252.0,18289.920000000002,2112.0,-6515.440000000002,-55.33526745979442
26069,1151.28,72.0,762.48,72.0,388.79999999999995,33.771106941838646
26075,2838.58,142.0,1905.6399999999999,142.0,932.94,32.86643321660831
26076,129.85999999999999,14.0,881.28,144.0,-751.42,-578.6385338056368
26077,76.93,7.0,86.76,12.0,-9.829999999999998,-12.777849993500581
26078,3934.3599999999997,164.0,2723.28,168.0,1211.0799999999995,30.782134832603003
26080,1268.73,27.0,939.92,31.0,328.81000000000006,25.91646764875112
26081,1322.79,21.0,1268.4,30.0,54.38999999999987,4.111763772027296
26082,231.71,29.0,187.92000000000002,36.0,43.78999999999999,18.89862327909887
26084,37.98,2.0,301.92,24.0,-263.94,-694.9447077409163
26085,1367.28,72.0,1292.0,100.0,75.27999999999997,5.505821777543734
26087,8249.12,688.0,6783.51,849.0,1465.6100000000006,17.76686482921815
26088,15346.93,307.0,16664.899999999998,490.0,-1317.9699999999975,-8.587841346770967
26089,407.76,24.0,268.32,24.0,139.44,34.19658622719247
26090,719.64,36.0,486.36,36.0,233.27999999999997,32.416208104052025
26091,34934.78,3838.0,24341.2,3926.0,10593.579999999998,30.323877808876993
26092,174141.38,21162.0,100398.4,20960.0,73742.98000000001,42.34661514684219
26093,623.76,24.0,405.12,24.0,218.64,35.05194305502116
26098,17344.15,1185.0,17055.719999999998,1314.0,288.43000000000393,1.6629814663734106
26102,623.52,48.0,534.0,60.0,89.51999999999998,14.357197844495765
26104,9989.380000000001,62.0,2848.77,27.0,7140.610000000001,71.48201389876047
26105,6010.33,167.0,4450.5599999999995,183.0,1559.7700000000004,25.951486856794894
26134,16194.9,1710.0,10106.550000000001,1665.0,6088.3499999999985,37.59424263193968
26142,359.90000000000003,10.0,1261.98,54.0,-902.0799999999999,-250.64740205612668
26143,35232.93,4216.0,20548.35,4419.0,14684.580000000002,41.67856604602569
26145,374.75,25.0,1101.6000000000001,108.0,-726.8500000000001,-193.9559706470981
26146,221.99,1.0,151.01,1.0,70.98000000000002,31.974413261858647
26153,35054.91,3509.0,25707.600000000002,3860.0,9347.310000000001,26.66476679015864
26156,0.0,,277.44,24.0,-277.44,0.0
26160,6970.83,317.0,4717.44,324.0,2253.3900000000003,32.32599274404914
26163,3480.42,258.0,2540.16,288.0,940.2600000000002,27.01570500112056
26166,7034.31,469.0,10624.099999999999,811.0,-3589.789999999998,-51.03258173154151
26167,449.82,18.0,513.6,30.0,-63.78000000000003,-14.179004935307463
26168,101.94,6.0,67.5,6.0,34.44,33.78457916421424
26169,167.88,12.0,111.96,12.0,55.92,33.30950679056469
26175,8963.09,791.0,9156.64,1208.0,-193.54999999999927,-2.1594115422248272
26181,150538.11000000002,17145.0,81565.36,17848.0,68972.75000000001,45.81746774952868
26183,14.99,1.0,236.64,24.0,-221.64999999999998,-1478.6524349566375
26186,1673.67,133.0,1409.99,181.0,263.68000000000006,15.754599174269721
26187,2280.32,168.0,2183.02,217.0,97.30000000000018,4.266944990176825
26197,2350.32,168.0,3943.8,420.0,-1593.48,-67.79842744817726
26198,797.52,48.0,2105.04,179.0,-1307.52,-163.948239542582
26199,653.63,37.0,1714.57,143.0,-1060.94,-162.31507121766137
26201,8254.05,1155.0,10487.84,1616.0,-2233.790000000001,-27.062956972637686
26203,179.88,12.0,352.79999999999995,36.0,-172.91999999999996,-96.13075383589057
26204,374.75,25.0,359.64,36.0,15.110000000000014,4.032021347565047
26205,179.88,12.0,359.64,36.0,-179.76,-99.93328885923948
26211,658.8000000000001,120.0,427.2,120.0,231.60000000000008,35.15482695810566
26219,4102.63,237.0,2413.29,213.0,1689.3400000000001,41.17700109441992
26222,0.0,,1702.68,12.0,-1702.68,0.0
26223,109.99,1.0,1294.02,18.0,-1184.03,-1076.4887717065187
26224,1919.68,32.0,1690.92,42.0,228.76,11.916569428238038
26225,1169.91,9.0,2096.5,25.0,-926.5899999999999,-79.20181894333751
26227,1119.92,8.0,2763.0,30.0,-1643.08,-146.7140510036431
26233,699.72,28.0,2399.04,144.0,-1699.32,-242.85714285714283
26234,724.7099999999999,29.0,2465.2799999999997,144.0,-1740.5699999999997,-240.17469056588152
26235,59.95,5.0,198.48,24.0,-138.52999999999997,-231.0758965804837
26236,46849.840000000004,5516.0,31416.0,6600.0,15433.840000000004,32.94320749014298
26238,143.88,12.0,189.36,24.0,-45.48000000000002,-31.609674728940796
26239,15381.9,810.0,10630.1,845.0,4751.799999999999,30.892152464910055
26240,4939.88,412.0,3385.8,418.0,1554.08,31.459873519194797
26242,4871.25,375.0,3403.4,385.0,1467.85,30.13292276109828
26243,4442.58,342.0,3129.3,366.0,1313.2799999999997,29.561200923787524
26246,221.94,6.0,294.0,12.0,-72.06,-32.46823465801568
26247,10601.89,211.0,7530.719999999999,232.0,3071.17,28.968136813341772
26248,86785.94,406.0,63306.32,478.0,23479.620000000003,27.05463580851922
26250,86717.61,3989.0,56591.76,4152.0,30125.85,34.74017561138966
26253,203.88,12.0,277.44,24.0,-73.56,-36.08004708652148
26254,125.94,6.0,167.88,12.0,-41.94,-33.30157217722725
26255,149.94,6.0,103.38,6.0,46.56,31.052420968387356
26256,0.0,,744.66,18.0,-744.66,0.0
26257,311.96999999999997,3.0,611.73,9.0,-299.76000000000005,-96.08616213097416
26258,0.0,,7741.799999999999,60.0,-7741.799999999999,0.0
26259,923.8599999999999,14.0,3599.4000000000005,84.0,-2675.540000000001,-289.60448552811044
26260,899.91,9.0,5792.639999999999,84.0,-4892.73,-543.6910357702436
26266,33.98,2.0,1525.92,132.0,-1491.94,-4390.64155385521
26268,4765.02,298.0,4932.96,478.0,-167.9399999999996,-3.5244343150710717
26269,0.0,,657.36,24.0,-657.36,0.0
26273,18.99,1.0,611.52,48.0,-592.53,-3120.2211690363347
26274,1153.9,110.0,1590.95,235.0,-437.04999999999995,-37.87589912470751
26275,39320.73,3027.0,34413.75,4025.0,4906.980000000003,12.479371568127048
26277,9158.84,866.0,11671.52,1226.0,-2512.6800000000003,-27.43447860209372
26278,107.91,9.0,463.12,56.0,-355.21000000000004,-329.17245853025673
26280,41126.28,2572.0,47117.2,4420.0,-5990.919999999998,-14.567133229652665
26281,6207.929999999999,207.0,5490.46,271.0,717.4699999999993,11.557314596008645
26283,948.27,73.0,1018.8,120.0,-70.52999999999997,-7.43775506975861
26285,115389.37999999999,1562.0,60266.7,1326.0,55122.67999999999,47.7710167088167
26287,0.0,,155.04,12.0,-155.04,0.0
26288,5520.72,328.0,3985.2,369.0,1535.5200000000004,27.813763422162335
26290,12396.78,922.0,8209.3,935.0,4187.480000000001,33.77877158423398
26291,1918.8,120.0,2970.2400000000002,273.0,-1051.4400000000003,-54.79674796747969
26298,350.73,27.0,412.8,48.0,-62.06999999999999,-17.697374048413305
26299,4572.6,590.0,4212.6,590.0,360.0,7.872982548222017
26300,19.99,1.0,324.24,24.0,-304.25,-1522.0110055027515
26302,1055.68,32.0,1378.6,61.0,-322.91999999999985,-30.58881479236131
26303,499.79999999999995,20.0,580.3199999999999,36.0,-80.51999999999998,-16.110444177671067
26304,263.88,12.0,173.64,12.0,90.24000000000001,34.19736243747158
26314,139.92999999999998,7.0,326.4,24.0,-186.47,-133.25948688630032
26315,208.89,11.0,1935.9599999999998,156.0,-1727.0699999999997,-826.7844319977021
26316,287.76,24.0,209.28,24.0,78.47999999999999,27.27272727272727
26317,22001.769999999997,1223.0,21435.21,1413.0,566.5599999999977,2.575065551544252
26318,21749.91,1209.0,17821.35,1535.0,3928.5600000000013,18.062419568632706
26319,7094.91,709.0,6262.2699999999995,959.0,832.6400000000003,11.735737310268917
26320,1044.8899999999999,11.0,1321.11,21.0,-276.22,-26.435318550278026
26324,239.88,12.0,156.84,12.0,83.03999999999999,34.61730865432716
26327,95.88,12.0,63.48,12.0,32.4,33.79224030037547
26328,1231.56,44.0,1142.3999999999999,60.0,89.16000000000008,7.23959855792654
26329,2300.4100000000003,59.0,1564.65,61.0,735.7600000000002,31.983863746027886
26330,12585.289999999999,471.0,13577.9,815.0,-992.6100000000006,-7.887064978240475
26331,1955.9699999999998,103.0,1489.1999999999998,120.0,466.77,23.863862942683173
26335,2519.16,84.0,1966.1399999999999,99.0,553.02,21.95255561377602
26336,197.64,36.0,259.92,72.0,-62.28000000000003,-31.511839708561034
26339,9147.97,703.0,6186.5199999999995,733.0,2961.45,32.37275592289875
26340,4196.53,247.0,4982.32,434.0,-785.79,-18.724755929303498
26341,9956.14,586.0,8381.25,745.0,1574.8899999999994,15.818278971569297
26342,3728.13,287.0,3368.96,376.0,359.1700000000001,9.634052460616987
26344,1002.41,59.0,668.47,59.0,333.93999999999994,33.313713949381984
26345,798.53,47.0,684.0,60.0,114.52999999999997,14.342604535834594
26347,279.8,20.0,347.4,36.0,-67.59999999999997,-24.160114367405278
26348,3149.5499999999997,45.0,3925.07,83.0,-775.5200000000004,-24.623200139702515
26349,1119.84,16.0,1363.5,30.0,-243.66000000000008,-21.758465495070734
26351,71.94,6.0,46.44,6.0,25.5,35.446205170975816
26352,10814.27,773.0,8115.65,841.0,2698.620000000001,24.954250263771858
26353,9937.35,765.0,7544.32,842.0,2393.0300000000007,24.081168520782708
26354,4728.36,364.0,3239.8199999999997,369.0,1488.54,31.481105499581254
26355,9404.76,724.0,6611.34,753.0,2793.42,29.702193357406248
26356,7835.87,713.0,5877.13,791.0,1958.7399999999998,24.99709668486077
26357,3306.69,331.0,2572.8,384.0,733.8899999999999,22.19409742068352
26358,12088.87,1513.0,15510.66,2343.0,-3421.789999999999,-28.305292388784054
26359,12628.35,3165.0,8640.449999999999,3165.0,3987.9000000000015,31.578947368421062
26361,13830.78,2322.0,16569.86,2503.0,-2739.08,-19.804233745312988
26363,0.0,,3266.88,996.0,-3266.88,0.0
26372,1797.0,300.0,3345.54,822.0,-1548.54,-86.17362270450751
26374,17448.23,277.0,12814.8,295.0,4633.43,26.55530102480309
26376,10161.58,242.0,7311.360000000001,256.0,2850.2199999999993,28.048984508314646
26377,9950.310000000001,269.0,12613.64,508.0,-2663.329999999998,-26.766301753412687
26378,5091.17,283.0,3965.7599999999998,324.0,1125.4100000000003,22.105134968975705
26379,14762.79,321.0,9933.84,324.0,4828.950000000001,32.71028037383178
26380,13403.81,419.0,9284.19,447.0,4119.619999999999,30.734694090710025
26381,5595.07,193.0,3780.8700000000003,193.0,1814.1999999999994,32.42497412900999
26382,441.73999999999995,26.0,792.1199999999999,69.0,-350.37999999999994,-79.31815094852175
26383,161330.26,12974.0,105773.34000000001,13406.0,55556.92,34.43676344413007
26388,143.92,8.0,148.92,12.0,-5.0,-3.474152306837132
26390,11075.07,1493.0,6901.2,1278.0,4173.87,37.687075567016734
26391,8214.98,1102.0,4604.099999999999,894.0,3610.88,43.95482399226779
26392,9378.43,1257.0,4924.99,931.0,4453.4400000000005,47.48598646042036
26394,545.0899999999999,91.0,1074.2,262.0,-529.1100000000001,-97.06837402997674
26395,24491.1,2990.0,10862.58,2757.0,13628.519999999999,55.646826806472546
26396,1725.12,288.0,1120.32,288.0,604.8,35.058430717863104
26398,646.92,108.0,425.52,108.0,221.39999999999998,34.2237061769616
26399,135124.03,17697.0,69698.6,17690.0,65425.42999999999,48.418797159913005
26402,45.99,1.0,201.3,6.0,-155.31,-337.70384866275276
26403,12045.38,862.0,15361.88,1558.0,-3316.5,-27.53337794241444
26404,0.0,,1157.64,44.0,-1157.64,0.0
26405,155.88,12.0,301.68,36.0,-145.8,-93.5334872979215
26419,5849.24,1676.0,4574.18,1898.0,1275.0599999999995,21.798729407581146
26420,1849.26,74.0,2043.69,121.0,-194.43000000000006,-10.513935303851273
26421,881.5799999999999,42.0,1836.73,133.0,-955.1500000000001,-108.34524376687314
26422,386.97,3.0,1038.84,12.0,-651.8699999999999,-168.45491898596788
26423,1614.1499999999999,85.0,1539.6000000000001,120.0,74.54999999999973,4.618529876405522
26426,96632.93000000001,3007.0,61994.799999999996,3163.0,34638.13000000001,35.84505820117429
26427,61188.34,2766.0,40441.5,2850.0,20746.839999999997,33.90652532819161
26428,29613.06,2094.0,19221.420000000002,2103.0,10391.64,35.091408993194214
26429,21367.27,273.0,21982.08,428.0,-614.8100000000013,-2.877344649082458
26430,199.9,10.0,134.2,10.0,65.70000000000002,32.86643321660831
26431,16233.81,1219.0,14522.119999999999,1654.0,1711.6900000000005,10.543981973424604
26434,8851.15,385.0,6646.5,422.0,2204.6499999999996,24.9080627941002
26435,4245.75,425.0,4408.6,658.0,-162.85000000000036,-3.8356003061885504
26436,1958.04,196.0,1580.26,242.0,377.78,19.293783579497862
26437,10387.529999999999,547.0,9261.7,707.0,1125.829999999998,10.838283980888606
26439,539.91,9.0,348.29999999999995,9.0,191.61,35.48924820803468
26442,23377.38,1462.0,26751.6,2477.0,-3374.2199999999975,-14.433696162700857
26443,19144.82,1318.0,20553.75,1827.0,-1408.9300000000003,-7.359327483883371
26445,597.54,46.0,670.8000000000001,78.0,-73.2600000000001,-12.260267095089887
26450,10755.03,897.0,7828.95,1005.0,2926.080000000001,27.206618670519756
26454,740.43,57.0,493.62,57.0,246.80999999999995,33.33333333333333
26456,74008.87,10153.0,43605.0,9690.0,30403.869999999995,41.08138659595802
26457,623.52,48.0,407.52,48.0,216.0,34.64203233256351
26458,63.96,4.0,397.08,36.0,-333.12,-520.8255159474672
26460,3017.11,89.0,4759.32,204.0,-1742.2099999999996,-57.74433149603427
26461,2145.02,98.0,2872.8,190.0,-727.7800000000002,-33.928821176492534
26462,29938.559999999998,1744.0,20466.0,1895.0,9472.559999999998,31.639998717373174
26463,162565.51,21469.0,100630.65,21641.0,61934.860000000015,38.09840106920589
26464,3202.22,178.0,3797.6400000000003,308.0,-595.4200000000005,-18.593975429545768
26473,703.68,32.0,1783.1999999999998,120.0,-1079.52,-153.4106412005457
26478,5412.15,285.0,4455.19,359.0,956.96,17.68169766174256
26479,1499.5,50.0,2448.0,120.0,-948.5,-63.254418139379794
26484,7671.02,698.0,5334.74,718.0,2336.2800000000007,30.4559237233119
26485,4016.65,335.0,2911.04,352.0,1105.6100000000001,27.525674380391624
26490,575.04,96.0,376.32,96.0,198.71999999999997,34.557595993322195
26491,8716.29,671.0,6330.38,721.0,2385.9100000000008,27.37299929213003
26492,9146.949999999999,305.0,6280.5599999999995,312.0,2866.3899999999994,31.33711237079026
26493,1896.54,146.0,1317.12,147.0,579.4200000000001,30.55142522699232
26495,2392.74,126.0,3278.52,252.0,-885.7800000000002,-37.01948393891523
26496,1763.5900000000001,41.0,7132.8,240.0,-5369.21,-304.44774579125533
26497,10817.029999999999,597.0,8289.539999999999,714.0,2527.49,23.365840715982113
26498,829.9,10.0,1638.0,30.0,-808.1,-97.37317749126402
26499,14445.97,803.0,10122.48,827.0,4323.49,29.928692915740513
26500,287.94,6.0,934.8000000000001,30.0,-646.8600000000001,-224.65096895186502
26501,15169.43,857.0,22624.170000000002,1731.0,-7454.740000000002,-49.14317808909103
26502,351.84,16.0,2530.08,168.0,-2178.24,-619.0995907230559
26503,6010.33,167.0,5127.2,208.0,883.1300000000001,14.693535962251659
26508,10.49,1.0,6.81,1.0,3.6800000000000006,35.081029551954245
26510,110.91,9.0,282.24,36.0,-171.33,-154.47660265079796
26514,2551.12,88.0,3134.4,160.0,-583.2800000000002,-22.863683401800003
26515,223.85999999999999,14.0,319.8,30.0,-95.94000000000003,-42.85714285714287
26516,191.88,12.0,259.2,24.0,-67.32,-35.08442776735459
26517,1783.9499999999998,105.0,1356.69,123.0,427.25999999999976,23.950222820146294
26518,2949.78,422.0,2916.1000000000004,605.0,33.679999999999836,1.141780064953991
26520,911.34,166.0,587.64,166.0,323.70000000000005,35.51912568306012
26521,89.94,6.0,62.04,6.0,27.9,31.02068045363576
26530,20904.43,2557.0,11979.36,2538.0,8925.07,42.69463458223927
26534,3308.32,368.0,3372.8,544.0,-64.48000000000002,-1.9490254872563721
26535,3335.29,371.0,3286.44,537.0,48.84999999999991,1.4646402561696257
26538,6013.66,334.0,7743.84,663.0,-1730.1800000000003,-28.7708317397392
26539,131.94,6.0,90.36,6.0,41.58,31.51432469304229
26551,34766.189999999995,1581.0,22349.25,1575.0,12416.939999999995,35.71556158440139
26557,50540.92,2808.0,40618.200000000004,3563.0,9922.719999999994,19.633041899514282
26558,27331.52,1048.0,25537.76,1544.0,1793.760000000002,6.562971982531532
26560,6380.01,399.0,6210.0,575.0,170.01000000000022,2.6647293656279567
26561,21.98,2.0,381.12,48.0,-359.14,-1633.9399454049137
26562,7.98,2.0,126.72,48.0,-118.74,-1487.96992481203
26567,27.98,2.0,222.24,24.0,-194.26000000000002,-694.2816297355255
26568,161.91,9.0,287.76,24.0,-125.85,-77.7283676116361
26569,203.82999999999998,17.0,282.24,36.0,-78.41000000000003,-38.46833145268117
26570,191.88,12.0,247.68,24.0,-55.80000000000001,-29.080675422138842
26571,2039.49,51.0,10284.119999999999,396.0,-8244.63,-404.2495918097171
26575,359.76,24.0,243.12,24.0,116.63999999999999,32.421614409606406
26580,68015.06999999999,3093.0,69893.45999999999,4641.0,-1878.3899999999994,-2.761726188034504
26583,2417.87,13.0,6285.2300000000005,49.0,-3867.3600000000006,-159.94904606120267
26586,989.7800000000001,22.0,1051.56,36.0,-61.77999999999986,-6.241791105094046
26591,450.59000000000003,41.0,465.92,64.0,-15.329999999999984,-3.402205996582255
26592,3558.22,178.0,4391.52,336.0,-833.3000000000006,-23.41901287722515
26594,896.87,13.0,1906.3799999999999,42.0,-1009.5099999999999,-112.55923377970049
26596,395.91,9.0,1239.8400000000001,42.0,-843.9300000000001,-213.16208229142987
26606,19934.72,3328.0,19035.170000000002,4609.0,899.5499999999993,4.512478730576598
26611,219.89999999999998,10.0,493.91999999999996,36.0,-274.02,-124.61118690313779
26615,886.52,148.0,728.5300000000001,179.0,157.9899999999999,17.82136894824707
26617,131.88,12.0,87.36,12.0,44.519999999999996,33.75796178343949
26620,319.84,16.0,2284.7999999999997,168.0,-1964.9599999999998,-614.3571785892946
26621,0.0,,907.68,24.0,-907.68,0.0
26623,359.64,36.0,235.07999999999998,36.0,124.56,34.63463463463464
26624,413.64,36.0,275.76,36.0,137.88,33.33333333333333
26625,814.49,51.0,926.5200000000001,84.0,-112.03000000000009,-13.754619455119165
26626,575.64,36.0,391.68,36.0,183.95999999999998,31.95747342088805
26627,863.46,54.0,895.44,84.0,-31.980000000000018,-3.7037037037037055
26629,119.88,12.0,81.6,12.0,38.28,31.931931931931935
26631,755.7900000000001,21.0,2056.3199999999997,84.0,-1300.5299999999997,-172.07557654904136
26632,4906.1900000000005,581.0,2711.94,587.0,2194.2500000000005,44.724113823557595
26644,71.39,11.0,0.0,,71.39,100.0
26645,220.86999999999998,13.0,972.7599999999999,83.0,-751.8899999999999,-340.421967673292
26646,8288.7,530.0,5531.01,557.0,2757.6900000000005,33.27047667306092
26652,1766.96,104.0,1296.8799999999999,116.0,470.08000000000015,26.603884638022375
26654,0.0,,261.12,24.0,-261.12,0.0
26655,13.49,1.0,313.20000000000005,36.0,-299.71000000000004,-2221.719792438844
26663,2158.92,108.0,1420.2,108.0,738.72,34.21710855427714
26666,125.84,16.0,95.28,24.0,30.560000000000002,24.284806102987922
26670,769.65,35.0,2383.92,168.0,-1614.27,-209.7407912687585
26671,719.98,2.0,1714.23,7.0,-994.25,-138.09411372538125
26672,18947.03,1747.0,25055.280000000002,2047.0,-6108.250000000004,-32.23856192764779
26673,215.76,24.0,147.84,24.0,67.91999999999999,31.47942157953281
26674,0.0,,124.08,12.0,-124.08,0.0
26677,4738.42,158.0,4052.0,200.0,686.4200000000001,14.486263353607324
26678,2728.18,182.0,2826.27,279.0,-98.09000000000015,-3.5954372512077706
26679,2907.09,291.0,4505.7,690.0,-1598.6099999999997,-54.99004158797972
26680,7942.06,994.0,6517.12,1198.0,1424.9400000000005,17.941692709448184
26681,4256.91,609.0,2898.84,609.0,1358.0699999999997,31.902718168812584
26682,3199.36,64.0,3663.6800000000003,107.0,-464.32000000000016,-14.512902580516107
26683,28426.38,3162.0,20440.0,3500.0,7986.380000000001,28.094959681816682
26684,19209.03,1897.0,23322.88,2603.0,-4113.850000000002,-21.416229762773042
26685,512.91,9.0,3088.6800000000003,84.0,-2575.7700000000004,-502.1875182780606
26686,0.0,,1183.86,6.0,-1183.86,0.0
26687,0.0,,1519.5,30.0,-1519.5,0.0
26688,685.86,14.0,2672.04,84.0,-1986.1799999999998,-289.5897121861604
26689,489.90000000000003,10.0,2672.04,84.0,-2182.14,-445.42559706062457
26690,2424.0299999999997,97.0,2911.87,169.0,-487.84000000000015,-20.125163467448843
26691,0.0,,1697.28,12.0,-1697.28,0.0
26692,1196.81,19.0,1706.88,42.0,-510.07000000000016,-42.6191291850837
26693,1808.33,67.0,3002.16,168.0,-1193.83,-66.01837054077518
26694,538.93,7.0,930.06,18.0,-391.13,-72.57528807080698
26695,271.92,8.0,2234.88,96.0,-1962.96,-721.8887908208296
26696,1014.65,35.0,1693.8,90.0,-679.15,-66.93441088059922
26697,1329.81,19.0,2745.0,60.0,-1415.19,-106.4204660816207
26699,1158.3899999999999,61.0,2084.8799999999997,168.0,-926.4899999999998,-79.98083546991944
26701,2988.7,130.0,2506.27,169.0,482.42999999999984,16.141800782949105
26702,203.88,12.0,136.8,12.0,67.07999999999998,32.90170688640376
26704,199.92,8.0,135.12,8.0,64.79999999999998,32.41296518607442
26705,1151.76,24.0,1136.52,36.0,15.240000000000009,1.323192331735779
26706,1174.53,47.0,967.2,60.0,207.32999999999993,17.65216724987867
26707,10270.89,411.0,6786.52,421.0,3484.369999999999,33.924713437686506
26708,14082.9,260.0,28505.52,636.0,-14422.62,-102.41228724197431
26709,1609.21,179.0,1447.6000000000001,235.0,161.6099999999999,10.042816040168773
26710,26032.05,4995.0,46253.700000000004,4995.0,-20221.650000000005,-77.67982160452213
26713,201.37,13.0,359.64,36.0,-158.26999999999998,-78.59661319958285
26716,28727.02,898.0,26286.079999999998,1208.0,2440.9400000000023,8.497017790219807
26717,14885.1,1490.0,11888.1,1785.0,2997.0,20.13422818791946
26728,794.47,53.0,3356.64,336.0,-2562.17,-322.50053494782685
26729,3190.3199999999997,168.0,2084.8799999999997,168.0,1105.44,34.64981569246973
26730,134.91,9.0,1055.02,107.0,-920.11,-682.0176413905567
26732,142666.23,10877.0,83646.01000000001,12319.0,59020.22,41.369439705528066
26735,111.86,14.0,126.96,24.0,-15.099999999999994,-13.499016627927762
26739,17940.58,442.0,12576.48,456.0,5364.100000000002,29.899256322816775
26740,0.0,,68.4,12.0,-68.4,0.0
26742,21530.61,1539.0,24464.920000000002,2642.0,-2934.3100000000013,-13.628550236152162
26744,63748.87,5465.0,35675.94,5557.0,28072.93,44.0367492004172
26750,311.76,24.0,215.04,24.0,96.72,31.023864511162436
26754,6344.469999999999,253.0,5820.8,340.0,523.6699999999992,8.253959747622721
26755,32300.579999999998,1942.0,18769.47,1941.0,13531.109999999997,41.89122919774195
26756,623.52,48.0,513.0,60.0,110.51999999999998,17.72517321016166
26760,0.0,,10.66,1.0,-10.66,0.0
26762,51414.2,3430.0,52381.08,5389.0,-966.8800000000047,-1.8805699592719611
26763,1234.35,65.0,1561.2,120.0,-326.85000000000014,-26.479523635921755
26764,707.88,12.0,1179.8999999999999,30.0,-472.01999999999987,-66.68079335480587
26766,1829.3899999999999,61.0,1657.32,84.0,172.06999999999994,9.405867529613692
26767,989.7800000000001,22.0,1219.26,42.0,-229.4799999999999,-23.18495019095151
26768,6298.74,126.0,6316.860000000001,187.0,-18.1200000000008,-0.28767658293564746
26769,7498.5,150.0,6059.13,183.0,1439.37,19.19543908781756
26770,1451.78,22.0,1898.3999999999999,42.0,-446.6199999999999,-30.763614321729182
26771,195.96,4.0,2141.04,66.0,-1945.08,-992.5903245560316
26772,1159.8,20.0,2319.6,60.0,-1159.8,-100.0
26774,7569.7,630.0,9111.84,984.0,-1542.1400000000003,-20.372537881289883
26779,10399.8,1020.0,6657.2,979.0,3742.5999999999995,35.98723052366392
26781,441.73999999999995,26.0,419.04,36.0,22.699999999999932,5.1387694118712215
26787,56903.66,5084.0,34780.2,5070.0,22123.460000000006,38.878799711653
26802,2013.6200000000001,38.0,3069.36,84.0,-1055.74,-52.42995202669818
26803,3242.5299999999997,47.0,2252.64,48.0,989.8899999999999,30.528322020150927
26804,4318.92,108.0,4633.44,168.0,-314.5199999999995,-7.282376149592943
26811,5719.26,1194.0,3808.86,1194.0,1910.4,33.40292275574113
26812,359.88,12.0,3140.28,156.0,-2780.4,-772.5908636212071
26813,174.92999999999998,7.0,2856.0,168.0,-2681.07,-1532.65306122449
26814,730.5699999999999,43.0,3682.5600000000004,336.0,-2951.9900000000007,-404.06668765484494
26815,649.9,10.0,3615.36,84.0,-2965.46,-456.2948145868595
26816,279.96,4.0,3945.48,84.0,-3665.52,-1309.3013287612519
26817,71148.67,9333.0,52140.04,9532.0,19008.629999999997,26.71677488841323
26818,21100.76,1224.0,12738.550000000001,1219.0,8362.209999999997,39.62989958655517
26820,591.26,74.0,878.42,167.0,-287.15999999999997,-48.56746608936846
26821,47256.54,4946.0,23772.46,4822.0,23484.08,49.69487821156606
26826,659.45,55.0,572.76,74.0,86.69000000000005,13.145803320949284
26827,34517.23,3177.0,21607.04,3136.0,12910.190000000002,37.40216118153166
26828,161.73,27.0,0.0,,161.73,100.0
26833,4637.68,232.0,4263.28,322.0,374.40000000000055,8.073002018250516
26834,1493.85,115.0,1833.84,216.0,-339.99,-22.759313184054626
26835,1529.1499999999999,85.0,1393.1999999999998,120.0,135.95000000000005,8.890560115096626
26836,2133.0299999999997,97.0,1899.2400000000002,133.0,233.7899999999995,10.960464691073241
26837,699.39,61.0,966.0,120.0,-266.61,-38.1203620297688
26838,44.97,3.0,350.46,27.0,-305.49,-679.3195463642428
26839,99.9,10.0,65.3,10.0,34.60000000000001,34.634634634634644
26840,1580.07,93.0,1198.8,108.0,381.27,24.129943610093225
26842,1007.28,72.0,694.8,72.0,312.48,31.02215868477484
26844,5298.21,279.0,4896.68,379.0,401.52999999999975,7.578597299842772
26845,142.89000000000001,11.0,205.2,24.0,-62.309999999999974,-43.606970396808705
26846,285.78000000000003,22.0,295.4,35.0,-9.619999999999948,-3.366225768073324
26847,3189.7200000000003,228.0,2164.56,232.0,1025.1600000000003,32.13949813776759
26848,1799.7599999999998,24.0,1509.9,30.0,289.8599999999997,16.105480730764086
26849,1978.68,132.0,3587.57,371.0,-1608.89,-81.31127822588797
26850,4691.87,313.0,3556.44,356.0,1135.4299999999998,24.199945863802704
26851,2699.46,54.0,4767.84,144.0,-2068.38,-76.62199106487965
26852,1299.74,26.0,4341.4800000000005,132.0,-3041.7400000000007,-234.02680536107226
26853,1589.4699999999998,53.0,2502.2799999999997,121.0,-912.81,-57.42857682120456
26854,1055.76,24.0,3845.16,132.0,-2789.3999999999996,-264.2077744942032
26860,1987.83,117.0,2095.2000000000003,180.0,-107.37000000000035,-5.4013673201430885
26861,3079.23,77.0,2224.3199999999997,84.0,854.9100000000003,27.763759121598593
26862,3198.0,200.0,2365.2000000000003,216.0,832.7999999999997,26.04127579737335
26864,2798.25,175.0,2188.92,204.0,609.3299999999999,21.77539533637094
26865,1064.29,71.0,3474.24,336.0,-2409.95,-226.43734320532934
26866,881.51,49.0,1592.9599999999998,131.0,-711.4499999999998,-80.70810314120087
26867,3988.67,133.0,3370.84,163.0,617.8299999999999,15.489624361002537
26868,2999.5,50.0,3359.16,84.0,-359.65999999999985,-11.990665110851804
26869,4133.61,39.0,3769.89,53.0,363.7199999999998,8.799088448111938
26870,5339.11,89.0,6076.2,156.0,-737.0900000000001,-13.8054844346717
26871,2464.6299999999997,137.0,1811.04,154.0,653.5899999999997,26.518787809934953
26872,1439.04,96.0,1310.76,132.0,128.27999999999997,8.914276184122746
26876,12158.48,152.0,1459.35,27.0,10699.13,87.99726610563162
26877,227.88,12.0,153.96,12.0,73.91999999999999,32.43812532912059
26882,1839.77,23.0,1610.3999999999999,30.0,229.37000000000012,12.467319284475783
26883,2218.52,148.0,3406.8,334.0,-1188.2800000000002,-53.56183401546978
26885,42593.14,2086.0,28492.600000000002,2180.0,14100.539999999997,33.10519017851231
26886,571.74,26.0,936.18,63.0,-364.43999999999994,-63.74226046804491
26889,2462.81,119.0,1051.1999999999998,90.0,1411.6100000000001,57.317048412179595
26890,11824.59,741.0,15068.8,1108.0,-3244.209999999999,-27.436130977902824
26891,7169.92,508.0,8510.0,925.0,-1340.08,-18.690306167990716
26892,3969.56,324.0,4733.4,483.0,-763.8399999999997,-19.24243492981589
26896,2823.87,113.0,2171.89,133.0,651.98,23.088173322426318
26913,1949.35,65.0,1927.53,99.0,21.819999999999936,1.1193474747992889
26919,371.76,24.0,256.32,24.0,115.44,31.052291801162042
26921,419.76,24.0,276.24,24.0,143.51999999999998,34.19096626643796
26923,359.76,24.0,239.76,24.0,120.0,33.3555703802535
26935,1678.88,112.0,1225.0,125.0,453.8800000000001,27.034689793195472
26939,4668.87,113.0,2437.56,108.0,2231.31,47.7912214304532
26943,15096.98,302.0,4204.97,127.0,10892.009999999998,72.14694594548048
26944,5978.07,193.0,3381.48,186.0,2596.5899999999997,43.435255860168915
26945,210229.32,17068.0,125102.83,18479.0,85126.49,40.49220632022213
26947,17467.8,820.0,11030.88,804.0,6436.92,36.850204376051934
26948,295359.45,15055.0,200206.92,17364.0,95152.53,32.21584073236865
26949,192403.31,8369.0,130793.66,8422.0,61609.649999999994,32.021096726454445
26950,5.79,1.0,3.99,1.0,1.7999999999999998,31.088082901554404
26966,35659.59,3441.0,21960.39,3363.0,13699.199999999997,38.41659424575548
26983,2999.7000000000003,30.0,5489.400000000001,84.0,-2489.7000000000003,-82.998299829983
26985,2123.75,125.0,3386.04,348.0,-1262.29,-59.43684520306062
26990,15034.87,3013.0,9771.84,3016.0,5263.030000000001,35.005490569589234
26992,2345.4900000000002,51.0,5709.599999999999,180.0,-3364.109999999999,-143.42887840067527
26994,7953.79,221.0,8637.84,372.0,-684.0500000000002,-8.600302497300031
26995,18140.760000000002,324.0,15723.5,410.0,2417.260000000002,13.325020561431836
26996,4804.25,375.0,8876.49,983.0,-4072.24,-84.76328251027735
26997,127.92999999999999,7.0,156.84,12.0,-28.91000000000001,-22.598295943093888
27005,2099.65,35.0,2938.32,72.0,-838.6700000000001,-39.943323887314556
27009,3330.04,196.0,7915.200000000001,680.0,-4585.160000000001,-137.69083854848594
27010,8964.39,361.0,14962.5,875.0,-5998.110000000001,-66.91040885102055
27011,3247.42,58.0,3854.16,106.0,-606.7399999999998,-18.683755104051826
27012,5181.95,305.0,8115.12,702.0,-2933.17,-56.60359517170177
27013,1599.6000000000001,40.0,4448.639999999999,168.0,-2849.039999999999,-178.10952738184537
27014,2659.62,38.0,8501.57,181.0,-5841.95,-219.65355953106084
27015,899.9,10.0,2958.72,48.0,-2058.8199999999997,-228.78319813312586
27016,6232.37,563.0,7846.52,1049.0,-1614.1500000000005,-25.899457188838284
27017,7971.76,724.0,7678.47,1083.0,293.28999999999996,3.679112266300039
27022,160.93,7.0,107.31,7.0,53.620000000000005,33.318834275772076
27027,759.8100000000001,19.0,1584.1699999999998,61.0,-824.3599999999998,-108.49554493886626
27031,52468.020000000004,198.0,72468.54,402.0,-20000.51999999999,-38.119448761359756
27033,890.73,27.0,19.73,1.0,871.0,97.78496289560248
27042,79616.07,7993.0,53036.659999999996,8122.0,26579.41000000001,33.38447878675751
27051,0.0,,10648.8,1044.0,-10648.8,0.0
27053,209.79,21.0,236.52,36.0,-26.730000000000018,-12.741312741312749
27056,5385.83,317.0,5647.5,502.0,-261.6700000000001,-4.858489777805836
27061,1119.84,16.0,1946.7000000000003,42.0,-826.8600000000004,-73.83733390484359
27062,959.76,24.0,1158.36,42.0,-198.5999999999999,-20.692673168292064
27063,989.7,30.0,1048.8,48.0,-59.09999999999991,-5.971506517126392
27064,1021.86,14.0,1160.16,24.0,-138.30000000000007,-13.53414362045682
27065,25900.440000000002,756.0,19793.64,843.0,6106.800000000003,23.57797782585934
27066,959.76,24.0,1090.74,42.0,-130.98000000000002,-13.647161790447615
27067,183.96,4.0,1908.69,61.0,-1724.73,-937.5570776255709
27069,0.0,,80.52,6.0,-80.52,0.0
27071,215.88,12.0,284.16,24.0,-68.28000000000003,-31.628682601445263
27083,8165.92,408.0,8734.22,638.0,-568.2999999999993,-6.959411799282863
27089,263.88,12.0,174.72,12.0,89.16,33.78808549340609
27091,723.72,28.0,1168.56,72.0,-444.8399999999999,-61.465760238766364
27092,1079.1,90.0,752.64,96.0,326.4599999999999,30.25298860161245
27093,299.75,25.0,284.04,36.0,15.70999999999998,5.241034195162628
27094,3563.54,446.0,3614.5600000000004,656.0,-51.02000000000044,-1.4317223884115355
27095,4738.42,158.0,4386.0,215.0,352.4200000000001,7.437500263801016
27097,12673.31,169.0,5999.52,116.0,6673.789999999999,52.66019690199324
27098,299.96999999999997,3.0,11051.04,168.0,-10751.070000000002,-3584.0484048404846
27100,4302.69,331.0,3234.69,381.0,1067.9999999999995,24.821681320290324
27103,47582.37,3663.0,31115.85,3665.0,16466.520000000004,34.60634684653161
27105,4364.03,97.0,4974.93,167.0,-610.9000000000005,-13.998528882707054
27106,2274.0899999999997,91.0,2780.4,168.0,-506.3100000000004,-22.26429033151724
27111,23696.05,395.0,17150.76,426.0,6545.290000000001,27.62186102747083
27121,0.0,,109.08,6.0,-109.08,0.0
27123,0.0,,128.82,6.0,-128.82,0.0
27124,10838.96,904.0,14871.6,1458.0,-4032.6400000000012,-37.20504550252055
27131,1099.78,22.0,980.1,30.0,119.67999999999995,10.882176435287052
27132,1329.3,70.0,923.76,72.0,405.53999999999996,30.50778605280975
27133,359.95,5.0,863.8199999999999,18.0,-503.86999999999995,-139.98333101819696
27134,39.98,2.0,816.0,60.0,-776.02,-1941.0205102551276
27135,1630.98,102.0,1296.0,120.0,334.98,20.53857190155612
27136,535.92,8.0,777.96,18.0,-242.04000000000008,-45.163457232422765
27137,359.85,15.0,560.88,36.0,-201.02999999999997,-55.86494372655272
27138,2702.31,169.0,2203.2,204.0,499.1100000000001,18.469753655206105
27139,890.67,33.0,1481.76,84.0,-591.09,-66.36464683889656
27140,1295.4599999999998,54.0,1325.52,84.0,-30.060000000000173,-2.3204112824788243
27141,237.93,7.0,675.3,30.0,-437.36999999999995,-183.82297314336148
27142,11858.11,989.0,18343.8,2370.0,-6485.689999999999,-54.694129165609006
27143,6044.639999999999,336.0,21014.64,1863.0,-14970.0,-247.65742873024698
27144,13762.349999999999,765.0,26214.72,2324.0,-12452.370000000003,-90.4814221408408
27145,71068.4,7360.0,44923.5,7450.0,26144.899999999994,36.78836163470684
27146,7500.62,738.0,3889.44,592.0,3611.18,48.14508667283505
27157,6670.55,445.0,10429.56,1044.0,-3759.0099999999993,-56.352324770820985
27158,5582.92,508.0,7450.080000000001,996.0,-1867.1600000000008,-33.44414750703934
27159,1813.3500000000001,165.0,7913.5199999999995,1044.0,-6100.169999999999,-336.4033418810488
27160,2991.56,44.0,0.0,,2991.56,100.0
27161,359.94,6.0,3451.56,84.0,-3091.62,-858.926487747958
27162,319.92,8.0,2181.48,84.0,-1861.56,-581.8829707426856
27163,2989.28,272.0,4626.72,648.0,-1637.44,-54.77707006369427
27164,674.75,25.0,2963.52,168.0,-2288.77,-339.20266765468693
27165,2660.79,121.0,2513.28,168.0,147.50999999999976,5.543842242341551
27166,1405.26,74.0,2126.8799999999997,168.0,-721.6199999999997,-51.351351351351326
27167,1979.67,33.0,4767.6,120.0,-2787.9300000000003,-140.82801679067725
27168,1405.26,74.0,1186.55,95.0,218.71000000000004,15.563667933336184
27169,2099.4,60.0,1972.32,84.0,127.08000000000015,6.053158045155766
27170,4199.3,70.0,3271.7999999999997,84.0,927.5000000000005,22.08701450241708
27171,2958.15,185.0,3394.56,312.0,-436.40999999999985,-14.75280158206987
27172,1405.26,74.0,1911.0,156.0,-505.74,-35.98906963835874
27173,341.94,6.0,3234.84,84.0,-2892.9,-846.0256185295666
27176,18362.75,1225.0,11546.0,1255.0,6816.75,37.12270765544376
27178,611.91,9.0,1631.88,36.0,-1019.9700000000001,-166.6862773937344
27180,9469.75,525.0,10813.3,710.0,-1343.5499999999993,-14.187808548272121
27189,647.88,12.0,423.48,12.0,224.39999999999998,34.63604371179848
27191,971.91,9.0,1693.92,24.0,-722.0100000000001,-74.2877426922246
27192,1268.73,27.0,1819.1999999999998,60.0,-550.4699999999998,-43.38748197015912
27193,2159.6,40.0,6393.6,180.0,-4234.0,-196.0548249675866
27194,499.90000000000003,10.0,2818.2000000000003,84.0,-2318.3,-463.75275055011
27195,4237.88,212.0,4863.6,360.0,-625.7200000000003,-14.76492963462864
27196,1273.51,49.0,2835.84,168.0,-1562.3300000000002,-122.6790523827846
27197,1652.71,29.0,2295.0,60.0,-642.29,-38.86283740039087
27198,2924.3500000000004,65.0,2470.44,84.0,453.9100000000003,15.521739873818122
27201,4577.71,229.0,20793.96,1602.0,-16216.25,-354.243715744335
27202,56533.41,5659.0,54080.4,7953.0,2453.010000000002,4.339044823229312
27203,51388.44,3956.0,45260.799999999996,5120.0,6127.640000000007,11.924160375368482
27204,1199.52,48.0,816.0,48.0,383.52,31.972789115646254
27206,0.0,,8937.12,1032.0,-8937.12,0.0
27212,14137.53,247.0,8309.68,241.0,5827.85,41.22254736152638
27214,2719.2000000000003,80.0,3467.1200000000003,152.0,-747.9200000000001,-27.50514857310974
27219,5444.28,72.0,9599.400000000001,180.0,-4155.120000000002,-76.3208358130001
27220,229.98,2.0,4644.599999999999,60.0,-4414.62,-1919.5669188625097
27221,7471.71,129.0,7158.21,179.0,313.5,4.195826658154559
27233,22941.7,3830.0,15830.1,3861.0,7111.6,30.99857464791188
27235,0.0,,43.32,12.0,-43.32,0.0
27243,11668.32,1168.0,16227.05,2485.0,-4558.73,-39.069291894634354
27250,55.93,7.0,132.24,24.0,-76.31,-136.43840514929377
27251,95.88,12.0,65.28,12.0,30.599999999999994,31.914893617021274
27255,11488.4,760.0,22426.6,1660.0,-10938.199999999999,-95.21082135023153
27259,26769.34,1066.0,30714.16,1516.0,-3944.8199999999997,-14.736336420696214
27262,0.0,,11807.37,1017.0,-11807.37,0.0
27264,186.82999999999998,17.0,267.48,36.0,-80.65000000000003,-43.16758550553982
27267,283.96,4.0,1681.1999999999998,36.0,-1397.2399999999998,-492.0552190449358
27269,0.0,,1006.32,12.0,-1006.32,0.0
27273,3196.8,320.0,5345.639999999999,558.0,-2148.8399999999992,-67.21846846846844
27274,209.99,1.0,23881.5,174.0,-23671.51,-11272.6844135435
27275,0.0,,2476.44,9.0,-2476.44,0.0
27276,27383.54,3046.0,21077.28,3444.0,6306.260000000002,23.02938188415377
27279,1547.82,18.0,3328.8,60.0,-1780.9800000000002,-115.06376710470212
27284,1799.7,30.0,1470.01,37.0,329.69000000000005,18.319164305161976
27285,739.9,10.0,3019.8,60.0,-2279.9,-308.1362346263009
27286,1299.74,26.0,1610.4,48.0,-310.6600000000001,-23.901703417606605
27287,5199.349999999999,65.0,3641.22,66.0,1558.1299999999997,29.96778443459278
27288,16126.55,1345.0,19767.6,1710.0,-3641.0499999999993,-22.577984751853304
27289,747.56,44.0,3756.48,336.0,-3008.92,-402.49879608325756
27290,1039.92,8.0,14367.36,168.0,-13327.44,-1281.5831987075928
27291,3518.24,176.0,8897.28,672.0,-5379.040000000001,-152.89008140433856
27303,18131.59,2041.0,11902.74,2014.0,6228.85,34.353578478225025
27316,1147.86,14.0,4591.44,84.0,-3443.58,-300.0
27318,429.95,5.0,2091.6000000000004,36.0,-1661.6500000000003,-386.4751715315735
27319,0.0,,2786.7599999999998,36.0,-2786.7599999999998,0.0
27320,719.88,12.0,2448.6000000000004,60.0,-1728.7200000000003,-240.14002333722289
27322,901.89,11.0,3988.7999999999997,72.0,-3086.91,-342.2712304161261
27325,959.1999999999999,80.0,1988.2800000000002,252.0,-1029.0800000000004,-107.28523769808179
27326,707.41,59.0,1762.56,216.0,-1055.15,-149.15678319503542
27327,0.0,,123.24,12.0,-123.24,0.0
27328,779.35,65.0,1786.32,216.0,-1006.9699999999999,-129.20638994033487
27330,24429.33,1967.0,15148.800000000001,1920.0,9280.53,37.98929401665948
27331,17464.79,1421.0,11053.890000000001,1401.0,6410.9,36.70756991638605
27332,1998.75,125.0,2615.76,252.0,-617.0100000000002,-30.86979362101314
27333,98.84,16.0,144.72,36.0,-45.879999999999995,-46.41845406717927
27334,1838.85,115.0,2777.2799999999997,264.0,-938.4299999999998,-51.033526388775584
27342,38.97,3.0,9286.8,1065.0,-9247.83,-23730.6389530408
27348,1679.3999999999999,60.0,3034.08,168.0,-1354.68,-80.66452304394429
27349,0.0,,1239.48,132.0,-1239.48,0.0
27350,173797.08,10492.0,113140.8,10476.0,60656.279999999984,34.9006323926731
27351,299322.23,17977.0,185968.08000000002,17916.0,113354.14999999997,37.870274453053476
27360,299.94,6.0,2054.4,60.0,-1754.46,-584.9369873974795
27361,32635.73,3527.0,21084.8,3520.0,11550.93,35.3935088934735
27367,2858.5699999999997,143.0,4619.65,335.0,-1761.08,-61.60702728986871
27368,45144.11,2089.0,30442.46,2117.0,14701.650000000001,32.56604239179818
27369,797.5799999999999,42.0,8430.48,648.0,-7632.9,-957.0074475287745
27370,3036.18,182.0,688.35,65.0,2347.83,77.32841926368003
27371,599.96,4.0,8399.16,84.0,-7799.2,-1299.9533302220148
27393,10299.69,1031.0,18853.35,2923.0,-8553.659999999998,-83.04774221360059
27395,1247.52,48.0,1464.96,84.0,-217.44000000000005,-17.429780684878803
27396,459.77,23.0,1149.96,84.0,-690.19,-150.11636252909065
27398,349.93,7.0,2054.4,60.0,-1704.47,-487.0888463406967
27399,919.5999999999999,40.0,1313.76,84.0,-394.1600000000001,-42.862113962592446
27403,359.64,36.0,2298.24,336.0,-1938.6,-539.039039039039
27404,1175.4399999999998,56.0,1216.32,84.0,-40.88000000000011,-3.4778465936160172
27405,2078.23,77.0,3022.3199999999997,168.0,-944.0899999999997,-45.427599447606845
27406,379.90000000000003,10.0,3080.4,120.0,-2700.5,-710.8449591997894
27407,935.8699999999999,13.0,5081.4,108.0,-4145.53,-442.960026499407
27408,1319.8899999999999,11.0,4831.8,60.0,-3511.9100000000003,-266.0759608755276
27409,431.91,9.0,3972.0,120.0,-3540.09,-819.6360352851289
27410,1079.6,40.0,3002.16,168.0,-1922.56,-178.08077065579846
27411,164.97,3.0,879.84,24.0,-714.87,-433.3333333333333
27412,13224.97,1103.0,16137.9,2085.0,-2912.9300000000003,-22.025985692217073
27425,699.65,35.0,466.55,35.0,233.09999999999997,33.316658329164575
27429,41379.869999999995,2013.0,27231.9,2111.0,14147.969999999994,34.190465073959864
27432,8056.08,492.0,5823.84,528.0,2232.24,27.708761581314977
27433,3715.72,228.0,3068.16,282.0,647.56,17.427577966046957
27437,9286.55,845.0,7474.38,1041.0,1812.1699999999992,19.513920670216596
27440,199.29,21.0,305.76,48.0,-106.47,-53.42465753424658
27442,91.96,4.0,465.12,36.0,-373.16,-405.78512396694225
27443,311.94,6.0,1632.48,48.0,-1320.54,-423.3314098865166
27444,164.94,6.0,584.28,36.0,-419.34,-254.2379046926155
27460,26973.0,2700.0,17728.95,2715.0,9244.05,34.271493715938156
27461,270058.6,29340.0,179413.91999999998,29316.0,90644.68,33.56481889486208
27472,9939.59,741.0,6329.6,736.0,3609.99,36.31930492102793
27473,164.89000000000001,11.0,3403.6800000000003,336.0,-3238.7900000000004,-1964.212505306568
27474,764.49,51.0,3312.96,336.0,-2548.4700000000003,-333.35557038025354
27480,1730.5600000000002,44.0,4807.799999999999,180.0,-3077.239999999999,-177.8175850591715
27481,569.9399999999999,6.0,1951.8000000000002,30.0,-1381.8600000000001,-242.45710074744716
27483,899.82,18.0,3103.2,90.0,-2203.3799999999997,-244.86897379475892
27484,199.99,1.0,662.2,5.0,-462.21000000000004,-231.11655582779142
27488,2260.2599999999998,174.0,1485.12,168.0,775.1399999999999,34.29428472830559
27489,209.94,6.0,234.8,10.0,-24.860000000000014,-11.841478517671721
27491,287.64,36.0,189.35999999999999,36.0,98.28,34.167709637046315
27492,1803.1799999999998,82.0,2446.08,168.0,-642.9000000000001,-35.65367850131435
27493,1451.34,66.0,2462.8799999999997,168.0,-1011.5399999999997,-69.69696969696967
27494,607.68,32.0,2113.44,168.0,-1505.7600000000002,-247.78830963665092
27496,143.88,12.0,191.76,24.0,-47.879999999999995,-33.277731442869054
27497,335.76,24.0,338.04,36.0,-2.2800000000000296,-0.6790564689063705
27499,179.88,12.0,122.4,12.0,57.47999999999999,31.95463642428285
27501,2730.9199999999996,108.0,1693.44,108.0,1037.4799999999996,37.990127868996524
27502,494.67,33.0,3427.2000000000003,336.0,-2932.53,-592.8255200436655
27503,38426.67,3133.0,22858.16,3224.0,15568.509999999998,40.5148559581145
27504,479.68,32.0,3427.2000000000003,336.0,-2947.5200000000004,-614.47631754503
27506,149.94,6.0,3972.0,240.0,-3822.06,-2549.05962384954
27512,56726.829999999994,2417.0,35985.86,2554.0,20740.969999999994,36.56289272642239
27513,804.77,23.0,1921.08,84.0,-1116.31,-138.7116815984691
27514,32644.69,1831.0,21525.440000000002,1964.0,11119.249999999996,34.06143541261993
27515,52355.86,3714.0,32919.04,3674.0,19436.82,37.124440320529544
27516,1709.97,3.0,5516.1,15.0,-3806.13,-222.58460674748682
27520,1798.56,144.0,6576.96,816.0,-4778.4,-265.6792100346944
27521,647.82,18.0,4003.4399999999996,168.0,-3355.6199999999994,-517.986477725294
27522,979.65,35.0,1610.28,84.0,-630.63,-64.37299035369774
27523,1229.59,41.0,1625.3999999999999,84.0,-395.80999999999995,-32.19040493172521
27528,12869.29,1171.0,9199.15,1255.0,3670.1400000000012,28.518589603622274
27534,0.0,,979.8000000000001,60.0,-979.8000000000001,0.0
27546,259.87,13.0,313.68,24.0,-53.81,-20.7065070997037
27549,6354.7,530.0,20377.22,2482.0,-14022.52,-220.66376068107073
27551,1329.65,35.0,4117.68,168.0,-2788.03,-209.68149513029744
27553,26.99,1.0,4049.28,228.0,-4022.2900000000004,-14902.889959244167
27556,143436.15,10885.0,105616.3,11867.0,37819.84999999999,26.36702811669164
27558,2651.52,48.0,4312.799999999999,120.0,-1661.2799999999993,-62.65387400434466
27562,2399.8500000000004,15.0,2469.74,23.0,-69.88999999999942,-2.9122653499176785
27563,1448.77,23.0,1893.8200000000002,46.0,-445.0500000000002,-30.719161771709807
27566,125.97,3.0,975.24,36.0,-849.27,-674.1843296022862
27567,52029.14,4486.0,38673.270000000004,5349.0,13355.869999999995,25.669980322565383
27569,0.0,,1033.8,60.0,-1033.8,0.0
27572,0.0,,243.0,12.0,-243.0,0.0
27579,7739.839999999999,116.0,4549.650000000001,105.0,3190.1899999999987,41.217777111671545
27581,27495.42,1758.0,17622.36,1764.0,9873.059999999998,35.908016680596255
27591,29107.899999999998,910.0,18510.96,884.0,10596.939999999999,36.405718035309995
27596,67019.54,8086.0,41754.72,8092.0,25264.819999999992,37.69769234465053
27611,1367.76,24.0,899.76,24.0,468.0,34.21652921565187
27612,5979.77,23.0,5064.599999999999,30.0,915.170000000001,15.304434785953323
27613,1599.92,8.0,2415.96,18.0,-816.04,-51.00505025251262
27617,479.88,12.0,317.76,12.0,162.12,33.78344586146537
27619,0.0,,2654.28,6.0,-2654.28,0.0
27626,4139.99,101.0,11218.5,405.0,-7078.51,-170.97891540800825
27627,188.92999999999998,7.0,1321.9199999999998,72.0,-1132.9899999999998,-599.6877150267294
27644,79910.01,7999.0,54200.159999999996,7924.0,25709.85,32.17350366994072
27650,874.4999999999999,50.0,1606.5000000000002,135.0,-732.0000000000003,-83.70497427101206
27679,9085.74,626.0,6148.469999999999,659.0,2937.2700000000004,32.32835190089085
27689,1111.26,74.0,2320.8,240.0,-1209.5400000000002,-108.84401490200315
27693,76.99,1.0,2127.2999999999997,42.0,-2050.31,-2663.086115079881
27694,76.99,1.0,911.6999999999999,18.0,-834.7099999999999,-1084.179763605663
27695,0.0,,1856.82,42.0,-1856.82,0.0
27696,869.6999999999999,30.0,3336.48,168.0,-2466.78,-283.6357364608486
27697,44.97,3.0,1668.24,168.0,-1623.27,-3609.6731154102736
27698,72.99,1.0,881.8199999999999,18.0,-808.8299999999999,-1108.138101109741
27699,199.92,8.0,3998.3999999999996,240.0,-3798.4799999999996,-1900.0
27700,88.99,1.0,2475.06,42.0,-2386.07,-2681.278795370267
27707,3023.52,48.0,2699.4,66.0,324.1199999999999,10.719955548499758
27708,0.0,,12509.279999999999,1008.0,-12509.279999999999,0.0
27723,574.77,23.0,2448.0,144.0,-1873.23,-325.9094942324756
27724,824.67,33.0,2399.04,144.0,-1574.37,-190.9090909090909
27735,258987.15,25329.0,174279.17,26689.0,84707.97999999998,32.70740652576778
27746,209.96999999999997,3.0,7585.199999999999,168.0,-7375.229999999999,-3512.516073724818
27747,1259.72,28.0,4468.32,144.0,-3208.5999999999995,-254.70739529419234
27749,319.92,8.0,4420.08,168.0,-4100.16,-1281.6204051012753
27750,428.87,13.0,3719.5200000000004,168.0,-3290.6500000000005,-767.2837922913704
27758,307.78000000000003,22.0,219.36,24.0,88.42000000000002,28.728312430957182
27763,799.95,5.0,2577.12,24.0,-1777.1699999999998,-222.16013500843798
27764,759.8000000000001,20.0,4198.32,168.0,-3438.5199999999995,-452.5559357725716
27765,2764.21,79.0,4176.07,179.0,-1411.8599999999997,-51.07643775255859
27769,0.0,,3177.6,240.0,-3177.6,0.0
27773,99.99,1.0,1599.84,24.0,-1499.85,-1500.0
27774,98.97,3.0,1319.4,60.0,-1220.43,-1233.1312518945135
27775,139.96,4.0,1447.8,60.0,-1307.84,-934.438410974564
27778,159.96,4.0,1548.0,60.0,-1388.04,-867.7419354838709
27780,469.90000000000003,10.0,952.5,30.0,-482.59999999999997,-102.7027027027027
27781,269.90999999999997,9.0,620.4,30.0,-350.49,-129.85439590974772
27782,244.93,7.0,1354.1999999999998,60.0,-1109.2699999999998,-452.8926632098966
27783,159.95,5.0,635.7,30.0,-475.75000000000006,-297.4366989684277
27784,104.97,3.0,681.5999999999999,30.0,-576.6299999999999,-549.3283795370105
27785,419.85999999999996,14.0,603.9,30.0,-184.04000000000002,-43.83365883866052
27786,279.93,7.0,794.4,30.0,-514.47,-183.7852320222913
27787,0.0,,1101.96,12.0,-1101.96,0.0
27789,159.98,2.0,619.32,12.0,-459.34000000000003,-287.123390423803
27790,839.8799999999999,12.0,1399.8,30.0,-559.9200000000001,-66.66666666666669
27791,417.80999999999995,19.0,1293.3,90.0,-875.49,-209.54261506426369
27792,259.9,10.0,820.8,48.0,-560.9,-215.81377452866488
27793,209.93,7.0,934.56,48.0,-724.6299999999999,-345.1769637498213
27794,107.97,3.0,595.68,24.0,-487.7099999999999,-451.70880800222284
27797,1480.86,114.0,1122.92,134.0,357.9399999999998,24.17108977215941
27798,4695.6,440.0,2777.72,428.0,1917.8800000000006,40.84419456512481
27799,27899.89,911.0,17827.84,1024.0,10072.05,36.10067996683858
27800,0.0,,1032.3,30.0,-1032.3,0.0
27801,59051.16,1284.0,41740.86,1334.0,17310.300000000003,29.314072746411757
27802,48049.38,1962.0,33982.73,2081.0,14066.649999999994,29.27540376171346
27805,419.93,7.0,1191.9,30.0,-771.97,-183.83301978901244
27806,417.89,11.0,775.1999999999999,30.0,-357.30999999999995,-85.50336212878986
27807,3853.66,634.0,1941.12,576.0,1912.54,49.62918368512012
27808,50086.14,6286.0,28170.699999999997,6205.0,21915.440000000002,43.75549802799737
27810,255.92,8.0,996.96,48.0,-741.0400000000001,-289.55923726164434
27811,422.91,9.0,939.9,30.0,-516.99,-122.24586791515925
27813,61698.31,4269.0,41400.450000000004,4381.0,20297.859999999993,32.898567237903265
27816,21.99,1.0,267.48,18.0,-245.49,-1116.3710777626195
27817,74586.03,4597.0,37985.55,3469.0,36600.479999999996,49.071495023934105
27826,489.90000000000003,10.0,999.9,30.0,-509.99999999999994,-104.10287813839558
27827,65.98,2.0,1293.6000000000001,60.0,-1227.6200000000001,-1860.5941194301306
27830,47609.979999999996,2502.0,30243.9,2762.0,17366.079999999994,36.47571370540377
27831,67542.01,5599.0,32469.48,4747.0,35072.53,51.926985886265456
27835,106295.54,6446.0,49036.100000000006,5365.0,57259.43999999999,53.86814912460108
27849,727.48,52.0,2208.0,240.0,-1480.52,-203.51349865288392
27850,299.8,20.0,1232.3999999999999,120.0,-932.5999999999999,-311.0740493662441
27851,37.98,2.0,1572.0,120.0,-1534.02,-4039.020537124803
27852,929.38,62.0,2397.6,240.0,-1468.2199999999998,-157.97843723772834
27853,489.65000000000003,35.0,2268.0,240.0,-1778.35,-363.18799142244455
27854,443192.12,30768.0,314863.8,30869.0,128328.32,28.955460670194228
27867,56339.96,7054.0,32218.72,6826.0,24121.239999999998,42.81373291709827
27868,809.91,9.0,4972.8,84.0,-4162.89,-513.9941474978702
27870,730.5600000000001,44.0,2491.2,240.0,-1760.6399999999999,-240.9986859395532
27871,345.79999999999995,20.0,1315.2,120.0,-969.4000000000001,-280.3354540196646
27872,1403.48,52.0,24339.84,1344.0,-22936.36,-1634.2491521076183
27873,199.95000000000002,5.0,1654.8,60.0,-1454.85,-727.6069017254313
27874,844.35,65.0,11661.6,1356.0,-10817.25,-1281.1334162373423
27878,36.99,1.0,1509.6000000000001,60.0,-1472.6100000000001,-3981.10300081103
27879,503.71999999999997,28.0,1420.8000000000002,120.0,-917.0800000000002,-182.0614627173827
27880,114.99,1.0,1815.6,24.0,-1700.61,-1478.9199060787894
27886,1154.23,77.0,14244.96,1416.0,-13090.73,-1134.152638555574
27900,135.83,17.0,132.24,24.0,3.5900000000000034,2.643009644408454
27901,0.0,,28.74,6.0,-28.74,0.0
27907,479.88,12.0,315.72,12.0,164.15999999999997,34.208552138034506
27911,9044.4,560.0,5200.38,501.0,3844.0199999999995,42.501658484808274
27924,0.0,,1557.36,42.0,-1557.36,0.0
27925,0.0,,1662.78,42.0,-1662.78,0.0
27926,0.0,,2651.04,168.0,-2651.04,0.0
27932,16979.85,915.0,11162.689999999999,931.0,5817.16,34.25919545814598
27934,4.99,1.0,3.37,1.0,1.62,32.46492985971944
27969,36.99,1.0,4089.12,168.0,-4052.13,-10954.663422546633
27973,0.0,,48.28,4.0,-48.28,0.0
27988,0.0,,141.13,11.0,-141.13,0.0
27989,0.0,,9215.4,30.0,-9215.4,0.0
28005,0.0,,1722.8999999999999,30.0,-1722.8999999999999,0.0
28006,0.0,,2027.3400000000001,42.0,-2027.3400000000001,0.0
28007,0.0,,1489.1999999999998,120.0,-1489.1999999999998,0.0
28029,0.0,,2464.7999999999997,120.0,-2464.7999999999997,0.0
28038,2295.15,385.0,1513.68,408.0,781.47,34.048754983334426
28039,8207.869999999999,913.0,5297.88,901.0,2909.989999999999,35.453656064240775
28050,67.96,4.0,675.0,60.0,-607.04,-893.2313125367864
28069,49371.45,5239.0,29212.0,5360.0,20159.449999999997,40.83220160639397
28070,24775.2,2480.0,16317.0,2450.0,8458.2,34.13978494623656
28081,41829.58,4842.0,26365.350000000002,4785.0,15464.23,36.96960380668416
28092,67115.4,4360.0,43089.520000000004,4456.0,24025.87999999999,35.79786457355539
28114,43638.119999999995,2588.0,25448.32,2339.0,18189.799999999996,41.683280581289935
28122,19517.46,854.0,12223.68,856.0,7293.779999999999,37.37053899431586
28138,99272.13,10411.0,51497.6,8360.0,47774.530000000006,48.124816098939355
28146,4978.0,400.0,2289.2799999999997,292.0,2688.7200000000003,54.01205303334673
28147,308789.51,27949.0,180213.6,25240.0,128575.91,41.63869102936819
28148,77.94,6.0,62.7,6.0,15.239999999999995,19.55350269438029
28155,4263.36,264.0,2487.12,241.0,1776.2399999999998,41.662913758162574
28156,22329.99,1601.0,15156.699999999999,1703.0,7173.290000000003,32.1240179686601
28162,12118.75,925.0,7317.45,909.0,4801.3,39.6187725631769
28163,171790.64,15192.0,102654.64,15052.0,69136.00000000001,40.2443346156694
28214,36689.4,3060.0,24753.600000000002,3056.0,11935.8,32.532011970759946
28223,16602.11,989.0,10753.68,1036.0,5848.43,35.22702837169492
28238,7485.78,822.0,4855.200000000001,816.0,2630.579999999999,35.1410273879275
28239,16169.61,1239.0,9798.3,1146.0,6371.310000000001,39.40299116676284
28252,373.78,22.0,287.97,29.0,85.80999999999995,22.9573545936112
28258,30951.76,3824.0,19901.679999999997,3713.0,11050.080000000002,35.700974678015086
28260,65531.09,8091.0,41644.56,8024.0,23886.53,36.450683179541194
28262,33440.79,4121.0,20342.5,3950.0,13098.29,39.16860217716149
28266,7171.15,885.0,4513.12,842.0,2658.0299999999997,37.06560314593894
28272,1069.5,150.0,420.48,144.0,649.02,60.684431977559605
28275,161.73,27.0,192.96,48.0,-31.230000000000018,-19.309961046188103
28312,21675.989999999998,3101.0,14528.16,3078.0,7147.829999999998,32.975794877188996
28313,1428.42,358.0,970.1800000000001,358.0,458.24,32.08020050125313
28316,862.92,108.0,641.72,122.0,221.19999999999993,25.63389421962638
28317,341.57,43.0,248.57,53.0,93.0,27.227215504874554
28323,964.21,129.0,753.48,156.0,210.73000000000002,21.85519751921262
28457,52890.6,2940.0,16852.08,1433.0,36038.52,68.13785436353528
28474,93003.18000000001,7682.0,57398.46000000001,8039.0,35604.72,38.283336118184344
28497,10115.93,807.0,7066.56,866.0,3049.37,30.144237850598017
28538,344.77,23.0,245.0,25.0,99.76999999999998,28.938132668155582
28548,59893.29,3571.0,38130.71000000001,3457.0,21762.579999999994,36.33558951261484
28565,194.85000000000002,15.0,41.9,5.0,152.95000000000002,78.49627918911983
28567,211.75,25.0,229.4,37.0,-17.650000000000006,-8.335301062573793
28578,4292.42,358.0,3013.98,382.0,1278.44,29.783665158581872
28579,78535.47,13525.0,44488.44,13731.0,34047.03,43.35242407029588
28580,42805.82,1718.0,19486.62,1314.0,23319.2,54.47670433599917
28606,14145.84,1416.0,9804.22,1481.0,4341.620000000001,30.691850042132536
28639,32.97,3.0,170.16,24.0,-137.19,-416.10555050045497
28658,96997.74,11841.0,56656.71,12507.0,40341.030000000006,41.58965971784498
28681,39586.87,3913.0,22479.100000000002,3778.0,17107.77,43.21576825851602
28682,53252.45,5255.0,25220.82,4723.0,28031.629999999997,52.63913679088943
28690,8211.98,802.0,5361.3,805.0,2850.6799999999994,34.713674412261106
28736,17053.53,2847.0,11418.5,2785.0,5635.029999999999,33.043188125860155
28753,2373.3599999999997,264.0,1664.28,276.0,709.0799999999997,29.876630599656174
28775,29445.23,2577.0,20253.76,2672.0,9191.470000000001,31.2154804020889
28776,71.94,6.0,44.28,6.0,27.659999999999997,38.4487072560467
28856,148531.85,7099.0,92573.25,8085.0,55958.600000000006,37.67447857143098
28887,30136.8,2320.0,19617.58,2341.0,10519.219999999998,34.90490032120198
28888,31701.56,2644.0,21311.1,2631.0,10390.460000000003,32.77586339599692
28889,189144.58,12192.0,130651.54,12314.0,58493.03999999999,30.925041574017083
28890,75144.87,5013.0,50579.37,5063.0,24565.499999999993,32.69085434574575
28893,444.69,81.0,288.36,81.0,156.32999999999998,35.154826958105645
28919,10860.27,1073.0,7179.380000000001,1042.0,3680.8899999999994,33.893172085040234
28920,274.45,55.0,189.98000000000002,59.0,84.46999999999997,30.777919475314253
28943,2430.48,152.0,1905.3,174.0,525.1800000000001,21.60807741680656
28946,36224.7,1130.0,22575.0,1250.0,13649.699999999997,37.68064331795708
28947,357635.66,35634.0,214609.83000000002,36313.0,143025.82999999996,39.99204945054975
28954,4164.9400000000005,106.0,3194.05,127.0,970.8900000000003,23.311020086723943
28980,9764.37,63.0,19463.94,213.0,-9699.569999999998,-99.33636271464515
28983,10893.77,723.0,9325.62,927.0,1568.1499999999996,14.394924805645793
28984,16614.829999999998,817.0,11641.599999999999,856.0,4973.23,29.93247598681419
29039,9098.050000000001,195.0,7311.63,251.0,1786.420000000001,19.63519655310754
29077,42931.34,2966.0,29451.8,3052.0,13479.539999999997,31.397901859108053
29081,13041.32,1468.0,8176.32,1503.0,4865.0,37.30450598559042
29112,16026.65,535.0,11871.439999999999,602.0,4155.210000000001,25.92687804375837
29118,11285.27,1073.0,6038.4,888.0,5246.870000000001,46.49308346189326
29128,43798.88,7312.0,29326.39,7387.0,14472.489999999998,33.043059548554666
29129,6123.87,613.0,3986.1000000000004,618.0,2137.7699999999995,34.908807665740774
29130,167.72,28.0,198.24,48.0,-30.52000000000001,-18.19699499165276
29131,383.36,64.0,268.62,66.0,114.74000000000001,29.9300918196995
29155,164.7,30.0,151.62,42.0,13.079999999999984,7.941712204007277
29169,188836.31,11369.0,122878.72,11294.0,65957.59,34.9284467589946
29181,671.52,48.0,456.96000000000004,48.0,214.55999999999995,31.95139385275196
29182,9190.06,694.0,5262.61,641.0,3927.45,42.73584720883215
29192,24406.6,840.0,19571.1,890.0,4835.5,19.812263895831457
29201,113.88,12.0,153.84,24.0,-39.96000000000001,-35.089567966280306
29202,461.15999999999997,84.0,341.05,95.0,120.10999999999996,26.045190389452678
29203,56.94,6.0,117.72,18.0,-60.78,-106.74394099051634
29204,98.82000000000001,18.0,88.5,25.0,10.320000000000007,10.44323011536127
29205,85.41000000000001,9.0,76.92,12.0,8.490000000000009,9.940288022479812
29207,110.37,13.0,115.6,20.0,-5.22999999999999,-4.738606505390948
29212,85846.59,10248.0,49392.99,10761.0,36453.6,42.46365522497749
29248,360783.42,33858.0,227263.59,34803.0,133519.83,37.00830542600876
29352,39016.909999999996,2009.0,23272.14,1954.0,15744.769999999997,40.35370817422497
29353,37213.92,1308.0,20752.719999999998,1192.0,16461.2,44.23398556239171
29361,31.47,3.0,20.43,3.0,11.04,35.08102955195424
29371,12665.64,436.0,8191.74,439.0,4473.9,35.32312619022805
29400,15291.73,727.0,9217.619999999999,738.0,6074.110000000001,39.72153575821703
29407,49185.14,3086.0,20814.95,2015.0,28370.19,57.68040916423131
29427,19427.1,290.0,13396.96,296.0,6030.139999999999,31.039836105234443
29431,100738.66,3134.0,47187.36,2376.0,53551.3,53.15863840158287
29433,24958.25,1175.0,17003.07,1233.0,7955.18,31.87394949565775
29434,13062.98,502.0,8565.24,521.0,4497.74,34.43119410731701
29461,10798.35,1065.0,6826.599999999999,1177.0,3971.750000000001,36.78108229498026
29469,2350.3199999999997,168.0,1690.2,180.0,660.1199999999997,28.086388236495445
29470,3909.7700000000004,23.0,2510.04,26.0,1399.7300000000005,35.800827158630824
29472,791.12,88.0,535.08,91.0,256.03999999999996,32.36424309839215
29473,584.35,65.0,452.4,78.0,131.95000000000005,22.58064516129033
29477,21031.23,2377.0,10682.75,2249.0,10348.48,49.20530087874081
29489,18604.989999999998,901.0,13287.199999999999,977.0,5317.789999999999,28.58260068938494
29554,0.0,,172.88,8.0,-172.88,0.0
29558,327.59,41.0,276.66,53.0,50.92999999999995,15.54687261515918
29616,33224.28,2472.0,21169.8,2476.0,12054.48,36.28214065135497
29619,32278.04,2196.0,21277.2,2235.0,11000.84,34.08149937232868
29620,5416.83,417.0,3670.44,438.0,1746.3899999999999,32.24007399161502
29621,13365.47,1053.0,7988.33,973.0,5377.139999999999,40.231581829894495
29646,16722.11,1289.0,9274.86,1299.0,7447.25,44.53534870898469
29648,83.94,6.0,54.48,6.0,29.46,35.09649749821301
29649,61322.96,3904.0,40621.3,4010.0,20701.659999999996,33.75841609733124
29650,6523.13,687.0,4271.76,698.0,2251.37,34.5136460564177
29676,505.73999999999995,26.0,104.56,8.0,401.17999999999995,79.32534503895282
29691,15150.86,1214.0,10020.28,1262.0,5130.58,33.863292248756835
29696,2607.71,129.0,1076.1,85.0,1531.6100000000001,58.733908295017464
29714,1805.03,197.0,1995.48,276.0,-190.45000000000005,-10.551071173332302
29810,22323.71,1329.0,14635.800000000001,1410.0,7687.909999999998,34.43831692850337
29835,106802.51,14249.0,68853.7,14285.0,37948.81,35.53175857009353
29847,143.88,12.0,97.2,12.0,46.67999999999999,32.443703085904914
29902,2155.02,98.0,1664.32,112.0,490.70000000000005,22.770090300786077
29942,33241.41,2559.0,21564.6,2540.0,11676.810000000005,35.12730055674535
29955,5577.24,676.0,3813.5,725.0,1763.7399999999998,31.623885649532742
29996,70088.95,4105.0,36340.92,3591.0,33748.03,48.15028617207135
30602,79471.73,6027.0,51844.63,6269.0,27627.1,34.76343097098805
30638,1910.68,132.0,723.52,76.0,1187.16,62.13285322502984
30656,26110.309999999998,1469.0,13898.16,1194.0,12212.149999999998,46.771371155685245
30713,16782.78,822.0,6260.8,560.0,10521.98,62.69509580653503
30735,55701.79,1921.0,37300.92,1956.0,18400.870000000003,33.03461163456328
31045,8658.6,140.0,6038.91,153.0,2619.6900000000005,30.255353059386046
31070,29928.03,997.0,12992.98,1001.0,16935.05,56.58591627982196
31075,4345.5,150.0,1965.7,110.0,2379.8,54.76469911402601
31083,78275.61,2639.0,74863.92,4012.0,3411.6900000000023,4.358560731752844
31086,794.47,53.0,724.89,73.0,69.58000000000004,8.758039951162415
31119,33967.63,737.0,21994.5,825.0,11973.129999999997,35.24864702070765
31120,8673.119999999999,288.0,6625.02,327.0,2048.0999999999985,23.614339476451367
31157,847.64,36.0,365.52,24.0,482.12,56.87791987164362
31160,72431.09999999999,3290.0,44446.68,3357.0,27984.41999999999,38.63591744430223
31163,29079.31,2069.0,19991.31,2129.0,9088.0,31.25246094216128
31172,31191.649999999998,1635.0,18775.44,1602.0,12416.21,39.806198133154226
31176,629.91,9.0,47.94,1.0,581.97,92.38938896032768
31186,148332.38999999998,8961.0,97254.0,9005.0,51078.389999999985,34.43508865460874
31194,6878.25,275.0,5370.64,359.0,1507.6099999999997,21.91851124922763
31195,9481.8,320.0,6345.860000000001,362.0,3135.9399999999987,33.073256132801774
31200,47286.619999999995,2438.0,30202.809999999998,2519.0,17083.809999999998,36.128211320665336
31201,57529.64,5536.0,33406.2,5540.0,24123.440000000002,41.93219356144068
31202,25581.41,2459.0,14240.220000000001,2346.0,11341.189999999999,44.3337173361437
31203,30965.27,2973.0,17850.2,2980.0,13115.07,42.354127705006285
31204,7779.650000000001,735.0,3987.9900000000002,657.0,3791.6600000000003,48.738182308972775
31231,157501.83,14617.0,95746.97,14753.0,61754.859999999986,39.208979349636756
31233,25978.19,2281.0,16918.11,2277.0,9060.079999999998,34.87571689944526
31277,67928.32,3968.0,23411.1,2138.0,44517.22000000001,65.53558221372177
31318,8782.35,765.0,6465.74,853.0,2316.6100000000006,26.378019550575875
31320,145815.63,19987.0,95272.66,20314.0,50542.97,34.6622443698251
31323,831.48,52.0,783.36,72.0,48.120000000000005,5.787270890460385
31345,8157.419999999999,358.0,6115.24,391.0,2042.1799999999994,25.0346310475616
31346,8660.12,788.0,6724.52,899.0,1935.6000000000004,22.35072955109167
31347,12759.39,1161.0,9053.93,1277.0,3705.459999999999,29.041043498160956
31349,45799.95,6205.0,29339.52,6216.0,16460.429999999997,35.93984272908594
31356,39755.03,497.0,49785.149999999994,915.0,-10030.119999999995,-25.22981368646935
31384,40960.38,1462.0,25270.56,1449.0,15689.819999999996,38.304869241935734
31419,12251.92,1008.0,7756.76,1037.0,4495.16,36.689433166393506
31452,22218.56,2644.0,13678.4,2656.0,8540.160000000002,38.4370544265695
31454,84626.59,11241.0,54103.049999999996,11295.0,30523.54,36.06849809262077
31456,24707.47,2953.0,15357.24,2942.0,9350.230000000001,37.84373713698732
31458,24681.16,2984.0,15881.4,2941.0,8799.76,35.6537537133587
31465,347563.54,20846.0,216028.56,20812.0,131534.97999999998,37.8448729115833
31466,39131.7,1730.0,26234.52,1742.0,12897.179999999997,32.958394345249495
31482,215.88,12.0,146.88,12.0,69.0,31.962201222901616
31487,257728.91,32413.0,170232.19999999998,32180.0,87496.71000000002,33.9491250709903
31488,83466.23,14227.0,48438.64,14081.0,35027.59,41.96618201157522
31489,206665.66,19586.0,119715.86,20966.0,86949.8,42.072688805677736
31493,50060.950000000004,8565.0,29297.34,8798.0,20763.610000000004,41.4766599515191
31494,117027.35,10969.0,69717.62,11581.0,47309.73000000001,40.42621660663085
31496,1119.24,186.0,761.62,226.0,357.62,31.95203888352811
31497,42080.94,3986.0,29746.079999999998,4086.0,12334.860000000004,29.312225439830964
31500,30992.68,5302.0,17777.62,5521.0,13215.060000000001,42.63929418172292
31501,15420.57,1431.0,11302.53,1501.0,4118.039999999999,26.70484943163579
31502,341.42,58.0,241.20000000000002,72.0,100.22,29.353874992677635
31503,271.76,24.0,227.39999999999998,30.0,44.360000000000014,16.32322637621431
31522,1715.48,52.0,680.96,32.0,1034.52,60.30498752535733
31524,7923.33,867.0,4860.18,806.0,3063.1499999999996,38.6598816406738
31541,47274.939999999995,2206.0,21644.9,1646.0,25630.039999999994,54.21485463545802
31542,95421.01999999999,3498.0,58024.4,3604.0,37396.61999999999,39.191176116121994
31558,59884.23,3977.0,27050.2,3205.0,32834.03,54.82917622886693
31561,18821.7,830.0,12621.439999999999,832.0,6200.260000000002,32.94208280867298
31573,12052.99,1201.0,7969.719999999999,1228.0,4083.2700000000004,33.87765193532891
31581,23793.39,1461.0,17451.98,1561.0,6341.41,26.65198191598591
31618,32626.77,3123.0,21523.32,3276.0,11103.45,34.03171689995669
31621,4982.58,442.0,2787.02,421.0,2195.56,44.06472148967001
31787,47792.869999999995,2813.0,29300.4,2713.0,18492.469999999994,38.69294729527646
31788,127.84,16.0,129.6,24.0,-1.759999999999991,-1.3767209011264008
31789,157.86,14.0,46.0,10.0,111.86000000000001,70.86025592296971
31790,8667.51,1049.0,5242.7,1018.0,3424.8100000000004,39.51319352386095
31796,11979.1,1090.0,8015.28,1101.0,3963.8200000000006,33.08946415006136
31847,22037.32,668.0,13765.5,630.0,8271.82,37.53550794742736
31866,107805.04,7296.0,62487.6,6920.0,45317.439999999995,42.036476216696364
31873,5300.879999999999,312.0,3249.95,311.0,2050.9299999999994,38.69036839166326
31909,187011.91,9809.0,112978.20000000001,8758.0,74033.70999999999,39.587697917207514
31910,13726.7,1330.0,8889.75,1317.0,4836.950000000001,35.237529777732455
31915,209370.09,18011.0,151092.9,18270.0,58277.19,27.834534531651585
31971,30880.65,3435.0,21054.85,3515.0,9825.800000000003,31.818630760686716
31972,11.99,1.0,0.0,,11.99,100.0
31978,321.77,23.0,0.0,,321.77,100.0
32054,101868.63,9037.0,64129.049999999996,9045.0,37739.58000000001,37.04730298228219
32055,18182.71,1629.0,13594.470000000001,1723.0,4588.239999999998,25.23408226826473
32065,1845.36,264.0,161.84,34.0,1683.52,91.22989552174103
32074,18302.91,1409.0,12564.6,1461.0,5738.3099999999995,31.35189977987107
32084,126761.01999999999,4398.0,82012.67,4337.0,44748.34999999999,35.301348947807455
32090,50895.28999999999,2371.0,28522.559999999998,2442.0,22372.729999999996,43.958350566427654
32107,29922.45,2255.0,19186.399999999998,2320.0,10736.050000000003,35.87958205294019
32108,164008.15,10493.0,109976.77,10667.0,54031.37999999999,32.94432624232393
32136,16781.27,373.0,7205.450000000001,245.0,9575.82,57.06254651763544
32137,21723.62,1438.0,12526.26,1334.0,9197.359999999999,42.33806336144712
32138,24637.51,1749.0,17112.0,1860.0,7525.509999999998,30.54492925624383
32203,20794.11,1589.0,13508.56,1612.0,7285.550000000001,35.036604115299966
32263,191345.57,18623.0,139712.8,20546.0,51632.77000000002,26.98404253623432
32294,32261.88,6862.0,20442.510000000002,6883.0,11819.369999999999,36.63571372778027
32296,2588.49,151.0,1733.46,167.0,855.0299999999997,33.03199935097295
32303,2711.87,213.0,1517.76,186.0,1194.11,44.03271543252442
32338,7896.879999999999,312.0,6730.639999999999,404.0,1166.2399999999998,14.768364214727841
32367,23083.58,3242.0,12891.68,3272.0,10191.900000000001,44.15216357254811
32368,196006.04,18356.0,121750.2,18876.0,74255.84000000001,37.8844651930114
32479,63914.44,6488.0,53919.0,7988.0,9995.440000000002,15.638782096815685
32508,16160.679999999998,732.0,8311.050000000001,759.0,7849.629999999997,48.57239918122256
32514,69.96,4.0,249.12,24.0,-179.16000000000003,-256.08919382504297
32543,671.16,84.0,444.35999999999996,84.0,226.8,33.79224030037547
32545,50184.02,3098.0,23405.329999999998,2279.0,26778.69,53.360990211625136
32546,50959.46,2454.0,25965.120000000003,2064.0,24994.339999999997,49.047497756059414
32592,12696.289999999999,671.0,2647.24,229.0,10049.05,79.14949957822324
32604,20758.61,1863.0,12733.5,1959.0,8025.110000000001,38.6591876816415
32619,14026.939999999999,706.0,8749.05,705.0,5277.889999999999,37.62680955361611
32648,344974.43,38957.0,206254.8,38916.0,138719.63,40.21156872409355
32649,101964.84,11116.0,56250.450000000004,10965.0,45714.38999999999,44.83348377734912
32650,17843.84,1716.0,10135.08,1692.0,7708.76,43.20123919515082
32652,28425.57,4543.0,18517.59,4641.0,9907.98,34.8558709640651
32656,161.73,27.0,189.12,48.0,-27.390000000000015,-16.935633463179382
32669,851.4,60.0,648.0,60.0,203.39999999999998,23.890063424947144
32670,7712.400000000001,1060.0,4919.81,1049.0,2792.59,36.20909185208236
32675,105848.34,13066.0,59661.350000000006,13055.0,46186.98999999999,43.63506314789631
32679,7290.25,975.0,3748.16,689.0,3542.09,48.58667398237372
32749,203016.11,21989.0,116382.76,22126.0,86633.34999999999,42.67314056997743
32782,335.76,24.0,186.96,24.0,148.79999999999998,44.31736954967834
32796,57747.619999999995,2838.0,35681.4,2766.0,22066.219999999994,38.21147953803117
32803,5287.099999999999,190.0,3475.08,197.0,1812.0199999999995,34.27247451343836
32805,15694.289999999999,571.0,8430.76,523.0,7263.529999999999,46.28135455633864
32807,1545.81,119.0,174.33999999999997,23.0,1371.47,88.72177046338166
32809,11184.39,861.0,5891.38,671.0,5293.009999999999,47.32497704389779
32823,80.97,3.0,36.72,2.0,44.25,54.64987032234161
32826,348353.42,10274.0,238464.81,10641.0,109888.60999999999,31.545150324632953
32827,10390.47,353.0,7365.679999999999,392.0,3024.79,29.111195162490244
32831,181998.88,16312.0,91867.5,13610.0,90131.38,49.523041020911776
32832,67757.69,2231.0,27669.84,1338.0,40087.850000000006,59.16354291298892
32835,12655.089999999998,691.0,8935.199999999999,730.0,3719.8899999999994,29.39441758217444
32900,17702.41,159.0,11058.16,188.0,6644.25,37.53302516437028
32906,329861.74,30852.0,197248.08000000002,30724.0,132613.65999999997,40.20280133124866
32907,258456.59,29629.0,157271.19,29287.0,101185.4,39.149862651983454
32908,143443.83,13263.0,84049.59999999999,12832.0,59394.229999999996,41.4059147751423
32915,472099.31,30869.0,308111.58,30842.0,163987.72999999998,34.735854623468946
32924,173540.89,3811.0,101511.90000000001,3690.0,72028.99,41.50548611338803
32968,43800.57,3943.0,24282.8,3571.0,19517.77,44.56053882403814
32969,17023.14,1586.0,10355.67,1503.0,6667.469999999999,39.16709843189917
32987,95.88,12.0,0.0,,95.88,100.0
32988,37582.97,6463.0,21424.719999999998,6572.0,16158.250000000004,42.99354202182532
32989,92286.32,8764.0,54990.92,9514.0,37295.40000000001,40.41270688873498
33028,20626.13,387.0,12190.4,401.0,8435.730000000001,40.89826836153947
33032,79686.36,2780.0,47651.7,2469.0,32034.660000000003,40.20093275687333
33035,5071.53,547.0,3098.76,527.0,1972.7699999999995,38.89891216260181
33037,82337.81,4519.0,50211.2,4615.0,32126.61,39.018052581189615
33038,60151.74,3326.0,34851.6,3227.0,25300.14,42.06052892235536
33039,42998.439999999995,2356.0,23054.88,2234.0,19943.559999999994,46.38205479082496
33052,164.97,3.0,1550.22,42.0,-1385.25,-839.6981269321694
33055,17601.99,1901.0,11833.36,1921.0,5768.630000000001,32.77260127974167
33067,503.44,56.0,567.36,96.0,-63.920000000000016,-12.696647068170988
33075,12103.43,757.0,7638.02,754.0,4465.41,36.893756563222155
33076,713.58,42.0,475.86,42.0,237.72000000000003,33.31371394938199
33111,363.72,28.0,764.0999999999999,90.0,-400.3799999999999,-110.07918178818868
33115,194.85,15.0,251.4,30.0,-56.55000000000001,-29.02232486528099
33143,71259.82,7418.0,45718.8,7374.0,25541.020000000004,35.84210569153837
33147,74.95,5.0,246.48,24.0,-171.52999999999997,-228.85923949299527
33148,30135.94,3334.0,16652.719999999998,3668.0,13483.220000000001,44.74132879213325
33149,382832.11,43685.0,210736.05,43995.0,172096.06,44.953402680877524
33204,119.94,6.0,104.56,8.0,15.379999999999995,12.823078205769548
33206,6701.009999999999,399.0,4317.3,405.0,2383.709999999999,35.57239878764544
33209,1438.8799999999999,272.0,951.5000000000001,275.0,487.37999999999977,33.872178360947395
33210,16580.97,1953.0,11537.4,2010.0,5043.5700000000015,30.41782235900554
33211,867.56,164.0,720.12,204.0,147.43999999999994,16.994789985707033
33212,23109.78,2722.0,15675.0,2750.0,7434.779999999999,32.171574112778224
33213,1740.4099999999999,329.0,1176.0,336.0,564.4099999999999,32.429714837308445
33214,12335.97,1453.0,8404.08,1444.0,3931.8899999999994,31.873375178441577
33215,275.08,52.0,173.76,48.0,101.32,36.83292133197615
33216,4839.3,570.0,3504.2799999999997,598.0,1335.0200000000004,27.58704771351229
33264,131.94,6.0,105.36,6.0,26.58,20.145520691223282
33265,11785.73,1027.0,7927.8099999999995,1067.0,3857.92,32.73382302156931
33267,25851.39,1261.0,15259.199999999999,1122.0,10592.19,40.9733867308489
33278,14627.8,1720.0,9347.84,1744.0,5279.959999999999,36.09538002980626
33307,11448.84,716.0,7328.28,692.0,4120.56,35.99106983764294
33325,25.96,4.0,92.64,24.0,-66.68,-256.8567026194145
33326,12391.34,1774.0,7732.1,1670.0,4659.24,37.6007760258374
33331,65065.64,7236.0,78758.2,7340.0,-13692.559999999998,-21.044225492902243
33333,89.9,10.0,144.72,24.0,-54.81999999999999,-60.97886540600667
33334,39744.79,4421.0,27838.0,4490.0,11906.79,29.958115264918998
33348,65359.35,5665.0,41485.74,5738.0,23873.61,36.5266943444205
33370,33111.26,874.0,18462.04,802.0,14649.220000000001,44.242411795866424
33425,105.36,24.0,71.76,24.0,33.599999999999994,31.89066059225512
33441,21167.86,514.0,16823.8,610.0,4344.060000000001,20.521961124081514
33446,16309.97,2593.0,10848.32,2672.0,5461.65,33.486572936676154
33513,322.77,23.0,539.24,61.0,-216.47000000000003,-67.06633206307899
33573,15034.97,1003.0,10307.34,1038.0,4727.629999999999,31.444226360278734
33574,8061.499999999999,450.0,5610.4800000000005,482.0,2451.0199999999986,30.404019103144563
33578,12406.99,801.0,8183.799999999999,830.0,4223.1900000000005,34.038795872326816
33579,33620.64,1936.0,20514.0,1950.0,13106.64,38.98390988392844
33581,7185.27,673.0,4866.75,721.0,2318.5200000000004,32.267680963972126
33582,258911.62,23538.0,151202.76,23406.0,107708.85999999999,41.60062804442689
33586,404.7,30.0,105.84,12.0,298.86,73.8472942920682
33587,47726.86,1514.0,32170.800000000003,1577.0,15556.059999999998,32.593931383711386
33672,12545.99,1101.0,8077.5,1125.0,4468.49,35.6168783810604
33682,52482.46,2854.0,31095.04,2858.0,21387.42,40.75155775853494
33683,47896.84,2616.0,27704.22,2669.0,20192.619999999995,42.15856411404175
33684,16215.179999999998,882.0,9060.960000000001,878.0,7154.2199999999975,44.12050930054429
33685,107.88,12.0,141.12,24.0,-33.24000000000001,-30.812013348164633
33706,4111.21,479.0,2810.1000000000004,510.0,1301.1099999999997,31.647860362277765
33707,561.37,63.0,67.86,13.0,493.51,87.91171598054758
33717,8505.19,181.0,3420.79,107.0,5084.400000000001,59.77996964206561
33719,2672.19,81.0,4656.96,216.0,-1984.77,-74.2750328382338
33731,71124.66,5734.0,49255.8,6585.0,21868.86,30.747226067583313
33734,2026.8799999999999,112.0,6130.08,528.0,-4103.2,-202.4392169245343
33735,0.0,,2492.28,84.0,-2492.28,0.0
33765,12514.01,199.0,8569.0,220.0,3945.01,31.524747063491237
33767,8666.77,723.0,5219.34,731.0,3447.4300000000003,39.777564190580804
33768,11566.609999999999,439.0,7596.749999999999,525.0,3969.8599999999997,34.32172434274174
33819,28087.64,1736.0,18295.2,1694.0,9792.439999999999,34.86387606790745
33873,46163.37,7113.0,33367.04,7448.0,12796.330000000002,27.71966171447189
33874,231821.49,21351.0,141403.2,21360.0,90418.28999999998,39.003411633666914
33879,7048.04,696.0,4547.25,705.0,2500.79,35.48206309839331
33923,818.91,9.0,1417.92,24.0,-599.0100000000001,-73.14723229658938
33930,909.66,34.0,603.05,35.0,306.61,33.70600004397248
33953,7883.68,632.0,4386.51,549.0,3497.17,44.35961378442555
33960,19738.41,1259.0,12073.6,1232.0,7664.8099999999995,38.8319525230249
33961,12398.449999999999,155.0,12507.439999999999,233.0,-108.98999999999978,-0.879061495590173
33963,22419.52,2948.0,12981.2,2822.0,9438.32,42.09867115799089
33965,24499.93,1107.0,15174.319999999998,1106.0,9325.610000000002,38.06382303949441
33966,8233.39,161.0,2566.41,77.0,5666.98,68.82924287565632
33967,3617.1400000000003,86.0,0.0,,3617.1400000000003,100.0
33971,7242.59,241.0,4862.85,255.0,2379.74,32.857582715575504
33982,58140.95,6005.0,61722.0,5715.0,-3581.050000000003,-6.159256083706928
33987,18346.51,1717.0,10624.31,1627.0,7722.199999999999,42.090839075115646
33988,53345.65,4911.0,31736.1,4890.0,21609.550000000003,40.50855130643268
34014,16851.19,281.0,9978.9,290.0,6872.289999999999,40.78222368865344
34020,5635.08,292.0,4216.0,310.0,1419.08,25.182961022736144
34021,379.79999999999995,20.0,25.32,2.0,354.47999999999996,93.33333333333333
34022,2443.06,94.0,603.72,36.0,1839.34,75.28836786652803
34060,21852.62,1538.0,13801.599999999999,1520.0,8051.02,36.842355744986186
34074,257.94,6.0,348.6,12.0,-90.66000000000003,-35.147708769481284
34082,1359.15,85.0,118.03,11.0,1241.1200000000001,91.31589596438951
34101,2132.08,92.0,1712.8799999999999,108.0,419.20000000000005,19.66155116130727
34123,10525.62,2638.0,7131.75,2775.0,3393.870000000001,32.24389632154686
34133,94104.15,9285.0,46340.64,7572.0,47763.509999999995,50.75600810378713
34134,142328.84,13916.0,71691.84,12276.0,70637.0,49.62943560841218
34135,1527.61,139.0,1047.2,140.0,480.40999999999985,31.44847179581175
34136,802.27,73.0,631.8399999999999,88.0,170.43000000000006,21.243471649195417
34137,31341.35,2865.0,19247.76,2814.0,12093.59,38.58669138374704
34138,10311.77,923.0,5649.28,776.0,4662.490000000001,45.21522493228612
34144,5999.9800000000005,102.0,7783.7,277.0,-1783.7199999999993,-29.728765762552527
34153,1430.98,102.0,1565.91,127.0,-134.93000000000006,-9.42920236481293
34175,88031.4,8580.0,55580.36,8564.0,32451.039999999994,36.86302841940489
34193,131.94,6.0,89.76,6.0,42.17999999999999,31.969076853115048
34215,139.98,2.0,90.3,2.0,49.67999999999999,35.49078439777111
34219,18060.52,1048.0,13963.82,1249.0,4096.700000000001,22.68317855742803
34333,74.94,6.0,154.8,24.0,-79.86000000000001,-106.56525220176142
34339,13.98,2.0,115.68,24.0,-101.7,-727.4678111587983
34352,74.97,3.0,0.0,,74.97,100.0
34388,8358.32,568.0,6216.18,626.0,2142.1399999999994,25.628834502627317
34393,51944.92,4308.0,35154.35,4367.0,16790.57,32.323796051663955
34395,167.86,14.0,191.76,24.0,-23.899999999999977,-14.238055522459177
34397,155.88,12.0,105.36,12.0,50.519999999999996,32.409545804464976
34427,119405.58,5774.0,92319.85,6685.0,27085.729999999996,22.683805899188293
34428,210627.53,13443.0,124684.8,13056.0,85942.73,40.80317990720396
34429,37344.02,2198.0,26205.92,2236.0,11138.099999999999,29.825658833730273
34430,41869.03,1997.0,29728.44,1974.0,12140.59,28.996587692621496
34431,46244.15,2685.0,29164.32,2826.0,17079.83,36.93403381833162
34439,88514.79,6621.0,56565.0,6750.0,31949.789999999994,36.09542540856731
34460,114130.73,9127.0,66602.76000000001,9212.0,47527.96999999999,41.64344694895055
34472,251.64,36.0,247.51999999999998,52.0,4.1200000000000045,1.6372595771737422
34473,764.49,51.0,657.28,64.0,107.21000000000004,14.023728237125408
34474,153.8,20.0,137.10000000000002,30.0,16.69999999999999,10.858257477243164
34501,959.04,96.0,702.7800000000001,102.0,256.2599999999999,26.72047047047046
34504,39881.84,2616.0,24664.5,2610.0,15217.339999999997,38.15606301013192
34507,1997.5,250.0,1435.5,275.0,562.0,28.1351689612015
34508,1478.1499999999999,185.0,1050.6,204.0,427.54999999999995,28.924669350201267
34509,958.8,120.0,652.8,120.0,306.0,31.914893617021278
34525,8210.84,316.0,512.74,31.0,7698.1,93.75532832207179
34532,5512.06,394.0,2750.8,299.0,2761.26,50.09488285686295
34539,74.97,3.0,51.69,3.0,23.28,31.052420968387356
34580,7218.509999999999,249.0,3952.2,210.0,3266.3099999999995,45.24908880087442
34628,116.87,13.0,215.64,36.0,-98.76999999999998,-84.51270642594334
34635,10190.24,1176.0,6014.73,1137.0,4175.51,40.97558055551194
34637,1949.97,3.0,0.0,,1949.97,100.0
34646,190.78,22.0,135.84,24.0,54.94,28.797567879232624
34647,16993.57,1893.0,10140.35,1969.0,6853.219999999999,40.32831241463683
34674,6149.16,684.0,3860.24,661.0,2288.92,37.22329553955337
34694,5314.59,341.0,3597.2400000000002,372.0,1717.35,32.313875576479084
34703,1599.2,80.0,1112.1599999999999,84.0,487.0400000000002,30.455227613806912
34733,527.78,22.0,526.0500000000001,35.0,1.7299999999999045,0.3277880935237987
34735,2218.89,111.0,1262.4,96.0,956.4899999999998,43.10668847937482
34746,411.64,36.0,278.64,36.0,133.0,32.309785249246914
34752,27671.01,1099.0,17981.6,1235.0,9689.41,35.01646669203618
34761,131.88,12.0,87.36,12.0,44.519999999999996,33.75796178343949
34763,9963.880000000001,812.0,5530.900000000001,710.0,4432.9800000000005,44.490499684861724
34777,281.94,6.0,777.84,24.0,-495.90000000000003,-175.88848691210896
34792,528.77,23.0,77.64999999999999,5.0,451.12,85.31497626567317
34802,2428.65,135.0,2755.02,222.0,-326.3699999999999,-13.438329936384404
34803,1613.1499999999999,85.0,611.52,52.0,1001.6299999999999,62.09155999132132
34822,0.0,,120.72,24.0,-120.72,0.0
34825,70290.35,5265.0,52172.26,5362.0,18118.090000000004,25.776070257154792
34841,2099.79,121.0,1711.12,146.0,388.6700000000001,18.509946232718512
34842,0.0,,1083.6000000000001,84.0,-1083.6000000000001,0.0
34850,26447.58,1942.0,18068.600000000002,2101.0,8378.98,31.6814619711898
34870,55629.54,6046.0,36698.56,6284.0,18930.980000000003,34.030444975816806
34893,187.82,18.0,278.4,48.0,-90.57999999999998,-48.227025875838564
34903,193019.74,25256.0,122796.27,26753.0,70223.46999999999,36.38149652465597
34904,176844.86000000002,23344.0,115422.84,24663.0,61422.02000000002,34.73214884503854
34905,106414.96,13814.0,66930.57,15177.0,39484.39,37.104172195337945
34906,5998.01,719.0,3361.95,723.0,2636.0600000000004,43.94890972172438
34907,6844.7,710.0,2737.26,411.0,4107.44,60.009058103350036
34947,19764.86,1814.0,11498.68,1831.0,8266.18,41.82260840704159
34950,3609.3,70.0,2793.6,80.0,815.7000000000003,22.59995012883385
34951,28382.239999999998,1576.0,20675.48,1801.0,7706.759999999998,27.15345934640817
34971,16667.82,618.0,10812.34,649.0,5855.48,35.13044897293107
34982,911.52,48.0,430.43999999999994,34.0,481.08000000000004,52.77777777777778
34996,48676.35,2865.0,23016.600000000002,2019.0,25659.749999999996,52.715024852931656
34998,15712.67,933.0,9540.7,895.0,6171.969999999999,39.28021144719516
35048,13081.62,1038.0,7193.64,906.0,5887.9800000000005,45.0095630357708
35049,22284.19,1681.0,14895.2,1720.0,7388.989999999998,33.157992280625855
35075,5112.09,391.0,2925.8799999999997,386.0,2186.2100000000005,42.76548339328925
35088,36059.77,3623.0,21222.199999999997,3659.0,14837.57,41.14715651264553
35103,47883.36,4664.0,30927.2,4616.0,16956.16,35.411382994008775
35104,395.88,12.0,269.28,12.0,126.60000000000002,31.97938769324038
35123,14037.72,428.0,8399.36,386.0,5638.359999999999,40.16578190760322
35130,19281.55,2245.0,12513.210000000001,2271.0,6768.339999999998,35.10267587408688
35180,54.43,7.0,88.19999999999999,18.0,-33.76999999999999,-62.04299099761159
35266,2798.6,140.0,607.95,45.0,2190.6499999999996,78.27663831915956
35290,227.15,35.0,8.54,2.0,218.61,96.24036979969183
35294,48022.17,9383.0,34953.840000000004,10161.0,13068.329999999994,27.21311844092009
35318,13592.67,1183.0,9131.039999999999,1224.0,4461.630000000001,32.82379400073717
35319,14781.48,852.0,10249.26,1061.0,4532.219999999999,30.66147638802068
35358,782.42,58.0,117.64999999999999,13.0,664.77,84.96331893356509
35365,2771.06,94.0,2995.38,162.0,-224.32000000000016,-8.09509718302744
35375,88957.37,2863.0,60294.88,3056.0,28662.489999999998,32.220478190845796
35380,10495.92,808.0,4386.0,510.0,6109.92,58.212333935472074
35392,3830.28,272.0,3016.8,360.0,813.48,21.238134026755223
35393,74360.81,5319.0,45666.0,5310.0,28694.809999999998,38.58861946232162
35407,80.91,9.0,208.07999999999998,34.0,-127.16999999999999,-157.174638487208
35411,48351.3,6370.0,28866.95,6155.0,19484.350000000002,40.29746873403611
35412,491916.08999999997,50797.0,306225.18,51294.0,185690.90999999997,37.74849283746746
35413,43744.3,5770.0,26677.44,5652.0,17066.860000000004,39.01504881778884
35414,301591.72,31008.0,191115.01,31177.0,110476.70999999996,36.63121454395365
35430,3382.75,125.0,4218.72,204.0,-835.9700000000003,-24.71273372256301
35442,120325.19,8681.0,73463.08,8948.0,46862.11,38.94621732988745
35464,306724.45,6091.0,195610.31999999998,6878.0,111114.13000000003,36.226042625555294
35471,66622.7,11342.0,40002.35,11941.0,26620.35,39.95687656009138
35472,469543.36,46764.0,277577.16,47207.0,191966.2,40.883593796321605
35480,1091.42,58.0,416.02,31.0,675.4000000000001,61.88268494255191
35485,359.88,12.0,0.0,,359.88,100.0
35490,8327.06,694.0,5245.36,692.0,3081.7,37.00825981799098
35577,639.36,64.0,213.12,32.0,426.24,66.66666666666666
35578,50651.64,5796.0,27031.550000000003,5915.0,23620.089999999997,46.63242888088124
35581,25186.260000000002,674.0,18920.32,752.0,6265.940000000002,24.87840592450011
35589,715.34,66.0,537.4200000000001,78.0,177.91999999999996,24.872088796935714
35590,7232.57,643.0,4932.15,655.0,2300.42,31.80639800236984
35605,19925.24,1776.0,12034.62,1807.0,7890.620000000001,39.601129020277796
35606,18326.52,1748.0,10167.25,1675.0,8159.27,44.52165495686033
35607,13279.4,1260.0,5287.46,1142.0,7991.94,60.182990195340146
35644,131.89,11.0,96.6,12.0,35.28999999999999,26.757146106603987
35646,18186.42,958.0,11540.34,994.0,6646.079999999998,36.5441906653426
35650,7869.9,410.0,6201.599999999999,480.0,1668.3000000000002,21.198490450958722
35663,484.33000000000004,77.0,439.62,102.0,44.710000000000036,9.231309231309238
35664,80207.1,7990.0,48028.5,7389.0,32178.600000000006,40.11939092673841
35665,226.44000000000003,36.0,197.28,48.0,29.160000000000025,12.87758346581877
35666,72942.31,7269.0,40318.56,6588.0,32623.75,44.72541382360937
35667,301.92,48.0,198.72,48.0,103.20000000000002,34.18124006359301
35668,21889.56,2044.0,13589.82,1854.0,8299.740000000002,37.91643139469227
35670,17100.15,1585.0,11031.65,1505.0,6068.500000000002,35.48799279538484
35709,7015.96,604.0,4282.36,604.0,2733.6000000000004,38.962593857433625
35714,1979.34,66.0,197.3,10.0,1782.04,90.03203087897987
35716,1025.82,18.0,1747.54,46.0,-721.72,-70.35542297869023
35747,10894.48,752.0,7715.91,827.0,3178.5699999999997,29.175968013158954
35755,1924.65,35.0,935.25,25.0,989.4000000000001,51.4067492790897
35756,1979.64,36.0,1393.42,37.0,586.22,29.612454789759756
35757,54.99,1.0,1311.1200000000001,36.0,-1256.13,-2284.2880523731587
35759,2089.62,38.0,928.46,26.0,1161.1599999999999,55.56799800920741
35795,155.88,12.0,100.56,12.0,55.31999999999999,35.488837567359504
35800,12169.85,1015.0,4234.7,530.0,7935.150000000001,65.20335090407853
35801,3793.78,422.0,2619.3599999999997,428.0,1174.4200000000005,30.95646031135175
35837,233.86999999999998,13.0,337.96000000000004,28.0,-104.09000000000006,-44.50763244537567
35855,89.88,12.0,62.04,12.0,27.839999999999996,30.97463284379172
35860,0.0,,71.4,12.0,-71.4,0.0
35862,67061.20999999999,3379.0,50347.2,3702.0,16714.009999999995,24.923513906176158
35864,1186.92,108.0,786.24,108.0,400.68000000000006,33.75796178343949
35885,8202.65,835.0,5083.29,843.0,3119.3599999999997,38.02868585152359
35896,5530.71,129.0,5150.9800000000005,166.0,379.72999999999956,6.865845433949702
35905,12956.050000000001,295.0,8374.4,320.0,4581.6500000000015,35.363015733962136
35910,3764.04,196.0,2673.44,217.0,1090.6,28.974187309380344
35913,122772.64,13636.0,75814.2,13860.0,46958.44,38.248293756654576
35914,185085.32,20468.0,112646.44,20444.0,72438.88,39.13810128215463
35916,95530.96,10604.0,56666.479999999996,10712.0,38864.48000000001,40.68260174502591
35918,30323.58,2742.0,17996.77,2773.0,12326.810000000001,40.65090599460881
35941,12068.06,1394.0,7493.6,1360.0,4574.459999999999,37.9055125678858
35956,263.88,12.0,174.72,12.0,89.16,33.78808549340609
35957,1522.95,105.0,1314.24,96.0,208.71000000000004,13.704323845168917
35959,71526.92,1308.0,49079.52,1512.0,22447.4,31.383149169571407
35960,25881.63,837.0,19733.24,974.0,6148.389999999999,23.755806724692373
35962,13946.62,338.0,10370.08,376.0,3576.540000000001,25.64449307430762
35967,14153.029999999999,597.0,12710.25,807.0,1442.7799999999988,10.19414217308943
35972,5001.15,385.0,3456.44,391.0,1544.7099999999996,30.88709596792737
35976,53416.53,5347.0,35772.88,5512.0,17643.65,33.0303185175076
35977,159.89000000000001,11.0,93.48,12.0,66.41000000000001,41.53480517856026
35989,29899.769999999997,23.0,14350.55,17.0,15549.219999999998,52.00448030202238
35990,7769.3,70.0,3601.5,49.0,4167.8,53.64447247499775
35999,8989.08,692.0,6549.4400000000005,776.0,2439.6399999999994,27.140041027557878
36000,3806.07,293.0,2911.8,345.0,894.27,23.49588946078238
36045,559.25,75.0,370.79999999999995,72.0,188.45000000000005,33.69691551184623
36047,43.98,2.0,0.0,,43.98,100.0
36059,1574.93,7.0,749.95,5.0,824.98,52.382010629043826
36060,1629.95,5.0,869.32,4.0,760.63,46.66584864566398
36061,1519.92,8.0,0.0,,1519.92,100.0
36063,32999.7,30.0,21849.18,29.0,11150.519999999997,33.78976172510659
36065,5059.8,20.0,2093.7599999999998,12.0,2966.0400000000004,58.61970828886518
36067,472.89,11.0,0.0,,472.89,100.0
36069,1063.86,14.0,51.0,1.0,1012.8599999999999,95.20613614573345
36070,7517.790000000001,21.0,4805.2,20.0,2712.590000000001,36.082279499693406
36071,1283.97,3.0,867.54,3.0,416.43000000000006,32.43300077104605
36072,245.97,3.0,158.7,3.0,87.27000000000001,35.47993657763142
36073,714.89,11.0,0.0,,714.89,100.0
36075,2096.97,3.0,1426.5,3.0,670.4699999999998,31.973275726405237
36076,4759.72,28.0,1837.76,16.0,2921.96,61.38932542250384
36077,391.92,8.0,0.0,,391.92,100.0
36078,6935.83,17.0,4750.65,17.0,2185.1800000000003,31.505674158680364
36079,1393.83,17.0,108.6,2.0,1285.23,92.20851897290201
36080,9849.5,50.0,6030.45,45.0,3819.05,38.77404944413422
36081,10610.460000000001,54.0,4844.88,36.0,5765.580000000001,54.3386431879485
36087,10903.130000000001,287.0,8151.84,324.0,2751.290000000001,25.233946582311688
36088,1614.1499999999999,85.0,508.64,44.0,1105.5099999999998,68.48867825171142
36100,39496.83,1317.0,26660.92,1298.0,12835.910000000003,32.49858279765744
36101,5813.97,103.0,3645.2599999999998,97.0,2168.7100000000005,37.30170606315479
36123,13342.009999999998,699.0,8784.720000000001,747.0,4557.289999999997,34.15744704133783
36135,539.8,20.0,643.3199999999999,36.0,-103.51999999999998,-19.177473138199332
36138,9448.83,817.0,6058.9800000000005,821.0,3389.8499999999995,35.87587034585234
36139,7345.98,502.0,5838.25,605.0,1507.7299999999996,20.524559010506422
36153,16405.24,1276.0,12454.0,1300.0,3951.2400000000016,24.08523130414429
36154,15244.119999999999,488.0,9995.0,500.0,5249.119999999999,34.433735761723206
36155,824.75,25.0,807.8399999999999,36.0,16.910000000000082,2.050318278266151
36161,53878.520000000004,5548.0,32569.68,5577.0,21308.840000000004,39.549787187918305
36197,854.05,95.0,620.5999999999999,107.0,233.45000000000005,27.33446519524619
36198,144.71,29.0,0.0,,144.71,100.0
36199,38720.68,3132.0,25880.75,3215.0,12839.93,33.16039387738025
36200,26184.73,2127.0,16042.34,1954.0,10142.39,38.73398732772879
36208,3342.4799999999996,152.0,2481.6,240.0,860.8799999999997,25.755726287068274
36209,5104.1900000000005,681.0,3594.7,698.0,1509.4900000000007,29.57354643929792
36235,2199.7799999999997,22.0,891.6600000000001,22.0,1308.1199999999997,59.46594659465946
36262,43223.46,2454.0,29559.92,2644.0,13663.54,31.611398069474312
36267,8614.88,612.0,5857.55,607.0,2757.329999999999,32.00659788644762
36268,21345.969999999998,1203.0,14148.800000000001,1195.0,7197.169999999996,33.71676246148569
36269,41.99,1.0,0.0,,41.99,100.0
36284,54853.84,3416.0,28348.77,3593.0,26505.069999999996,48.319443087302545
36306,68.97,3.0,761.28,48.0,-692.31,-1003.7842540234884
36307,551.76,24.0,375.36,24.0,176.39999999999998,31.970421922575028
36308,227.88,12.0,156.12,12.0,71.75999999999999,31.49025803054239
36344,25370.78,1922.0,17509.76,2008.0,7861.02,30.984542059802656
36351,13.99,1.0,0.0,,13.99,100.0
36360,1494.98,102.0,322.56,36.0,1172.42,78.42379162263042
36367,44.97,3.0,0.0,,44.97,100.0
36370,2369.61,339.0,939.8900000000001,203.0,1429.72,60.33566705069611
36371,9988.460000000001,954.0,6190.2,905.0,3798.260000000001,38.02648256087526
36373,359.76,24.0,241.44,24.0,118.32,32.88859239492995
36376,9643.1,590.0,6743.32,641.0,2899.7800000000007,30.071035248001166
36378,695816.41,67195.0,465013.72,68084.0,230802.69000000006,33.1700555898071
36380,146533.32,14668.0,79885.41,12309.0,66647.91,45.48310923413187
36383,39190.25,2575.0,26292.0,2800.0,12898.25,32.91188497138957
36386,10421.96,704.0,8084.0,940.0,2337.959999999999,22.433016438366675
36419,5650.96,504.0,3160.52,484.0,2490.44,44.071095884593056
36435,711.75,75.0,758.03,119.0,-46.27999999999997,-6.502283105022827
36463,599.4,60.0,1012.6500000000001,157.0,-413.2500000000001,-68.94394394394396
36473,49761.1,3590.0,32740.66,3907.0,17020.44,34.204308184505564
36483,6379.0,100.0,4358.91,109.0,2020.0900000000001,31.667816272142975
36493,9749.32,268.0,5701.5,210.0,4047.8199999999997,41.51899824808294
36510,10281.6,840.0,6367.2300000000005,807.0,3914.37,38.07160364145658
36511,18574.93,1507.0,11258.92,1418.0,7316.01,39.38647413476121
36523,80436.34,5366.0,58121.14,5621.0,22315.199999999997,27.742684463266226
36524,44610.24,2976.0,36376.83,3591.0,8233.409999999996,18.456323032559332
36538,375.53,47.0,890.9499999999999,173.0,-515.42,-137.2513514233217
36539,12587.9,1810.0,11070.41,2077.0,1517.4899999999998,12.055148197872558
36540,407.49,51.0,305.52,57.0,101.97000000000003,25.02392696753295
36541,1733.83,217.0,1212.2,220.0,521.6299999999999,30.085417832198075
36543,37401.29,1871.0,16121.900000000001,1226.0,21279.39,56.894802291578706
36558,49656.73,4877.0,32480.82,4877.0,17175.910000000003,34.58928930680696
36570,14982.779999999999,222.0,10433.44,244.0,4549.339999999998,30.36379096536156
36571,543.79,21.0,195.96,12.0,347.8299999999999,63.964030232258764
36572,1188.53,47.0,595.3199999999999,41.0,593.21,49.91123488679293
36573,25680.519999999997,1448.0,19383.75,1723.0,6296.769999999997,24.519635895223296
36579,14471.84,2416.0,9486.4,2420.0,4985.4400000000005,34.44924764231777
36620,37118.25,2175.0,25907.7,2366.0,11210.55,30.202258996585236
36623,39466.5,1350.0,28160.16,1428.0,11306.34,28.64794192543043
36625,8731.08,392.0,4906.28,346.0,3824.8,43.80672265057702
36648,104334.73,1727.0,68290.74,1743.0,36043.98999999999,34.54649281212497
36653,948.7,130.0,548.12,142.0,400.58000000000004,42.224096131548436
36660,2574.16,184.0,1737.0,180.0,837.1599999999999,32.52167697423625
36749,1662.96,104.0,1629.66,157.0,33.299999999999955,2.002453456487225
36750,30023.28,4072.0,19710.85,4115.0,10312.43,34.348112531342345
36766,1562.1,90.0,87.6,8.0,1474.5,94.39216439408489
36769,1929.4099999999999,159.0,710.6999999999999,138.0,1218.71,63.16490533375488
36770,326204.5,33726.0,209155.6,34120.0,117048.9,35.88206171282125
36771,303929.88,31154.0,186216.24,31192.0,117713.64000000001,38.73052560676167
36773,208.81,19.0,342.72,48.0,-133.91000000000003,-64.13007039892726
36826,5526.75,125.0,4981.2,168.0,545.5500000000002,9.871081557877599
36843,17951.17,1083.0,12566.25,1117.0,5384.919999999998,29.99759904229083
36844,12064.18,882.0,8509.94,919.0,3554.24,29.461098889439647
36845,6359.8,620.0,4984.4,680.0,1375.4000000000005,21.626466241076773
36846,961.18,82.0,967.56,132.0,-6.3799999999999955,-0.6637674525062939
36849,1367.28,72.0,1085.28,84.0,282.0,20.624890293136737
36850,11705.36,864.0,8615.6,905.0,3089.76,26.396112550147965
36851,1071.33,67.0,729.64,68.0,341.68999999999994,31.89400091475082
36852,9266.15,685.0,6207.839999999999,648.0,3058.3100000000004,33.00518554092045
36859,7065.1900000000005,681.0,4303.0,650.0,2762.1900000000005,39.095763878961506
36868,8839.32,68.0,5061.69,81.0,3777.63,42.73665847599137
36874,42936.41,5659.0,25071.45,5415.0,17864.960000000003,41.607949989298135
36894,1175.02,98.0,244.59,31.0,930.43,79.18418409899405
36907,4758.81,119.0,882.98,34.0,3875.8300000000004,81.44536134033508
36989,5850.97,503.0,3492.1,470.0,2358.8700000000003,40.31587924737266
36990,94.94999999999999,5.0,0.0,,94.94999999999999,100.0
36991,30197.72,2628.0,19249.579999999998,2681.0,10948.140000000003,36.25485632690151
36992,45361.6,2640.0,26638.88,2648.0,18722.719999999998,41.27438185601918
37008,2902.68,132.0,1910.04,132.0,992.6399999999999,34.197362437471575
37046,48282.79,3221.0,31984.53,3221.0,16298.260000000002,33.755837224816545
37047,909.9300000000001,7.0,253.23,3.0,656.7,72.1703867330454
37048,32387.620000000003,738.0,23404.48,872.0,8983.140000000003,27.736338761539137
37049,40334.71,1929.0,27172.8,1998.0,13161.91,32.63172091729431
37071,76554.40999999999,3359.0,43904.88,3798.0,32649.52999999999,42.64879057914494
37083,11478.51,999.0,7697.75,1025.0,3780.76,32.93772449560091
37100,1413.74,26.0,694.26,19.0,719.48,50.89196033216857
37121,30552.48,2352.0,20343.76,2333.0,10208.720000000001,33.4137196063953
37126,21936.6,1140.0,14001.2,1160.0,7935.399999999998,36.17424760446012
37152,7198.53,347.0,4321.5,335.0,2877.0299999999997,39.966909910773445
37156,3222.62,538.0,1984.4,484.0,1238.2199999999998,38.42277401617317
37158,9157.95,705.0,5909.04,696.0,3248.9100000000008,35.4763893666159
37166,2638.07,293.0,1736.6399999999999,324.0,901.4300000000003,34.17005613952625
37194,1527.24,176.0,1118.5300000000002,203.0,408.7099999999998,26.76134726696523
37217,15451.210000000001,1079.0,9015.06,1041.0,6436.1500000000015,41.65466652773473
37235,56780.76,4624.0,32764.5,4045.0,24016.260000000002,42.29647507359888
37249,5246.5,350.0,7268.31,747.0,-2021.8100000000004,-38.53635757171448
37310,18300.77,1723.0,11326.5,1678.0,6974.27,38.10916152708329
37311,23524.01,2199.0,14627.470000000001,2123.0,8896.539999999997,37.81897729171174
37312,67373.07,4613.0,43281.829999999994,5417.0,24091.240000000013,35.75796679593198
37313,68264.0,6000.0,35808.75,5305.0,32455.25,47.54372729403492
37314,5432.65,335.0,4897.320000000001,444.0,535.329999999999,9.853938685540188
37342,4274.429999999999,57.0,2979.6,60.0,1294.8299999999995,30.29246004730454
37387,7124.73,227.0,6560.59,307.0,564.1399999999994,7.9180544385541545
37398,49.96,4.0,17.22,2.0,32.74,65.5324259407526
37401,69759.09,8491.0,47055.96,8946.0,22703.129999999997,32.54504896781194
37419,7824.070000000001,193.0,7592.2,308.0,231.8700000000008,2.9635471052789764
37420,35584.22,1978.0,45392.22,3789.0,-9808.0,-27.562779231917965
37421,11714.29,71.0,1392.8200000000002,13.0,10321.470000000001,88.11007752070334
37422,4647.62,38.0,4624.41,61.0,23.210000000000036,0.4993953894681587
37433,83915.46,9242.0,41320.8,9565.0,42594.66,50.7590138932683
37435,48592.81,1519.0,19906.32,952.0,28686.489999999998,59.034433283442546
37457,2428.96,304.0,1641.12,312.0,787.8400000000001,32.435280943284376
37526,12.58,2.0,103.44,24.0,-90.86,-722.2575516693164
37527,14409.57,1343.0,8773.96,1222.0,5635.610000000001,39.11018857606439
37530,550.3,70.0,340.5,75.0,209.79999999999995,38.12465927675813
37537,383.76,24.0,264.72,24.0,119.03999999999996,31.01938711694808
37541,47277.98,902.0,27719.82,1446.0,19558.160000000003,41.36843409976485
37542,17556.18,582.0,24402.4,1180.0,-6846.220000000001,-38.99606862085033
37568,4463.76,24.0,1410.97,11.0,3052.79,68.39054967112926
37569,636.87,13.0,126.44,4.0,510.43,80.14665473330507
37601,19711.97,1303.0,12153.2,1321.0,7558.77,38.34609123289047
37604,29349.59,1941.0,17964.4,1940.0,11385.189999999999,38.7916492189499
37607,25643.13,1687.0,15606.18,1662.0,10036.95,39.140892706935546
37651,379.24,76.0,277.2,84.0,102.04000000000002,26.90644446788314
37656,111365.36,5688.0,81127.55,6005.0,30237.809999999998,27.15189893877234
37657,49688.38,2762.0,34595.2,2845.0,15093.18,30.375673346565137
37678,61624.88,5612.0,36620.24,5608.0,25004.64,40.57555974145507
37682,32.97,3.0,0.0,,32.97,100.0
37708,725.34,66.0,482.95,65.0,242.39000000000004,33.41743182507514
37712,2447.85,215.0,1058.5,145.0,1389.35,56.757971280919996
37722,550.5,50.0,402.0,60.0,148.5,26.975476839237057
37731,119782.16,10284.0,69525.90000000001,10377.0,50256.259999999995,41.95638148452156
37732,311.76,24.0,316.08,36.0,-4.319999999999993,-1.3856812933025382
37733,155.88,12.0,53.04,6.0,102.84,65.97382602001541
37735,19403.08,1692.0,13052.759999999998,1722.0,6350.320000000003,32.728412190229605
37765,3092.56,344.0,722.16,118.0,2370.4,76.64847246294333
37785,29041.47,2617.0,22421.51,2731.0,6619.960000000003,22.794851638019708
37786,91719.28,9100.0,57972.6,8988.0,33746.68,36.79344190229143
37790,8952.57,343.0,7764.8,460.0,1187.7699999999995,13.267363449825018
37792,70090.59,8641.0,40804.19,8813.0,29286.399999999994,41.783640286092606
37793,28.97,3.0,146.88,24.0,-117.91,-407.0072488781499
37794,3721.71,429.0,2486.01,479.0,1235.6999999999998,33.20247950538865
37798,6433.15,385.0,5438.400000000001,480.0,994.7499999999991,15.46287588506407
37817,15423.19,1181.0,10634.48,1228.0,4788.710000000001,31.048764879379693
37821,79406.29,11171.0,50600.0,11000.0,28806.289999999994,36.27708837675201
37822,179836.8,10570.0,141554.16,12078.0,38282.639999999985,21.28743394010569
37826,32392.14,4286.0,19641.9,4215.0,12750.239999999998,39.36214155656279
37827,9292.37,1163.0,5628.95,1093.0,3663.420000000001,39.42395750492071
37828,104041.32,9618.0,63662.94,9559.0,40378.380000000005,38.80994589457343
37840,40077.840000000004,5016.0,27307.8,5057.0,12770.040000000005,31.863094418262072
37842,63343.17,5283.0,40186.08,5192.0,23157.089999999997,36.55814825813106
37849,22071.62,238.0,18555.94,299.0,3515.6800000000003,15.928509099014937
37878,629.79,21.0,496.32,24.0,133.46999999999997,21.19277854522936
37902,119.92,8.0,0.0,,119.92,100.0
37904,106683.08,9392.0,60417.15,9367.0,46265.93,43.3676361799828
37909,699.86,14.0,0.0,,699.86,100.0
37910,5119.36,64.0,4773.6900000000005,93.0,345.66999999999916,6.752211213901722
37913,9335.33,467.0,5167.950000000001,393.0,4167.379999999999,44.64095002533386
37921,175.92,8.0,14.47,1.0,161.45,91.77467030468395
37923,8571.78,722.0,4844.36,652.0,3727.420000000001,43.48478379053126
37924,25.98,2.0,206.4,24.0,-180.42000000000002,-694.4572748267899
37926,36610.36,3064.0,25244.8,3136.0,11365.560000000001,31.04465511947985
37940,287.90999999999997,9.0,22.06,1.0,265.84999999999997,92.33788336632975
37943,11152.26,1524.0,7167.08,1538.0,3985.1800000000003,35.73428166129556
37984,59976.99,5401.0,40037.56,5282.0,19939.43,33.24513284177816
38011,8818.28,772.0,4766.55,739.0,4051.7300000000005,45.94694203404745
38088,975.8000000000001,20.0,1599.84,48.0,-624.0399999999998,-63.951629432260695
38102,2018.6299999999999,337.0,1435.92,372.0,582.7099999999998,28.86660755066554
38103,5671.2699999999995,473.0,3835.02,483.0,1836.2499999999995,32.37810931237624
38104,3084.85,515.0,2194.58,557.0,890.27,28.859425904014785
38105,7445.79,621.0,5119.799999999999,636.0,2325.9900000000007,31.238995459178952
38106,3737.7599999999998,624.0,2457.84,627.0,1279.9199999999996,34.242969050982396
38107,2038.3,170.0,1429.2,180.0,609.0999999999999,29.882745425109157
38108,89.85,15.0,146.52,36.0,-56.670000000000016,-63.07178631051755
38109,0.0,,93.48,12.0,-93.48,0.0
38110,569.05,95.0,383.04,96.0,186.00999999999993,32.68781302170283
38111,179.85,15.0,186.96,24.0,-7.110000000000014,-3.953294412010016
38112,143.76,24.0,99.12,24.0,44.639999999999986,31.051752921535886
38128,2588.7599999999998,324.0,1749.6,324.0,839.1599999999999,32.41551939924906
38131,62396.07,5993.0,41067.36,6004.0,21328.71,34.18277785764392
38133,113491.2,15580.0,61222.56,15618.0,52268.64,46.0552360006767
38137,6001.0599999999995,194.0,2598.7,130.0,3402.3599999999997,56.69598370954465
38148,95.94,6.0,0.0,,95.94,100.0
38153,3503.19,81.0,4991.05,173.0,-1487.8600000000001,-42.47157590653091
38165,8200.19,781.0,5491.73,841.0,2708.460000000001,33.02923468846454
38178,29952.34,4766.0,19076.47,4619.0,10875.869999999999,36.31058541669866
38179,23710.08,3792.0,15570.1,3770.0,8139.980000000001,34.33130550381948
38180,20317.71,3229.0,12604.75,3175.0,7712.959999999999,37.961758485577356
38181,40204.69,6331.0,25114.22,6326.0,15090.470000000001,37.534103608310375
38190,149.85,15.0,81.0,12.0,68.85,45.945945945945944
38191,8970.11,889.0,10442.52,891.0,-1472.4099999999999,-16.414625907597564
38197,14777.74,1226.0,10287.9,1278.0,4489.84,30.382453609279903
38198,5497.9400000000005,506.0,3413.6,502.0,2084.3400000000006,37.911290410590155
38241,7408.7,130.0,12702.25,341.0,-5293.55,-71.45045689527177
38242,1977.37,63.0,473.28,24.0,1504.09,76.06517748322267
38244,2056.42,58.0,4053.84,168.0,-1997.42,-97.13093628733431
38245,1405.6200000000001,38.0,0.0,,1405.6200000000001,100.0
38255,16.49,1.0,0.0,,16.49,100.0
38263,10394.58,1042.0,6326.320000000001,1027.0,4068.2599999999993,39.13828168141473
38301,515.5699999999999,43.0,368.68,52.0,146.88999999999993,28.49079659406093
38303,1247.48,52.0,1495.68,96.0,-248.20000000000005,-19.89611055888672
38312,179.88,12.0,116.04,12.0,63.83999999999999,35.49032688458972
38314,899.04,96.0,828.24,84.0,70.79999999999995,7.875066737853706
38318,107.88,12.0,74.4,12.0,33.47999999999999,31.03448275862068
38322,21843.9,1810.0,11558.52,1746.0,10285.380000000001,47.085822586626016
38348,41630.49,2951.0,28298.56,3056.0,13331.929999999997,32.024436897091526
38355,3289.23,227.0,2346.68,238.0,942.5500000000002,28.655642810019373
38369,52515.12,3388.0,34740.0,3860.0,17775.120000000003,33.84762331305728
38370,890334.41,90267.0,600612.6,91140.0,289721.81000000006,32.540785433643975
38392,2428.65,135.0,2457.95,205.0,-29.299999999999727,-1.206431556626098
38406,31656.67,1233.0,18455.36,1177.0,13201.309999999998,41.70151187727578
38407,237.83,17.0,0.0,,237.83,100.0
38412,3322.48,352.0,2110.92,359.0,1211.56,36.465531771447836
38416,14795.66,1234.0,10418.49,1269.0,4377.17,29.584148324576258
38441,55479.340000000004,4966.0,33935.5,5065.0,21543.840000000004,38.832185098092374
38457,143160.21,18799.0,94443.84,20576.0,48716.369999999995,34.02926693108371
38471,1400.8899999999999,111.0,662.4000000000001,72.0,738.4899999999998,52.71577354396133
38473,12788.15,785.0,9694.92,934.0,3093.2299999999996,24.18825240554732
38476,33531.43,1357.0,27712.16,1744.0,5819.27,17.354672914337385
38481,9224.66,534.0,5797.84,529.0,3426.8199999999997,37.14846942868355
38483,32811.33,2967.0,20930.850000000002,2895.0,11880.48,36.20846823338157
38502,130386.98,17602.0,80911.85,17705.0,49475.12999999999,37.944839277664066
38526,197.82,18.0,45.18,6.0,152.64,77.16105550500455
38528,31398.16,784.0,19950.84,783.0,11447.32,36.45856954675051
38529,116.97,3.0,0.0,,116.97,100.0
38541,24770.62,1338.0,15874.76,1324.0,8895.859999999999,35.91294848493901
38542,24047.34,2266.0,16391.94,2283.0,7655.4000000000015,31.834706042331508
38546,675519.62,70188.0,356886.86,70531.0,318632.76,47.16854263981259
38549,66708.18,8782.0,42820.880000000005,8884.0,23887.29999999999,35.80865195242921
38558,11.99,1.0,0.0,,11.99,100.0
38622,4442.58,342.0,3113.04,357.0,1329.54,29.927204462271924
38631,938.4100000000001,209.0,616.55,209.0,321.8600000000001,34.29844097995547
38632,4657.48,202.0,1634.18,202.0,3023.2999999999993,64.91278545479528
38635,25110.53,1447.0,15693.16,1367.0,9417.369999999999,37.50366877959166
38641,937.3299999999999,67.0,768.58,83.0,168.7499999999999,18.003264591979335
38644,21718.66,2034.0,13628.25,2019.0,8090.41,37.250962996796304
38649,1376.49,51.0,841.44,48.0,535.05,38.870605670945665
38651,19843.88,1212.0,13691.48,1276.0,6152.4000000000015,31.004017359508328
38652,72267.31999999999,3488.0,39011.700000000004,2858.0,33255.61999999999,46.01750832879923
38668,30731.8,1820.0,29737.179999999997,2291.0,994.6200000000026,3.2364521440332252
38681,37717.799999999996,2220.0,22457.08,2036.0,15260.719999999994,40.460260142426115
38690,22766.14,1386.0,15387.470000000001,1519.0,7378.669999999998,32.410720482260054
38701,0.0,,40.86,6.0,-40.86,0.0
38714,1151.8799999999999,12.0,194.58,3.0,957.2999999999998,83.10761537660173
38726,945.72,128.0,312.22,67.0,633.5,66.98600008459164
38727,71.94,6.0,0.0,,71.94,100.0
38728,7.99,1.0,123.6,24.0,-115.61,-1446.9336670838547
38731,4711.53,447.0,3166.92,463.0,1544.6099999999997,32.78361806037529
38771,21260.25,1375.0,13087.2,1148.0,8173.049999999999,38.44286873390482
38772,64140.60999999999,3739.0,42393.28,3868.0,21747.329999999994,33.905711217900794
38822,8343.93,807.0,4069.7999999999997,595.0,4274.130000000001,51.224423023683094
38830,169.99,1.0,0.0,,169.99,100.0
38850,143317.35,19025.0,88698.75,19075.0,54618.600000000006,38.110249735988006
38852,1861.27,373.0,1357.92,414.0,503.3499999999999,27.043362865140463
38853,1037.92,208.0,772.92,228.0,265.0000000000001,25.531832896562364
38854,149.70000000000002,30.0,99.9,30.0,49.80000000000001,33.26653306613227
38859,35543.64,636.0,22170.18,683.0,13373.46,37.62546548412036
38888,204836.72999999998,7327.0,124760.08,7391.0,80076.64999999998,39.09291561137497
38889,7588.35,165.0,9504.599999999999,438.0,-1916.2499999999982,-25.252525252525228
38897,33412.68,1332.0,24443.78,1322.0,8968.900000000001,26.842803390808523
38898,97287.56,3244.0,68260.83,3391.0,29026.729999999996,29.836013977532172
38899,288466.55,22045.0,174013.84,23903.0,114452.70999999999,39.67625015794726
38900,199.9,10.0,0.0,,199.9,100.0
38945,2729.17,183.0,1965.46,202.0,763.71,27.983232997578018
38946,70914.78,7522.0,43104.49,7711.0,27810.29,39.2164933741598
38950,29563.1,2890.0,19794.8,2911.0,9768.3,33.04220464024409
38952,9577.8,620.0,6987.0,685.0,2590.7999999999993,27.050053248136308
38953,9153.2,680.0,5698.03,689.0,3455.170000000001,37.74821920202772
38966,14.99,1.0,9.73,1.0,5.26,35.090060040026685
38968,191.88,12.0,127.08,12.0,64.8,33.771106941838646
39013,458.83,17.0,141.12,8.0,317.71,69.24351066843928
39062,28621.499999999996,1550.0,19967.69,1609.0,8653.809999999998,30.235347553412637
39063,399.79999999999995,20.0,791.78,61.0,-391.98,-98.04402201100551
39084,1133.46,54.0,791.64,54.0,341.82000000000005,30.15721772272511
39086,102.88,12.0,99.18,18.0,3.6999999999999886,3.596423017107299
39087,215091.88,18412.0,122717.16,18426.0,92374.72,42.94663285289989
39098,1135.52,48.0,885.6,60.0,249.91999999999996,22.00929970410032
39104,350.73,27.0,52.67999999999999,6.0,298.05,84.97989906765888
39107,5948.39,61.0,2569.56,42.0,3378.8300000000004,56.80242889252386
39110,9479.25,825.0,6755.76,853.0,2723.49,28.73107049608355
39111,693.6800000000001,232.0,436.32,216.0,257.36000000000007,37.10068042901627
39146,157800.27,13573.0,89278.16,13672.0,68522.10999999999,43.42331606910431
39209,5108.89,467.0,3629.46,482.0,1479.4300000000003,28.957953684655575
39219,9605.53,647.0,5675.0,625.0,3930.5300000000007,40.91944952542963
39228,9762.880000000001,212.0,7864.56,264.0,1898.3200000000006,19.44426234881511
39234,3417.3799999999997,162.0,2348.5,175.0,1068.8799999999997,31.277762496415374
39254,59693.32,5168.0,35817.9,5191.0,23875.42,39.99680366245335
39255,59.96,4.0,177.48,18.0,-117.51999999999998,-195.99733155436954
39256,111823.74,10826.0,58550.520000000004,11347.0,53273.22,47.640348999237546
39282,3536.75,325.0,287.28,42.0,3249.4700000000003,91.87728847105394
39283,19.98,2.0,156.72,24.0,-136.74,-684.3843843843845
39285,5819.639999999999,236.0,4881.21,289.0,938.4299999999994,16.125224240674672
39308,259.8,20.0,0.0,,259.8,100.0
39334,6523.92,408.0,4618.900000000001,442.0,1905.0199999999995,29.20054200542005
39335,362244.09,25987.0,240651.25,27503.0,121592.84000000003,33.56654900843241
39346,224.55,45.0,206.4,60.0,18.150000000000006,8.082832331329328
39348,109708.45,9955.0,48938.5,7529.0,60769.95,55.3922236618966
39356,156711.02,8498.0,99416.0,8600.0,57295.01999999999,36.560938726580936
39357,37511.63,2037.0,23453.100000000002,2070.0,14058.529999999995,37.47779022132602
39358,22837.649999999998,1235.0,13787.500000000002,1250.0,9050.149999999996,39.62820167574158
39384,203144.57,13775.0,119893.76,13381.0,83250.81000000001,40.9810658488189
39400,16252.69,431.0,19254.54,731.0,-3001.8500000000004,-18.469865603786207
39410,31828.14,3186.0,19486.079999999998,3184.0,12342.060000000001,38.77719527437042
39411,36723.24,3676.0,21415.28,3667.0,15307.96,41.68466616780001
39412,28571.4,2860.0,17175.48,2921.0,11395.920000000002,39.88575988575989
39413,123816.07,13293.0,67287.88,13298.0,56528.19,45.654970312012
39414,149.85,15.0,243.0,36.0,-93.15,-62.16216216216217
39433,233.82,18.0,0.0,,233.82,100.0
39434,179.88,12.0,58.38,6.0,121.5,67.54503002001334
39437,13771.27,1873.0,8659.199999999999,1920.0,5112.0700000000015,37.12126768264656
39438,226.7,30.0,109.68,24.0,117.01999999999998,51.61887957653286
39449,15441.13,1267.0,6908.8,1270.0,8532.329999999998,55.2571605834547
39450,29985.9,810.0,21182.0,890.0,8803.900000000001,29.360132595653294
39456,5291.32,68.0,2996.2,71.0,2295.12,43.37518804381516
39461,7034.33,67.0,414.42,6.0,6619.91,94.10860735848333
39470,2819.29,491.0,1597.1200000000001,496.0,1222.1699999999998,43.350276133352715
39471,3023.0099999999998,99.0,1290.9,65.0,1732.1099999999997,57.297527960542624
39472,8434.98,302.0,5670.84,314.0,2764.1399999999994,32.769965074013214
39473,2780.0099999999998,99.0,924.5,50.0,1855.5099999999998,66.74472393984195
39479,150188.07,18801.0,104408.73,19737.0,45779.34000000001,30.481342492782552
39491,24636.39,1761.0,14183.1,1751.0,10453.289999999999,42.43028300818423
39512,251.57000000000002,36.0,281.4,60.0,-29.829999999999956,-11.85753468219579
39517,46275.5,1450.0,30686.95,1505.0,15588.55,33.686399930848935
39518,31003.89,1211.0,20790.63,1281.0,10213.259999999998,32.94186632709637
39523,132992.91999999998,5508.0,88955.84000000001,5728.0,44037.07999999997,33.11234913858571
39524,4158.4,160.0,7729.18,446.0,-3570.7800000000007,-85.86908426317817
39550,3592.35,265.0,344.0,40.0,3248.35,90.42409564769581
39574,7040.04,196.0,5064.3,306.0,1975.7399999999998,28.06432917994784
39575,8875.09,191.0,9764.59,319.0,-889.5,-10.02243357532149
39577,643.54,46.0,94.5,10.0,549.04,85.31559809802033
39581,798.1,90.0,388.92,84.0,409.18,51.26926450319509
39592,0.0,,103.44,24.0,-103.44,0.0
39593,78384.87,7813.0,46626.78,7366.0,31758.089999999997,40.51558674524816
39598,24880.5,3150.0,16065.0,3375.0,8815.5,35.431361909929464
39599,26973.87,3413.0,15911.279999999999,3528.0,11062.59,41.01224629613771
39600,10054.28,1272.0,6124.46,1349.0,3929.8200000000006,39.086040969616924
39601,909.85,115.0,661.29,141.0,248.56000000000006,27.318788811342536
39631,17710.59,1941.0,9830.08,1807.0,7880.51,44.4960331643384
39648,46484.54,3046.0,28173.6,3120.0,18310.940000000002,39.391462193666975
39650,191.88,12.0,156.84,12.0,35.03999999999999,18.261413383364598
39652,9536.08,1592.0,6157.87,1583.0,3378.21,35.42556270501087
39653,521.13,87.0,208.32000000000002,84.0,312.80999999999995,60.02532957227562
39654,26933.04,2696.0,18528.75,2745.0,8404.29,31.204386879461065
39665,512.85,65.0,303.6,60.0,209.25,40.80140391927464
39681,6168.54,1546.0,4683.36,1774.0,1485.1800000000003,24.076685893258375
39689,7684.339999999999,466.0,805.38,93.0,6878.959999999999,89.5192039914944
39691,73005.34999999999,3365.0,48706.28,3532.0,24299.069999999992,33.28395795650592
39708,63447.98,7572.0,39770.72,8426.0,23677.260000000002,37.317594665740344
39716,15124.01,1799.0,9520.199999999999,1763.0,5603.810000000001,37.05240871964513
39717,49435.74,5326.0,26244.399999999998,5356.0,23191.34,46.91209234452645
39718,5075.23,77.0,2877.63,71.0,2197.5999999999995,43.300500666964844
39736,5753.82,118.0,2783.13,87.0,2970.6899999999996,51.629873718677324
39747,850.0,100.0,570.31,107.0,279.69000000000005,32.90470588235295
39750,90029.24,10396.0,52905.69,10313.0,37123.55,41.23499209812279
39764,22210.43,757.0,15198.99,831.0,7011.4400000000005,31.568231682142127
39765,3599.28,72.0,2567.28,76.0,1032.0,28.672401146896043
39774,14383.82,518.0,10612.46,586.0,3771.3600000000006,26.219460477119434
39775,52533.88,5612.0,32972.64,5646.0,19561.239999999998,37.235475468402484
39792,334.95,5.0,345.76,8.0,-10.810000000000002,-3.2273473652784004
39797,1065.52,48.0,972.6,60.0,92.91999999999996,8.720624671521882
39798,10802.36,1364.0,6734.84,1436.0,4067.5200000000004,37.65399412720924
39834,197.78,22.0,289.44,48.0,-91.66,-46.3444230963697
39835,53.94,6.0,0.0,,53.94,100.0
39840,1393.45,155.0,1285.2,216.0,108.25,7.768488284473787
39841,1681.1299999999999,187.0,1185.52,203.0,495.6099999999999,29.480765913403477
39842,1393.4499999999998,155.0,1006.3199999999999,168.0,387.1299999999999,27.78212350640496
39843,988.9,110.0,665.28,108.0,323.62,32.72525027808676
39868,148.9,10.0,349.65000000000003,37.0,-200.75000000000003,-134.82202820685026
39923,20291.98,2002.0,13348.9,2038.0,6943.08,34.21588233380873
39932,239.52,48.0,159.84,48.0,79.68,33.26653306613226
39971,88927.92,1708.0,37564.39,1483.0,51363.53,57.75860944459288
39974,4834.65,335.0,3120.62,337.0,1714.0299999999997,35.45303176031357
39977,2267.73,227.0,1764.7199999999998,258.0,503.0100000000002,22.181212049053467
39979,44517.21,3579.0,28153.44,3591.0,16363.77,36.758300890824025
39981,7275.09,591.0,4929.83,617.0,2345.26,32.236852052689386
39983,16417.9,1310.0,10367.460000000001,1314.0,6050.4400000000005,36.85270345172037
39988,223.86,14.0,0.0,,223.86,100.0
39995,574.5600000000001,144.0,388.8,144.0,185.76000000000005,32.330827067669176
39996,690.27,173.0,495.0,180.0,195.26999999999998,28.288930418531876
39997,1053.3600000000001,264.0,657.72,252.0,395.6400000000001,37.5598086124402
39998,522.69,131.0,390.24,144.0,132.45000000000005,25.340067726568332
40040,255.84,16.0,0.0,,255.84,100.0
40041,191.88,12.0,124.56,12.0,67.32,35.08442776735459
40051,28135.45,3755.0,16811.62,3703.0,11323.830000000002,40.2475524649508
40053,45968.33,4867.0,29428.87,4913.0,16539.460000000003,35.98011935608712
40054,99151.21,8229.0,64387.840000000004,8608.0,34763.37,35.06096395596181
40055,54738.579999999994,3142.0,32454.2,3085.0,22284.379999999994,40.71055551678541
40096,443383.47,24253.0,257235.04,24452.0,186148.42999999996,41.98361973214743
40097,426705.89,23511.0,249574.53,23567.0,177131.36000000002,41.51134637490006
40098,281227.38,15262.0,159239.58000000002,15341.0,121987.79999999999,43.3769286617825
40106,1836.81,119.0,3182.7400000000002,253.0,-1345.9300000000003,-73.27540681943154
40114,23843.9,2210.0,14592.06,2191.0,9251.840000000002,38.80170609673754
40116,223.72,28.0,189.0,35.0,34.72,15.519399249061328
40136,20299.77,423.0,15843.34,482.0,4456.43,21.953105872628115
40137,175.92,8.0,470.52,36.0,-294.6,-167.462482946794
40175,48919.2,4080.0,35097.75,4275.0,13821.449999999997,28.253630476377367
40193,175833.73,19277.0,105801.15,21905.0,70032.58000000002,39.82886559933638
40203,527.67,33.0,631.2,60.0,-103.53000000000009,-19.62021718119281
40213,4341.28,272.0,1800.0500000000002,185.0,2541.2299999999996,58.53642243762208
40219,6600.9800000000005,602.0,4124.25,611.0,2476.7300000000005,37.52064087453682
40220,455.52,48.0,264.48,48.0,191.03999999999996,41.93888303477344
40240,6043.04,696.0,4194.71,787.0,1848.33,30.586095739892507
40246,867.4200000000001,158.0,598.0799999999999,168.0,269.34000000000015,31.050702082036395
40258,1188.81,119.0,1168.87,179.0,19.940000000000055,1.6773075596605056
40296,11502.519999999999,548.0,8424.08,614.0,3078.4399999999987,26.763178851243026
40331,278.21,29.0,243.71999999999997,36.0,34.49000000000001,12.397110096689556
40332,52337.75,3875.0,32495.18,3958.0,19842.57,37.91253922837722
40337,216780.8,21970.0,150380.73,22889.0,66400.06999999998,30.63005118534482
40338,6241.42,258.0,7499.2,430.0,-1257.7799999999997,-20.15214486446994
40363,7054.01,499.0,9138.08,796.0,-2084.0699999999997,-29.544471867774497
40365,6599.12,88.0,4095.2200000000003,83.0,2503.8999999999996,37.94293784625828
40366,3587.08,92.0,1828.52,68.0,1758.56,49.02483356936561
40424,1574.03,197.0,1190.16,216.0,383.8699999999999,24.387718150225844
40425,451247.84,37020.0,246887.52,38456.0,204360.32000000004,45.28782231954839
40436,284.81,19.0,0.0,,284.81,100.0
40444,563.53,47.0,378.34999999999997,47.0,185.18,32.86071726438699
40454,939.0,100.0,222.17999999999998,42.0,716.82,76.33865814696486
40455,127.84,16.0,187.92000000000002,36.0,-60.08000000000001,-46.9962453066333
40456,9890.93,707.0,7221.419999999999,774.0,2669.510000000001,26.98947419504537
40483,15815.74,1026.0,10628.4,1042.0,5187.34,32.79859178261656
40513,1104.3799999999999,62.0,1144.64,98.0,-40.26000000000022,-3.6454843441569227
40538,8957.4,560.0,6458.4,598.0,2499.0,27.89872061089155
40545,321940.23,21477.0,216970.5,21850.0,104969.72999999998,32.60534727206972
40559,43440.01,3599.0,26577.48,3676.0,16862.530000000002,38.817969885366054
40560,617.46,54.0,382.86,54.0,234.60000000000002,37.994364007385094
40561,10689.44,956.0,7210.72,964.0,3478.7200000000003,32.543519585684564
40566,293.72,28.0,14.46,2.0,279.26000000000005,95.07694402832631
40568,0.0,,116.04,12.0,-116.04,0.0
40575,134.95999999999998,4.0,248.16,12.0,-113.20000000000002,-83.87670420865444
40583,1208.9,110.0,7.33,1.0,1201.5700000000002,99.39366366117959
40590,12.99,1.0,0.0,,12.99,100.0
40605,1049.85,15.0,0.0,,1049.85,100.0
40607,1512.11,89.0,1350.0,120.0,162.1099999999999,10.72078089556976
40608,614.59,41.0,415.81,43.0,198.78000000000003,32.34351356188679
40621,43787.86,2314.0,27657.079999999998,2629.0,16130.780000000002,36.83847532169876
40658,17413.969999999998,603.0,11851.58,577.0,5562.389999999998,31.942113142494204
40666,119.88,12.0,82.68,12.0,37.19999999999999,31.03103103103102
40667,20217.84,1616.0,16262.6,1891.0,3955.24,19.563118513154716
40753,324.75,25.0,206.4,24.0,118.35,36.44341801385681
40755,854.43,57.0,574.8,60.0,279.63,32.7270812120361
40757,215.82,18.0,96.6,12.0,119.22,55.24047817625799
40766,2763.16,284.0,1874.87,313.0,888.29,32.14761360181821
40767,433.69,31.0,225.75,25.0,207.94,47.94669003205054
40771,2736.93,107.0,1877.8200000000002,119.0,859.1099999999997,31.389549604849222
40782,467.98,2.0,464.88,3.0,3.1000000000000227,0.6624214710030392
40786,17703.19,1181.0,11711.0,1195.0,5992.189999999999,33.84808048718902
40801,22061.65,2035.0,15187.759999999998,2072.0,6873.890000000003,31.157642334095602
40822,481.76,24.0,572.28,38.0,-90.51999999999998,-18.789438724676184
40825,62.93,7.0,0.0,,62.93,100.0
40837,6237.92,208.0,6550.36,332.0,-312.4399999999996,-5.008720855669832
40926,4670.64,936.0,3086.48,941.0,1584.1600000000003,33.91740746450166
40965,22551.19,881.0,15535.800000000001,945.0,7015.389999999998,31.108735281818824
41003,5321.58,242.0,3969.84,278.0,1351.7399999999998,25.401102680031112
41030,19402.579999999998,1142.0,12055.79,1093.0,7346.789999999997,37.86501588963941
41032,7118.8099999999995,419.0,4415.92,382.0,2702.8899999999994,37.96828402499855
41033,55806.58,5842.0,34484.85,5835.0,21321.730000000003,38.2064803111031
41034,509372.48,54744.0,287921.88,54738.0,221450.59999999998,43.475179499292935
41053,197.91,9.0,0.0,,197.91,100.0
41062,17574.28,972.0,11540.789999999999,969.0,6033.49,34.33136378844539
41065,21644.55,1245.0,14567.539999999999,1303.0,7077.01,32.69649865670573
41070,22166.09,1691.0,7658.5599999999995,1052.0,14507.53,65.4492064229641
41072,190470.9,14310.0,114713.28,14058.0,75757.62,39.7738552188287
41079,49.99,1.0,33.78,1.0,16.21,32.42648529705941
41081,2296.7799999999997,122.0,1252.48,103.0,1044.2999999999997,45.46800303032941
41087,1098.15,135.0,607.55,145.0,490.60000000000014,44.675135455083556
41122,1470.4499999999998,55.0,1298.3999999999999,80.0,172.04999999999995,11.700499846985615
41132,1061.1299999999999,87.0,695.64,93.0,365.4899999999999,34.44347063978965
41133,155.87,13.0,278.64,36.0,-122.76999999999998,-78.76435491114388
41141,1819.3,70.0,810.24,48.0,1009.06,55.46418952344309
41143,63165.15,7341.0,39407.92,7492.0,23757.230000000003,37.611293569317894
41144,5028.64,536.0,3353.7599999999998,548.0,1674.8800000000006,33.30681854338351
41157,12999.87,813.0,9356.56,872.0,3643.3100000000013,28.025741795879505
41159,152217.69999999998,6270.0,104199.2,6472.0,48018.499999999985,31.54593716762242
41169,7.98,2.0,88.44,33.0,-80.46,-1008.2706766917292
41170,7197.96,1804.0,5320.0,2000.0,1877.96,26.09016999260902
41171,1655.8500000000001,415.0,1149.1200000000001,432.0,506.73,30.602409638554217
41172,175.56,44.0,153.9,57.0,21.659999999999997,12.337662337662337
41212,121242.67,9141.0,104442.56,9928.0,16800.11,13.85659850612
41213,224192.78,13578.0,185696.95,15385.0,38495.82999999999,17.170860720849255
41215,1130.22,78.0,147.89999999999998,15.0,982.32,86.91405213144344
41219,99.99,1.0,0.0,,99.99,100.0
41220,513.9,10.0,430.32,12.0,83.57999999999998,16.263864565090483
41222,9075.53,547.0,6047.52,586.0,3028.01,33.36455281399544
41224,198.94,6.0,0.0,,198.94,100.0
41231,279.8,20.0,6.53,1.0,273.27000000000004,97.6661901358113
41251,97451.04000000001,17896.0,62491.26,18434.0,34959.780000000006,35.87419898238131
41252,175543.44,20856.0,101691.99,19823.0,73851.45,42.07018502087004
41253,194248.56,19284.0,114187.5,18750.0,80061.06,41.21578044130674
41254,108735.86,10582.0,63057.15,10779.0,45678.71,42.00887361354387
41304,10384.439999999999,556.0,6780.24,584.0,3604.199999999999,34.707697285554154
41309,88.94,6.0,0.0,,88.94,100.0
41318,221.94,6.0,146.04,6.0,75.9,34.19843200865099
41321,211854.54,12186.0,139692.86,12769.0,72161.68000000002,34.06189926352299
41348,8815.099999999999,490.0,6213.759999999999,511.0,2601.3399999999992,29.51004526324148
41354,49.96,4.0,205.2,24.0,-155.23999999999998,-310.728582866293
41372,6460.6900000000005,431.0,4553.64,468.0,1907.0500000000002,29.517745008660068
41375,47.97,3.0,249.12,24.0,-201.15,-419.3245778611632
41377,5527.41,559.0,3428.04,583.0,2099.37,37.98107974621025
41394,4467.13,187.0,1921.5,122.0,2545.63,56.985805203788566
41405,34675.23,2277.0,22314.6,2277.0,12360.630000000005,35.646858002095456
41408,697.68,32.0,0.0,,697.68,100.0
41409,8271.76,474.0,5050.87,407.0,3220.8900000000003,38.93838796096599
41411,457.62,38.0,329.3,37.0,128.32,28.04073248546829
41412,12893.0,1100.0,9449.71,1151.0,3443.290000000001,26.706662530055077
41415,3314.38,262.0,1943.6000000000001,226.0,1370.78,41.358564799449674
41416,9854.52,748.0,6673.139999999999,786.0,3181.380000000001,32.28345977277433
41417,535.68,32.0,124.56,12.0,411.11999999999995,76.74731182795699
41418,467.64,36.0,206.4,24.0,261.24,55.86348473184501
41485,5179.6900000000005,131.0,3253.3199999999997,126.0,1926.3700000000008,37.190835744996335
41529,744.3299999999999,67.0,722.75,59.0,21.579999999999927,2.8992516760039133
41530,69163.14,7286.0,43198.479999999996,7397.0,25964.660000000003,37.541181617838646
41531,495.38,62.0,507.84,96.0,-12.45999999999998,-2.5152408252250757
41532,878.6,92.0,399.35999999999996,64.0,479.24000000000007,54.54586842704303
41537,104150.58,3682.0,69729.66,3861.0,34420.92,33.04918705205482
41546,110089.05,12895.0,69662.93000000001,12643.0,40426.119999999995,36.72129062790531
41558,1560.77,123.0,1120.6799999999998,132.0,440.09000000000015,28.19697969591933
41575,8645.37,163.0,1046.87,31.0,7598.500000000001,87.89097516936812
41588,12618.869999999999,113.0,17664.899999999998,265.0,-5046.029999999999,-39.98797039671539
41589,14597.08,292.0,12908.48,377.0,1688.6000000000004,11.56806703806515
41605,14332.71,229.0,8535.12,212.0,5797.589999999998,40.450061432904164
41612,11923.93,307.0,8801.52,364.0,3122.41,26.186081266830648
41614,4564.8,120.0,3648.54,146.0,916.2600000000002,20.072292323869615
41627,367.15,35.0,0.0,,367.15,100.0
41629,12077.49,851.0,7254.92,799.0,4822.57,39.930233848258204
41633,16338.37,1163.0,10044.800000000001,1168.0,6293.57,38.520182857898305
41634,223.93,7.0,64.41,3.0,159.52,71.23654713526548
41648,287.76,24.0,205.2,24.0,82.56,28.690575479566306
41711,48903.200000000004,8980.0,28806.12,8946.0,20097.080000000005,41.09563382355347
41712,56803.55,10181.0,33915.2,10340.0,22888.350000000006,40.293872478040555
41713,46590.51,8649.0,27814.36,8638.0,18776.15,40.30037447540282
41714,84071.33,15667.0,50618.4,15720.0,33452.93,39.79112736767695
41727,174.75,25.0,166.68,36.0,8.069999999999993,4.618025751072957
41751,157241.37,16563.0,113732.8,18344.0,43508.56999999999,27.669925541859623
41759,11585.5,1450.0,8040.320000000001,1478.0,3545.1799999999994,30.600146735143063
41762,9799.02,98.0,7065.96,106.0,2733.0600000000004,27.891156462585037
41778,1386.63,137.0,582.9000000000001,87.0,803.73,57.96283074792843
41780,69.92999999999999,7.0,0.0,,69.92999999999999,100.0
41785,203.76,24.0,136.8,24.0,66.95999999999998,32.86219081272084
41786,28127.37,3313.0,19214.94,3279.0,8912.43,31.68596992893399
41787,43278.58,1442.0,32168.08,1526.0,11110.5,25.67205301098141
41795,233.82,18.0,267.0,30.0,-33.18000000000001,-14.190402874005647
41820,4945.34,266.0,3530.56,272.0,1414.7800000000002,28.60834644331836
41827,32726.35,2465.0,20856.96,2556.0,11869.39,36.26860312867154
41831,329.4,60.0,270.71999999999997,72.0,58.68000000000001,17.81420765027323
41862,197.70999999999998,29.0,295.20000000000005,72.0,-97.49000000000007,-49.30959486116032
41864,3626.7,330.0,2111.04,288.0,1515.6599999999999,41.791711473240134
41868,20975.82,418.0,16146.84,478.0,4828.98,23.021650643455178
41899,17838.51,1449.0,13686.07,1667.0,4152.439999999999,23.27795314743215
41912,13376.76,1024.0,8546.61,1041.0,4830.15,36.10851955181972
41918,2777.3,405.0,1956.92,406.0,820.3800000000001,29.538760666834698
41927,20154.56,1344.0,12585.78,1377.0,7568.780000000001,37.55368512138196
41940,64029.09,2791.0,40526.64,2838.0,23502.449999999997,36.70589414905006
41947,103.92,8.0,0.0,,103.92,100.0
41948,131.94,6.0,89.76,6.0,42.17999999999999,31.969076853115048
41965,55014.31,3569.0,36565.340000000004,3758.0,18448.969999999994,33.534856658204006
41970,47977.69,3031.0,23866.29,2709.0,24111.4,50.25544164381404
41974,11743.2,1680.0,7695.88,1684.0,4047.3200000000006,34.46522242659582
41978,4319.1,90.0,2742.6,84.0,1576.5000000000005,36.500659859692995
41980,39.98,2.0,0.0,,39.98,100.0
41981,14143.25,375.0,6855.4800000000005,278.0,7287.7699999999995,51.52825552825553
41983,8485.34,266.0,5895.6,289.0,2589.74,30.520167724569667
41984,2275.24,76.0,933.42,47.0,1341.8199999999997,58.974877375573556
41985,5206.01,99.0,3045.2,92.0,2160.8100000000004,41.506067026379135
41990,66262.76,1224.0,47436.76,1337.0,18825.999999999993,28.411131682411046
42018,2769.8,220.0,1929.42,243.0,840.3800000000001,30.3408188316846
42052,2159.7599999999998,24.0,0.0,,2159.7599999999998,100.0
42053,39109.36,964.0,23413.6,1036.0,15695.760000000002,40.133001409381286
42080,573.5600000000001,44.0,338.04,36.0,235.52000000000004,41.06283562312574
42097,19294.89,2411.0,21834.24,2843.0,-2539.350000000002,-13.160738413123902
42099,164562.84,8916.0,101893.20000000001,8938.0,62669.639999999985,38.08249784702305
42104,275.94000000000005,6.0,0.0,,275.94000000000005,100.0
42115,4867.48,252.0,4289.04,444.0,578.4399999999996,11.883767370384668
42117,8070.93,557.0,5510.400000000001,574.0,2560.5299999999997,31.725340202430196
42118,7940.93,757.0,5413.95,795.0,2526.9800000000005,31.822217296966482
42122,54758.68,6672.0,29476.71,6507.0,25281.97,46.16979445085236
42124,10199.85,515.0,5390.91,597.0,4808.9400000000005,47.147163928881305
42158,1357.93,107.0,931.84,128.0,426.09000000000003,31.377906077632865
42162,195.45000000000002,15.0,115.5,25.0,79.95000000000002,40.90560245587107
42167,5433.21,379.0,3741.0,435.0,1692.21,31.1456763128979
42172,18334.43,1757.0,11635.02,1747.0,6699.41,36.54005060424567
42188,1533634.52,29498.0,1014484.29,29829.0,519150.23,33.850974481195166
42211,23.98,2.0,210.72,24.0,-186.74,-778.7322768974145
42212,10563.38,1662.0,6507.93,1599.0,4055.449999999999,38.39159435710918
42255,43970.24,1676.0,25899.38,1586.0,18070.859999999997,41.09793351139315
42256,163.99,31.0,80.03999999999999,23.0,83.95000000000002,51.19214586255261
42258,139.92999999999998,7.0,496.43999999999994,36.0,-356.51,-254.7773886943472
42264,24740.46,454.0,17870.49,547.0,6869.9699999999975,27.76815790813913
42275,8655.67,433.0,5908.200000000001,458.0,2747.4699999999993,31.74185245047465
42337,547.5,50.0,480.48,66.0,67.01999999999998,12.241095890410955
42348,569.28,72.0,390.42,81.0,178.85999999999996,31.418634064080937
42350,100643.87,5613.0,68532.51,6387.0,32111.36,31.905927305855787
42385,1793.31,339.0,1281.1499999999999,351.0,512.1600000000001,28.55947939843084
42386,18975.149999999998,2235.0,12967.06,2291.0,6008.089999999998,31.66293810589112
42392,191.52,48.0,192.75,75.0,-1.2299999999999898,-0.6422305764410974
42399,28198.59,2741.0,18678.510000000002,2843.0,9520.079999999998,33.76083697801911
42401,16439.89,1611.0,10178.1,1578.0,6261.789999999999,38.08900181205592
42402,671.4,60.0,387.0,60.0,284.4,42.35924932975871
42403,3738.2999999999997,170.0,4514.84,341.0,-776.5400000000004,-20.772543669582443
42410,1934.25,75.0,288.49,17.0,1645.76,85.08517513248029
42413,84854.38,8362.0,50632.799999999996,8670.0,34221.58000000001,40.32977437346193
42420,39010.14,5086.0,23639.4,5139.0,15370.739999999998,39.401909349722914
42421,58930.57,4543.0,37833.119999999995,4888.0,21097.450000000004,35.800519153301934
42422,188405.93,14007.0,119795.2,15280.0,68610.73,36.416438697019785
42423,3406.88,112.0,612.35,37.0,2794.53,82.02607664490678
42436,311.22,78.0,233.18,89.0,78.04000000000002,25.075509286035608
42437,422.53,47.0,381.92,62.0,40.60999999999996,9.611151870873066
42438,171.57000000000002,43.0,225.11999999999998,84.0,-53.549999999999955,-31.21175030599752
42439,943.9499999999999,105.0,776.1600000000001,126.0,167.78999999999985,17.77530589543936
42456,10876.6,340.0,6985.349999999999,361.0,3891.250000000001,35.776345549160595
42462,125609.92,12592.0,88777.65000000001,12885.0,36832.26999999999,29.322739796347285
42579,90502.98,8902.0,58182.3,8910.0,32320.679999999993,35.71228262317992
42581,219.89,11.0,631.2,48.0,-411.31000000000006,-187.05261721769978
42601,6344.47,653.0,2849.92,488.0,3494.55,55.080250990232436
42602,6058.73,627.0,2975.28,506.0,3083.4499999999994,50.892678828731434
42603,6951.85,715.0,3048.91,509.0,3902.9400000000005,56.1424656746046
42640,5436.62,538.0,3012.3999999999996,443.0,2424.2200000000003,44.59057281914131
42642,17537.03,1397.0,10467.75,1275.0,7069.279999999999,40.31058850900067
42643,95.92,8.0,99.24,12.0,-3.319999999999993,-3.4612176814011604
42655,3399.4999999999995,50.0,2701.8,60.0,697.6999999999994,20.523606412707736
42663,11221.27,1073.0,6136.4,1058.0,5084.870000000001,45.31456778065228
42671,13.99,1.0,231.6,24.0,-217.60999999999999,-1555.4681915654037
42672,1253.67,33.0,949.7900000000001,37.0,303.88,24.239233610120685
42676,2089.62,38.0,2424.0600000000004,67.0,-334.4400000000005,-16.004823843569667
42677,2034.63,37.0,1668.48,44.0,366.1500000000001,17.995900974624384
42678,15215.37,2863.0,9746.91,2927.0,5468.460000000001,35.940368193478044
42685,12237.45,255.0,7717.0199999999995,246.0,4520.430000000001,36.939313337337445
42691,2996.69,231.0,1623.16,217.0,1373.53,45.83490451131081
42733,1253.6200000000001,38.0,1069.25,47.0,184.37000000000012,14.707008503374237
42734,74.97,3.0,183.26,11.0,-108.28999999999999,-144.44444444444443
42735,17952.6,1540.0,12465.9,1539.0,5486.699999999999,30.562146987065937
42741,167.88,12.0,108.96,12.0,58.92,35.09649749821301
42751,1887.42,498.0,1220.1,498.0,667.3200000000002,35.356200527704495
42752,890.65,235.0,614.4,240.0,276.25,31.016673216190423
42753,1819.1999999999998,480.0,1279.2,492.0,539.9999999999998,29.683377308707115
42759,419.65000000000003,35.0,284.04,36.0,135.61,32.31502442511617
42764,273570.44,27708.0,168991.41,27749.0,104579.03,38.22745980888871
42765,58250.47,5871.0,35854.65,6129.0,22395.82,38.44744943688866
42766,148235.97,14989.0,85550.4,14624.0,62685.57000000001,42.287691712072316
42785,7599.24,76.0,2191.68,32.0,5407.5599999999995,71.15922118527642
42789,2937.1,190.0,1710.2,170.0,1226.8999999999999,41.77249668039903
42794,221.88,12.0,153.0,12.0,68.88,31.043807463493778
42797,1218.3,70.0,510.72,48.0,707.5799999999999,58.07929081507017
42801,3853.59,241.0,3022.2200000000003,274.0,831.3699999999999,21.573909004331025
42828,1091.1599999999999,84.0,747.6,84.0,343.55999999999983,31.485758275596602
42864,20.98,2.0,0.0,,20.98,100.0
42871,33.98,2.0,0.0,,33.98,100.0
42874,137588.81,7259.0,89162.3,7835.0,48426.509999999995,35.196546870345045
42881,69086.85,9615.0,38510.08,9824.0,30576.770000000004,44.25845149981509
42884,15448.970000000001,103.0,14110.2,195.0,1338.7700000000004,8.665755710574881
42886,13973.009999999998,699.0,8976.72,678.0,4996.289999999999,35.75671956149748
42894,35.98,2.0,141.12,12.0,-105.14000000000001,-292.2178988326849
42897,1002.83,17.0,7079.4,180.0,-6076.57,-605.9421836203543
42933,194.85,15.0,103.2,12.0,91.64999999999999,47.03618167821401
42934,6354.7,530.0,4458.03,543.0,1896.67,29.846727618927726
42939,29.97,3.0,0.0,,29.97,100.0
42948,51400.71,4529.0,31641.84,4626.0,19758.87,38.440850330666635
42949,1806.71,129.0,1209.6000000000001,128.0,597.1099999999999,33.049576301675415
42952,119.96,4.0,118.38,6.0,1.5799999999999983,1.3171057019006323
42953,14593.65,635.0,10253.4,690.0,4340.25,29.74067488256879
42971,314.79,21.0,204.32999999999998,21.0,110.46000000000004,35.09006004002669
43011,47.96,4.0,0.0,,47.96,100.0
43013,323.73,27.0,47.64,6.0,276.09000000000003,85.28403299045502
43019,2719.68,32.0,2222.0,40.0,497.67999999999984,18.2992116719614
43020,16872.82,118.0,13235.57,137.0,3637.25,21.556858900883196
43021,742.63,37.0,476.64,36.0,265.99,35.81729798149819
43022,341.91,9.0,2113.44,84.0,-1771.53,-518.1275774326576
43023,1159.71,29.0,2239.44,84.0,-1079.73,-93.10344827586206
43025,719.28,72.0,476.64,72.0,242.64,33.733733733733736
43027,359.76,24.0,367.20000000000005,36.0,-7.440000000000055,-2.0680453635757323
43043,21859.52,2848.0,12438.58,2758.0,9420.94,43.09765264745063
43092,93109.47,4153.0,61612.399999999994,4255.0,31497.070000000007,33.82799837653464
43097,4246.82,118.0,3244.1600000000003,137.0,1002.6599999999994,23.609665585073053
43124,18580.98,3102.0,12701.800000000001,3098.0,5879.1799999999985,31.64084994440551
43127,431.64,36.0,284.04,36.0,147.59999999999997,34.195162635529606
43128,359.7,30.0,212.7,30.0,147.0,40.867389491242704
43129,27325.26,2074.0,16079.820000000002,2038.0,11245.439999999997,41.15400914757992
43131,31683.25,2175.0,19227.6,2205.0,12455.650000000001,39.313043958558545
43134,5039.28,72.0,598.65,13.0,4440.63,88.12032671334
43143,3452.16,384.0,1983.87,329.0,1468.29,42.532501390433815
43152,4254.88,112.0,3577.15,145.0,677.73,15.928298800436206
43184,8106.93,507.0,5852.0,560.0,2254.9300000000003,27.81484483028718
43193,7206.62,838.0,4369.9800000000005,842.0,2836.6399999999994,39.36158698529962
43223,365707.74,38054.0,231151.4,38980.0,134556.34,36.79340776325926
43224,25515.92,1808.0,17084.4,1857.0,8431.519999999997,33.04415439458972
43225,184491.55,6445.0,129877.29,7101.0,54614.259999999995,29.602580714401284
43232,6877.75,625.0,3777.75,575.0,3100.0,45.07287993893352
43237,2944.94,106.0,1408.68,78.0,1536.26,52.1660882734453
43245,45914.4,4460.0,29575.92,4488.0,16338.480000000003,35.58465318070149
43247,142.89000000000001,11.0,104.64,12.0,38.250000000000014,26.76884316607181
43289,77.94,6.0,251.4,30.0,-173.46,-222.5558121632025
43290,0.0,,106.8,12.0,-106.8,0.0
43291,64.95,5.0,154.8,18.0,-89.85000000000001,-138.33718244803697
43292,47981.31,4669.0,30918.36,4764.0,17062.949999999997,35.56165932109815
43293,12.99,1.0,101.28,12.0,-88.29,-679.6766743648961
43308,26953.91,2209.0,12346.880000000001,1792.0,14607.029999999999,54.19261992044938
43317,199.6,40.0,206.4,60.0,-6.800000000000011,-3.4068136272545146
43323,719.73,27.0,352.89000000000004,27.0,366.84,50.96911341753157
43350,119.88,12.0,78.36,12.0,41.519999999999996,34.63463463463463
43354,119.88,12.0,48.6,12.0,71.28,59.45945945945946
43359,36329.0,900.0,25885.16,958.0,10443.84,28.74794241515043
43362,188877.73,1759.0,104566.81,1517.0,84310.92000000001,44.637829986626805
43363,809.82,18.0,1213.6,41.0,-403.77999999999986,-49.86046281889801
43365,68002.49,6215.0,42111.68,6112.0,25890.810000000005,38.07332643260564
43379,21283.95,1605.0,15241.779999999999,1591.0,6042.170000000002,28.388386554187555
43380,2076.24,176.0,1687.08,204.0,389.15999999999985,18.743497861518897
43384,95.88,12.0,66.12,12.0,29.75999999999999,31.038798498122645
43385,567.29,71.0,396.55,77.0,170.73999999999995,30.097481006187305
43387,149.95,5.0,0.0,,149.95,100.0
43393,527.49,51.0,218.67000000000002,37.0,308.82,58.54518569072399
43395,128.97,3.0,176.7,6.0,-47.72999999999999,-37.00860665270992
43425,167.88,12.0,342.71999999999997,36.0,-174.83999999999997,-104.14581844174408
43429,119.88,12.0,79.92,12.0,39.959999999999994,33.33333333333333
43430,2587.41,259.0,1762.1000000000001,263.0,825.3099999999997,31.89714811336432
43432,29590.6,4940.0,20984.44,5326.0,8606.16,29.084101032084515
43433,2533.05,195.0,1806.7,203.0,726.3500000000001,28.674917589467245
43434,220169.44999999998,9063.0,139409.84,8948.0,80759.60999999999,36.68066119073286
43450,47945.78,2822.0,33106.26,2922.0,14839.519999999997,30.95062798018928
43452,152.91,9.0,197.28000000000003,18.0,-44.37000000000003,-29.017068864037693
43481,2919.1400000000003,86.0,3782.2799999999997,172.0,-863.1399999999994,-29.56829751228099
43489,15735.49,1251.0,9515.1,1182.0,6220.389999999999,39.530958362275335
43490,461.67,33.0,399.52,44.0,62.150000000000034,13.46199666428402
43499,629.16,84.0,405.72,84.0,223.43999999999994,35.51401869158878
43513,12599.79,21.0,7808.05,19.0,4791.740000000001,38.030316378288845
43539,18.99,1.0,305.76,24.0,-286.77,-1510.1105845181673
43541,303.62,38.0,215.66,41.0,87.96000000000001,28.970423555760494
43542,1071.33,67.0,852.8,80.0,218.52999999999997,20.398009950248756
43543,287.64,36.0,164.1,30.0,123.53999999999999,42.949520233625364
43544,287.82,18.0,249.12000000000003,24.0,38.69999999999996,13.445903689806116
43545,95.88,12.0,75.6,14.0,20.28,21.151439299123904
43546,1183.26,74.0,982.8000000000001,91.0,200.45999999999992,16.94133157547791
43547,111.86,14.0,99.18,18.0,12.679999999999993,11.335598069014834
43548,239.85,15.0,142.35,13.0,97.5,40.65040650406504
43553,21989.54,2446.0,14158.44,2348.0,7831.1,35.61284137821892
43590,113285.56,7120.0,76683.6,7518.0,36601.95999999999,32.30946644921029
43615,15924.66,834.0,10277.12,868.0,5647.539999999999,35.464116659319565
43618,11323.38,862.0,7573.44,966.0,3749.9399999999996,33.11679021634883
43638,13948.61,139.0,5771.58,93.0,8177.030000000001,58.622543751671316
43639,755.73,27.0,444.96,24.0,310.77000000000004,41.12182922472312
43652,5085.53,247.0,2772.7799999999997,222.0,2312.75,45.47706925335216
43662,20747.29,671.0,16682.399999999998,840.0,4064.890000000003,19.592390138663905
43667,2399.52,48.0,3275.6,95.0,-876.0799999999999,-36.51063546042542
43668,449.91,9.0,2837.52,84.0,-2387.61,-530.6861372274456
43673,5561.66,634.0,3489.86,638.0,2071.7999999999997,37.25146808686615
43681,0.0,,203.76,24.0,-203.76,0.0
43685,20320.420000000002,1458.0,14484.96,1512.0,5835.460000000003,28.717221396014462
43729,354.95,5.0,571.68,12.0,-216.72999999999996,-61.059304127341875
43730,719.88,12.0,419.04,12.0,300.84,41.79029838306384
43737,22850.97,2403.0,13218.24,2248.0,9632.730000000001,42.15457812075374
43747,1870.44,156.0,1325.52,168.0,544.9200000000001,29.13325206903189
43777,4284.53,247.0,2638.72,217.0,1645.81,38.41284808368713
43782,868.77,23.0,1148.53,43.0,-279.76,-32.201848590536045
43784,14427.16,834.0,11513.76,996.0,2913.3999999999996,20.193856587159217
43785,221.94,6.0,146.04,6.0,75.9,34.19843200865099
43788,121233.02,2298.0,79583.4,2340.0,41649.62000000001,34.35501318040251
43789,2055.13,187.0,1495.32,204.0,559.8100000000002,27.239639341550177
43790,989.1,90.0,802.4399999999999,108.0,186.66000000000008,18.871701546860788
43791,659.4,60.0,283.8,60.0,375.59999999999997,56.96087352138307
43798,35550.83,3367.0,20923.800000000003,3244.0,14627.029999999999,41.14399016844332
43799,93.48,12.0,61.08,12.0,32.400000000000006,34.65982028241336
43801,13222.66,1384.0,8211.039999999999,1406.0,5011.620000000001,37.90175350496799
43803,1481.7,330.0,1010.6,326.0,471.1,31.7945603023554
43808,34830.57,5859.0,20258.7,6139.0,14571.869999999999,41.836438507896936
43809,289571.31,28969.0,171579.2,29380.0,117992.10999999999,40.74716863352242
43819,136.85,15.0,208.79999999999998,36.0,-71.94999999999999,-52.575812933869194
43820,13432.47,1453.0,8202.6,1395.0,5229.869999999999,38.934536983890524
43821,163.84,16.0,128.64,24.0,35.20000000000002,21.48437500000001
43832,7285.51,749.0,3178.3999999999996,548.0,4107.110000000001,56.373678712952156
43871,139.93,7.0,39.72,3.0,100.21000000000001,71.61437861788038
43872,194304.61,9219.0,120485.22,9517.0,73819.38999999998,37.99157930426869
43873,110351.93999999999,1606.0,82214.92,1762.0,28137.01999999999,25.497530899773935
43877,62877.99,2301.0,47628.0,2700.0,15249.989999999998,24.25330389855019
43890,1519.05,95.0,1240.32,114.0,278.73,18.34896810506567
43900,7513.33,167.0,5926.7300000000005,191.0,1586.5999999999995,21.117134479651494
43916,359.7,30.0,557.28,72.0,-197.57999999999998,-54.929107589658045
43918,25167.01,2099.0,15089.230000000001,1937.0,10077.779999999997,40.04361265005258
43919,623.48,52.0,220.92000000000002,28.0,402.56,64.56662603451593
43920,28416.3,2370.0,18941.649999999998,2353.0,9474.650000000001,33.34230705616144
43922,10266.58,1142.0,6756.719999999999,1128.0,3509.8600000000006,34.18723664550416
43923,1402.83,117.0,188.83,23.0,1214.0,86.53935259439847
43924,4600.53,297.0,3437.64,324.0,1162.8899999999999,25.277305006162333
43937,951.96,4.0,5342.7,33.0,-4390.74,-461.23156435144324
43939,699.64,36.0,1627.56,132.0,-927.92,-132.6282087930936
43950,0.0,,31.36,2.0,-31.36,0.0
44025,3381.21,79.0,1847.86,67.0,1533.3500000000001,45.349150156304994
44033,345.86,64.0,38.88,12.0,306.98,88.75845717920546
44035,33177.08,3292.0,22284.72,3258.0,10892.36,32.83097849479219
44037,102200.33,17447.0,59692.68,17454.0,42507.65,41.592478223896144
44038,290136.68,27580.0,171082.69999999998,29195.0,119053.98000000001,41.033756917601735
44040,155.76,24.0,107.52,24.0,48.239999999999995,30.97072419106317
44041,24624.28,2072.0,15585.279999999999,2048.0,9039.0,36.70767226493526
44063,995.17,83.0,752.64,96.0,242.52999999999997,24.370710531868927
44072,68625.28,6072.0,44428.35,6145.0,24196.93,35.25949912335513
44081,42770.74,2226.0,24824.4,2265.0,17946.339999999997,41.95938625331242
44082,22986.97,1603.0,14673.75,1625.0,8313.220000000001,36.16492299768087
44083,5920.29,371.0,7817.28,544.0,-1896.9899999999998,-32.042180366164494
44084,12331.53,947.0,6844.28,862.0,5487.250000000001,44.49772250483112
44098,90.87,13.0,62.269999999999996,13.0,28.60000000000001,31.473533619456372
44102,3739.32,68.0,2372.58,63.0,1366.7400000000002,36.55049581207279
44106,15242.94,1006.0,11161.519999999999,1132.0,4081.420000000002,26.77580571726978
44107,32418.22,1978.0,21850.04,2077.0,10568.18,32.599507314096826
44109,161.82,18.0,111.60000000000001,18.0,50.219999999999985,31.03448275862068
44121,1079.76,24.0,696.72,24.0,383.03999999999996,35.47454989997777
44138,16546.01,1299.0,10541.56,1249.0,6004.449999999999,36.28941358067594
44145,32865.43,3357.0,19708.399999999998,3398.0,13157.030000000002,40.033037754260334
44148,31280.25,4475.0,18891.64,4054.0,12388.61,39.605214152700185
44172,119.88,12.0,0.0,,119.88,100.0
44174,1291.66,34.0,5202.0,204.0,-3910.34,-302.7375625164517
44176,0.0,,330.96,24.0,-330.96,0.0
44177,16.99,1.0,277.44,24.0,-260.45,-1532.960565038258
44182,30700.19,1881.0,20569.41,1917.0,10130.779999999999,32.99907915879348
44186,7063.43,157.0,1706.65,55.0,5356.780000000001,75.83822590441189
44199,7189.64,536.0,6706.3099999999995,653.0,483.33000000000084,6.722589726328451
44207,4544.45,455.0,2889.2000000000003,466.0,1655.2499999999995,36.42354960446258
44208,333084.70999999996,18429.0,203910.9,18622.0,129173.80999999997,38.78106863566328
44217,20678.4,1260.0,14694.9,1342.0,5983.500000000002,28.935991179201494
44220,1790.48,52.0,1137.9099999999999,53.0,652.5700000000002,36.44665117733793
44221,319.8,20.0,261.12,24.0,58.68000000000001,18.34896810506567
44228,166518.57,15718.0,81764.93,14627.0,84753.64000000001,50.89741042095186
44232,287.90999999999997,9.0,511.92,24.0,-224.01000000000005,-77.80556423882466
44233,30677.23,3077.0,21463.92,3138.0,9213.310000000001,30.033057091530107
44234,47345.5,3150.0,30958.2,3276.0,16387.3,34.61215955053806
44238,6114.81,719.0,3990.6,739.0,2124.2100000000005,34.73877356778053
44249,19.98,2.0,156.72,24.0,-136.74,-684.3843843843845
44266,30781.15,3385.0,20404.96,3494.0,10376.190000000002,33.709559259481864
44269,7828.82,718.0,5076.150000000001,787.0,2752.669999999999,35.160726648460425
44272,94.74000000000001,6.0,64.02,6.0,30.720000000000013,32.425585813806215
44278,787.5799999999999,42.0,224.59,37.0,562.9899999999999,71.48353183168693
44290,191.88,12.0,0.0,,191.88,100.0
44291,79.95,5.0,0.0,,79.95,100.0
44292,18732.98,1402.0,11480.6,1370.0,7252.379999999999,38.71450244435215
44302,870.91,109.0,585.29,107.0,285.62,32.79558163300456
44325,209.96,4.0,204.48,6.0,5.480000000000018,2.610020956372651
44334,142137.78,11622.0,91500.64,11671.0,50637.14,35.62539108180809
44337,40312.67,3033.0,27193.68,3222.0,13118.989999999998,32.543093771759594
44338,594.3,70.0,337.56,58.0,256.73999999999995,43.200403836446235
44339,0.0,,106.8,12.0,-106.8,0.0
44340,34276.12,2588.0,23505.56,2659.0,10770.560000000001,31.422926515603283
44362,39037.06,3594.0,24055.920000000002,3612.0,14981.139999999996,38.376711770814694
44369,598.8000000000001,120.0,444.84,132.0,153.9600000000001,25.711422845691395
44370,29.97,3.0,81.0,12.0,-51.03,-170.2702702702703
44394,971.28,72.0,810.6,84.0,160.67999999999995,16.543118359278473
44411,1739.4199999999998,58.0,2446.52,124.0,-707.1000000000001,-40.65148152832555
44413,359.28000000000003,72.0,0.0,,359.28000000000003,100.0
44450,509.97,3.0,0.0,,509.97,100.0
44452,29116.420000000002,2658.0,16893.469999999998,2603.0,12222.950000000004,41.97957715955465
44455,2885.91,209.0,3472.08,391.0,-586.1700000000001,-20.311444223832346
44493,12193.44,256.0,11806.599999999999,380.0,386.84000000000196,3.1725255547245235
44494,169510.57,21783.0,106051.5,23567.0,63459.07000000001,37.43664480627963
44511,186135.73,12155.0,109989.09999999999,11590.0,76146.63000000002,40.90919567135231
44529,10456.07,993.0,6848.660000000001,994.0,3607.409999999999,34.500629777727184
44547,229163.53,3179.0,150891.3,3342.0,78272.23000000001,34.15562240640996
44613,8417.12,988.0,5071.6,818.0,3345.5200000000004,39.74661166764879
44620,51823.43,3741.0,44250.52,4124.0,7572.9100000000035,14.612907713750332
44637,77.94,6.0,53.04,6.0,24.9,31.947652040030793
44650,2914.72,28.0,1390.2,21.0,1524.5199999999998,52.30416643794258
44651,99.99,1.0,0.0,,99.99,100.0
44653,3109.7,30.0,1556.64,24.0,1553.0599999999997,49.942438177316134
44662,152.83,17.0,71.4,12.0,81.43,53.281423804226925
44666,699.72,28.0,153.0,9.0,546.72,78.13411078717202
44703,8228.9,610.0,5454.900000000001,627.0,2773.999999999999,33.710459478180546
44704,7273.17,633.0,4982.04,659.0,2291.13,31.501119869327955
44705,1578.33,117.0,970.92,108.0,607.41,38.484347379825515
44708,16351.84,1216.0,9359.789999999999,1243.0,6992.050000000001,42.76001966751143
44709,1094.6299999999999,137.0,888.7199999999999,168.0,205.90999999999997,18.81092241213926
44712,192344.34,8566.0,103976.59999999999,7540.0,88367.74,45.942469635446514
44714,119616.75,9925.0,138369.42,10242.0,-18752.670000000013,-15.677294358858616
44715,10572.359999999999,564.0,7059.36,573.0,3512.999999999999,33.228153411348075
44716,6247.5,250.0,3898.4399999999996,234.0,2349.0600000000004,37.60000000000001
44717,165981.13999999998,11086.0,105346.16,11602.0,60634.97999999998,36.53124686334844
44718,0.0,,79.44,12.0,-79.44,0.0
44719,151205.4,14860.0,95826.12000000001,13908.0,55379.279999999984,36.62519989365458
44724,929.6999999999999,30.0,1260.26,61.0,-330.56000000000006,-35.555555555555564
44729,8776.68,732.0,5875.2,720.0,2901.4800000000005,33.05896990661618
44730,1161.17,83.0,877.44,96.0,283.73,24.434837276195562
44731,671.52,48.0,450.72,48.0,220.79999999999995,32.88062902072909
44733,10012.67,1133.0,6077.49,1171.0,3935.1800000000003,39.30200436047528
44734,27656.78,3122.0,17674.56,3249.0,9982.219999999998,36.09321114027012
44742,1692.5900000000001,41.0,2383.68,96.0,-691.0899999999997,-40.83032512303627
44754,479.98,2.0,0.0,,479.98,100.0
44755,7787.410000000001,59.0,1436.64,16.0,6350.77,81.5517611118459
44756,2704.77,123.0,683.86,62.0,2020.9099999999999,74.71651933436114
44761,5627.25,1025.0,3812.4799999999996,1036.0,1814.7700000000004,32.24967790661514
44764,455.76,24.0,149.88,12.0,305.88,67.11427066877303
44780,16976.629999999997,737.0,9907.2,768.0,7069.429999999997,41.642128031299485
44781,219.78000000000003,22.0,66.6,10.0,153.18000000000004,69.6969696969697
44783,1529.97,103.0,255.0,25.0,1274.97,83.3330065295398
44785,3158.4199999999996,158.0,2089.8,162.0,1068.6199999999994,33.834005610400126
44818,5232.97,503.0,2814.43,431.0,2418.5400000000004,46.217348847786255
44828,19646.14,1386.0,11919.6,1386.0,7726.539999999999,39.3285398556663
44838,20780.530000000002,547.0,12873.420000000002,601.0,7907.110000000001,38.050569451308505
44854,62739.770000000004,1223.0,44212.5,1250.0,18527.270000000004,29.530344150129977
44857,377.73,27.0,160.65,17.0,217.08,57.469621157969975
44859,16536.52,2048.0,19186.2,2565.0,-2649.6800000000003,-16.023201979618445
44893,0.0,,137.76,12.0,-137.76,0.0
44895,1607.04,96.0,895.44,84.0,711.5999999999999,44.28016726403823
44906,884.1899999999999,81.0,1114.54,133.0,-230.35000000000002,-26.052092875965577
44907,601.57,43.0,441.6,48.0,159.97000000000003,26.59208404674435
44911,32633.329999999998,2067.0,22397.079999999998,2129.0,10236.25,31.36747000689173
44912,8072.889999999999,511.0,5809.92,534.0,2262.9699999999993,28.031720982200913
44915,43732.520000000004,4148.0,26522.4,4112.0,17210.120000000003,39.353140409013704
44916,23001.739999999998,1226.0,14991.000000000002,1315.0,8010.739999999996,34.826669634558066
44917,24.99,1.0,16.55,1.0,8.439999999999998,33.7735094037615
44921,17920.34,1166.0,11614.050000000001,1229.0,6306.289999999999,35.19068276606359
44922,9183.48,252.0,8690.61,381.0,492.869999999999,5.36691972977563
44925,734.51,49.0,601.46,61.0,133.04999999999995,18.11411689425603
44943,80557.62,5038.0,41078.950000000004,3931.0,39478.66999999999,49.00674821326647
44944,26047.67,1133.0,39654.08,2656.0,-13606.410000000003,-52.23657240743608
44972,1087.32,68.0,103.19999999999999,10.0,984.1199999999999,90.5087738660192
44986,24618.51,1449.0,17038.5,1535.0,7580.009999999998,30.78988127226221
44992,4193.66,34.0,2634.84,39.0,1558.8199999999997,37.17087222140087
44993,2283.81,269.0,1526.07,273.0,757.74,33.178767060307116
45016,187.98,2.0,1474.32,24.0,-1286.34,-684.2962017235876
45035,15043.78,422.0,9399.57,411.0,5644.210000000001,37.51856248894892
45058,95.98,2.0,0.0,,95.98,100.0
45059,1227.1200000000001,88.0,43.9,5.0,1183.22,96.42251776517374
45061,1119.3,70.0,756.0,70.0,363.29999999999995,32.4577861163227
45063,11938.28,1272.0,6624.57,1383.0,5313.710000000001,44.50984563940535
45082,431.64,36.0,293.76,36.0,137.88,31.94328607172644
45090,5539.38,462.0,3574.2,444.0,1965.1800000000003,35.47653347486543
45128,7618.49,151.0,2564.34,79.0,5054.15,66.34057405076334
45129,2145.62,38.0,7713.36,216.0,-5567.74,-259.49329331382074
45151,433.93,7.0,0.0,,433.93,100.0
45185,1519.05,95.0,1144.08,126.0,374.97,24.684506764095985
45203,6089.14,746.0,3399.68,664.0,2689.4600000000005,44.168141970787346
45214,359.64,36.0,244.79999999999998,36.0,114.84,31.931931931931935
45234,2687.72,28.0,1915.5200000000002,32.0,772.1999999999996,28.730671349694152
45239,1151.28,72.0,629.52,61.0,521.76,45.31999166145508
45240,26874.079999999998,1592.0,14985.0,1500.0,11889.079999999998,44.23995165601948
45246,38679.82,5418.0,39266.13,5431.0,-586.3099999999977,-1.5158033310392802
45266,22419.38,1962.0,14228.869999999999,2179.0,8190.510000000002,36.533169070687954
45276,14299.92,1708.0,7350.72,1612.0,6949.2,48.596076061963984
45293,102.87,13.0,168.84,36.0,-65.97,-64.12948381452318
45294,11368.12,988.0,7439.64,988.0,3928.4800000000005,34.55698919434348
45297,1170.92,8.0,0.0,,1170.92,100.0
45298,25115.07,493.0,16465.68,504.0,8649.39,34.43904396842215
45300,10441.109999999999,489.0,6617.700000000001,513.0,3823.409999999998,36.61880777043819
45314,5463.8,420.0,7318.8,642.0,-1855.0,-33.95073026099052
45322,40654.93,5007.0,22517.12,4832.0,18137.81,44.614048037962434
45329,809.46,54.0,620.4,60.0,189.06000000000006,23.356311615150847
45330,7426.08,892.0,4287.38,926.0,3138.7,42.2659061038933
45331,2811.44,256.0,2082.08,286.0,729.3600000000001,25.942577469197282
45332,18373.53,2447.0,11640.58,2482.0,6732.949999999999,36.64483634881267
45333,16413.15,1985.0,9758.0,2050.0,6655.1500000000015,40.547670617766855
45334,2615.61,239.0,1598.4,240.0,1017.21,38.88997212887242
45392,18933.03,997.0,12776.75,1043.0,6156.279999999999,32.5160843245904
45424,11788.089999999998,691.0,8202.9,739.0,3585.1899999999987,30.413663282177172
45446,286.59,41.0,217.92,48.0,68.66999999999999,23.9610593530828
45457,12679.29,1471.0,7468.41,1439.0,5210.880000000001,41.097569343393836
45459,159.95,5.0,252.6,12.0,-92.65,-57.92435135979994
45460,55559.91,5309.0,34889.79,5343.0,20670.120000000003,37.20330000534558
45474,25995.22,478.0,18117.0,540.0,7878.220000000001,30.30641787220882
45480,9.99,1.0,0.0,,9.99,100.0
45494,543.67,33.0,191.88,18.0,351.78999999999996,64.70653153567422
45495,508.68,32.0,83.03999999999999,8.0,425.64,83.67539514036328
45496,73048.91,9149.0,48715.61,9209.0,24333.300000000003,33.31096932178728
45503,81098.82,8118.0,55957.2,8229.0,25141.62000000001,31.00121555406109
45521,1784.15,85.0,1491.48,108.0,292.6700000000001,16.403889807471348
45524,8249.77,823.0,5046.0,870.0,3203.7700000000004,38.83465842078022
45525,13393.59,1341.0,7913.49,1339.0,5480.1,40.91584108517582
45526,10375.34,1066.0,6669.950000000001,1121.0,3705.3899999999994,35.71343204174513
45535,35711.88,3312.0,21543.030000000002,3279.0,14168.849999999995,39.67545253848298
45565,629.65,35.0,675.9200000000001,56.0,-46.270000000000095,-7.348526959421917
45576,646.6,90.0,714.0,204.0,-67.39999999999998,-10.423755026291365
45577,503.01,69.0,201.6,72.0,301.40999999999997,59.92127393093576
45599,9960.349999999999,565.0,7383.599999999999,630.0,2576.749999999999,25.870074846767427
45600,23483.95,2205.0,16448.52,2244.0,7035.43,29.958460991443093
45601,20776.899999999998,1210.0,13357.330000000002,1211.0,7419.569999999996,35.71066906035066
45602,4267.94,306.0,4417.66,338.0,-149.72000000000025,-3.5080155766013643
45604,35962.009999999995,1799.0,10848.1,830.0,25113.909999999996,69.83455596614317
45605,5667.11,589.0,2974.3199999999997,486.0,2692.79,47.516106092876264
45632,10805.64,636.0,7725.599999999999,696.0,3080.04,28.50400346485724
45645,1043.64,36.0,427.2,24.0,616.44,59.06634471656893
45647,10207.8,920.0,5724.179999999999,882.0,4483.62,43.923470287427264
45649,231.98,2.0,0.0,,231.98,100.0
45710,638.79,21.0,521.22,21.0,117.56999999999994,18.40510966045178
45745,767.34,66.0,873.12,107.0,-105.77999999999997,-13.785284228633978
45752,13222.11,1189.0,6791.2,1040.0,6430.910000000001,48.6375472598549
45769,49528.92,4108.0,25436.25,3825.0,24092.67,48.643640927361226
45770,27377.54,1946.0,18153.45,1921.0,9224.09,33.69217979409399
45822,214213.21,22599.0,128079.87,23851.0,86133.34,40.209163571191525
45823,12866.94,1206.0,8205.12,1232.0,4661.82,36.23099198410811
45831,21459.55,1245.0,15004.359999999999,1307.0,6455.1900000000005,30.080733286578702
45837,7198.0,200.0,7292.96,304.0,-94.96000000000004,-1.319255348707975
45839,6391.219999999999,278.0,5334.84,348.0,1056.3799999999992,16.528612690534818
45840,599.76,24.0,391.92,24.0,207.83999999999997,34.65386154461784
45845,17680.11,989.0,8954.4,840.0,8725.710000000001,49.35325628630139
45848,185907.03,17401.0,127886.07,19289.0,58020.95999999999,31.20966431446944
45859,3850.64,236.0,5709.55,385.0,-1858.9100000000003,-48.275351629858946
45860,4311.360000000001,864.0,2889.6,840.0,1421.7600000000007,32.97706524159431
45866,3346.65,335.0,2148.7999999999997,316.0,1197.8500000000004,35.7925089268373
45871,2275.32,268.0,1811.2,320.0,464.1200000000001,20.39800995024876
45874,362.34000000000003,66.0,327.12,87.0,35.22000000000003,9.72015234310317
45875,325.68,32.0,264.45000000000005,41.0,61.22999999999996,18.800663227708167
45876,19671.64,1236.0,12263.24,1186.0,7408.4,37.66030691899608
45884,671.52,48.0,441.6,48.0,229.91999999999996,34.238741958541816
45885,41059.46,2054.0,27829.12,2144.0,13230.34,32.22239162424445
45912,1122.3899999999999,61.0,843.8399999999999,72.0,278.54999999999995,24.81757677812525
45913,254.49,51.0,270.48,84.0,-15.990000000000009,-6.283154544382887
45920,584.61,39.0,476.11,47.0,108.5,18.559381467987205
45921,13180.86,1414.0,6191.91,1207.0,6988.950000000001,53.02347494776517
45980,3839.36,64.0,1679.58,42.0,2159.78,56.25364644107351
45991,0.0,,139.68,12.0,-139.68,0.0
45992,582.47,53.0,27.0,4.0,555.47,95.36456813226432
45993,142.87,13.0,25.96,4.0,116.91,81.82963533282003
46011,51.96,4.0,53.4,6.0,-1.4399999999999977,-2.7713625866050764
46018,421.76,24.0,0.0,,421.76,100.0
46021,181882.25,15571.0,101218.93,15313.0,80663.32,44.34919845119577
46023,132122.1,11086.0,74490.66,11338.0,57631.44,43.619833472220016
46043,134.95,5.0,0.0,,134.95,100.0
46048,521.71,29.0,389.12,32.0,132.59000000000003,25.414502309712294
46059,1193.01,299.0,760.3199999999999,288.0,432.69000000000005,36.26876555938342
46060,49554.29,3571.0,30903.6,3640.0,18650.690000000002,37.636882699762225
46062,12921.07,1193.0,8217.31,1159.0,4703.76,36.40379628002945
46065,1143.1200000000001,88.0,869.32,103.0,273.80000000000007,23.95199104206033
46070,16636.37,1263.0,10572.8,1180.0,6063.57,36.44767458285671
46074,549.5,50.0,445.79999999999995,60.0,103.70000000000005,18.87170154686079
46083,469.53000000000003,47.0,330.72,48.0,138.81,29.56360615935084
46088,13401.12,888.0,11994.4,880.0,1406.7200000000012,10.49703308380196
46090,119.85000000000001,15.0,0.0,,119.85000000000001,100.0
46093,44977.74,4026.0,26590.16,4072.0,18387.579999999998,40.88151160996528
46096,11496.12,1088.0,6718.4,988.0,4777.720000000001,41.55941308893784
46098,69809.95,7205.0,44169.75,7325.0,25640.199999999997,36.72857522459191
46111,509.49,51.0,0.0,,509.49,100.0
46117,323.64,36.0,217.07999999999998,36.0,106.56,32.92547274749722
46118,125.93,7.0,82.88,7.0,43.05000000000001,34.18565869927738
46119,9526.32,168.0,1979.64,54.0,7546.679999999999,79.21925780364295
46132,1480.8600000000001,114.0,1281.6,144.0,199.26000000000022,13.455694663911524
46135,94.81,19.0,3.28,1.0,91.53,96.54044931969202
46140,309.94,6.0,0.0,,309.94,100.0
46141,4295.03,197.0,2686.8599999999997,207.0,1608.17,37.44257898082202
46145,54.9,10.0,90.96,24.0,-36.059999999999995,-65.68306010928961
46146,557.46,54.0,359.64,54.0,197.82000000000005,35.48595414917663
46147,215.88,12.0,140.16,12.0,75.72,35.07504168982768
46156,5847.0599999999995,294.0,8036.599999999999,286.0,-2189.54,-37.446853632423824
46163,3115.2,480.0,1980.1599999999999,442.0,1135.04,36.43554185927068
46164,2933.48,452.0,2079.4900000000002,487.0,853.9899999999998,29.11183986255232
46165,7768.53,1197.0,5473.5,1230.0,2295.0299999999997,29.54265478797147
46166,1369.3899999999999,211.0,946.0,220.0,423.3899999999999,30.918146035826165
46185,1908.1699999999998,83.0,2157.75,137.0,-249.58000000000015,-13.07954741977917
46189,16157.489999999998,951.0,10480.25,925.0,5677.239999999998,35.13689316843148
46190,629.6999999999999,30.0,680.64,48.0,-50.940000000000055,-8.089566460219162
46199,12876.49,1451.0,7946.45,1543.0,4930.04,38.2871419152269
46201,84721.75,4825.0,54888.75,4879.0,29833.0,35.212917580196354
46202,322375.46,33442.0,204375.05,33781.0,118000.41000000003,36.60340957714338
46217,5488.32,668.0,2898.08,614.0,2590.24,47.19549880473441
46297,21078.42,1758.0,14102.279999999999,1822.0,6976.139999999999,33.09612390302499
46298,11246.62,938.0,8331.36,1021.0,2915.26,25.921210105791786
46299,6339.8,620.0,4069.2299999999996,627.0,2270.5700000000006,35.81453673617465
46308,458.49,51.0,417.48,71.0,41.00999999999999,8.944578943924618
46310,16992.21,2279.0,10516.16,2228.0,6476.049999999999,38.11187597140101
46311,14050.82,1918.0,8867.88,1863.0,5182.9400000000005,36.887099827625725
46325,38.97,3.0,0.0,,38.97,100.0
46327,342.51,49.0,77.17999999999999,17.0,265.33,77.46635134740592
46333,492.83,17.0,231.6,12.0,261.23,53.00610758273645
46367,1124.55,45.0,0.0,,1124.55,100.0
46371,2922.2799999999997,172.0,2070.0,184.0,852.2799999999997,29.164898640787325
46372,271.84,16.0,181.28,16.0,90.55999999999997,33.313713949381984
46373,543.68,32.0,372.48,32.0,171.19999999999993,31.489111241906993
46374,1291.2399999999998,76.0,884.6400000000001,76.0,406.5999999999997,31.489111241906986
46378,114.77000000000001,23.0,152.28,47.0,-37.50999999999999,-32.68275681798378
46379,303925.04,18796.0,177311.37,18883.0,126613.66999999998,41.65950590974669
46380,65890.11,4089.0,36589.56,4052.0,29300.550000000003,44.468813301419594
46381,51133.229999999996,3077.0,33333.58,3647.0,17799.649999999994,34.810337621933904
46394,215.88,12.0,0.0,,215.88,100.0
46402,5604.87,413.0,3522.68,644.0,2082.19,37.14965735155321
46418,586.63,37.0,58.02,6.0,528.61,90.10960912329749
46422,20716.05,2095.0,12877.2,1960.0,7838.8499999999985,37.83950125627231
46424,63423.85,6415.0,40713.0,6150.0,22710.85,35.808059586417414
46428,25813.72,2628.0,15822.72,2624.0,9991.000000000002,38.70422395532299
46429,11441.29,1171.0,6994.799999999999,1206.0,4446.490000000002,38.86353724099294
46446,235.41000000000003,59.0,195.25,71.0,40.160000000000025,17.059598147912162
46447,190040.43,17157.0,103519.8,16915.0,86520.62999999999,45.52748591444462
46453,20022.78,1922.0,18185.73,2481.0,1837.0499999999993,9.174799902910582
46458,68437.41,4467.0,24271.079999999998,3148.0,44166.33,64.53536158074947
46475,4361.7,430.0,2592.0,384.0,1769.6999999999998,40.573629548111974
46476,88866.76,8724.0,51805.91,7519.0,37060.84999999999,41.7038384205748
46485,18924.62,338.0,3414.2999999999997,95.0,15510.32,81.95842241482259
46489,29797.03,2597.0,21318.0,2850.0,8479.029999999999,28.45595685207552
46496,0.0,,141.12,12.0,-141.12,0.0
46498,8747.61,839.0,5886.0,872.0,2861.6100000000006,32.71304962155377
46508,539.4,60.0,357.0,60.0,182.39999999999998,33.815350389321466
46551,36575.89,1411.0,24718.98,1474.0,11856.91,32.417283625907665
46554,10674.26,674.0,6112.89,651.0,4561.37,42.73242360594551
46555,1950.83,217.0,1150.48,197.0,800.3499999999999,41.02612734067038
46567,47.88,12.0,0.0,,47.88,100.0
46568,34622.03,3397.0,20893.95,3465.0,13728.079999999998,39.65128561207993
46580,1160.18,182.0,731.79,141.0,428.3900000000001,36.92444275888225
46582,16481.84,1316.0,10643.039999999999,1556.0,5838.800000000001,35.42565635875607
46583,4175.42,58.0,941.0000000000001,20.0,3234.42,77.46334500481389
46590,2520.06,194.0,653.64,78.0,1866.42,74.06252232089713
46599,11970.1,1190.0,9532.98,1266.0,2437.120000000001,20.36006382569904
46600,29533.58,2942.0,22489.859999999997,2967.0,7043.720000000005,23.849868522542828
46621,44983.799999999996,1820.0,29829.96,1927.0,15153.839999999997,33.68732743787763
46628,19984.26,1374.0,13606.5,1410.0,6377.759999999998,31.91391625209039
46661,179.4,60.0,123.0,60.0,56.400000000000006,31.438127090301005
46662,107.64000000000001,36.0,72.36,36.0,35.280000000000015,32.77591973244148
46663,358.8,120.0,238.79999999999998,120.0,120.00000000000003,33.44481605351171
46664,71.76,24.0,23.28,12.0,48.480000000000004,67.55852842809364
46684,79.96,4.0,0.0,,79.96,100.0
46690,1799.95,5.0,0.0,,1799.95,100.0
46694,15902.9,610.0,12284.3,763.0,3618.6000000000004,22.75434040332267
46715,828.73,27.0,1144.2,60.0,-315.47,-38.066680342210375
46725,5742.33,267.0,2531.1,195.0,3211.23,55.922073444054945
46732,113.81,19.0,145.8,36.0,-31.99000000000001,-28.108250593093757
46733,2433.97,203.0,1674.84,204.0,759.1299999999999,31.18896288779237
46734,80390.3,8086.0,57059.28,8342.0,23331.020000000004,29.022183024568886
46762,33865.08,2392.0,14893.359999999999,1864.0,18971.72,56.02148289624592
46763,13320.89,1111.0,5683.299999999999,706.0,7637.59,57.33543329312081
46764,61676.04,4896.0,32864.63,4003.0,28811.410000000003,46.71410486146647
46765,1099.8,20.0,467.21999999999997,13.0,632.5799999999999,57.5177304964539
46766,859.74,26.0,1638.5600000000002,76.0,-778.8200000000002,-90.58785214134507
46774,215.88,12.0,142.92,12.0,72.96000000000001,33.79655364091162
46783,13186.41,1559.0,8891.26,1549.0,4295.15,32.57255007238513
46785,16159.9,1910.0,11356.679999999998,1938.0,4803.220000000001,29.723079969554274
46788,21138.74,2526.0,14791.84,2632.0,6346.9000000000015,30.024968375598547
46802,3438.11,689.0,2073.3599999999997,636.0,1364.7500000000005,39.69477416371205
46816,5164.83,517.0,3617.6,532.0,1547.23,29.957036340015065
46817,479.76,24.0,309.6,24.0,170.15999999999997,35.46773386693346
46819,1021.27,73.0,675.5,70.0,345.77,33.85686449224984
46826,11182.54,746.0,8633.9,835.0,2548.6400000000012,22.791244207487754
46829,10237.32,868.0,6520.5,805.0,3716.8199999999997,36.306572423251396
46830,69856.22,7690.0,45613.38,7718.0,24242.840000000004,34.70391040339715
46882,2014.56,144.0,1343.52,144.0,671.04,33.30950679056468
46904,55.96,4.0,222.24,24.0,-166.28,-297.1408148677627
46923,2542.92,208.0,2211.3,273.0,331.6199999999999,13.040913595394265
46928,647.76,24.0,719.5999999999999,40.0,-71.83999999999992,-11.090527355810782
46929,114.82000000000001,18.0,163.2,24.0,-48.37999999999998,-42.135516460546924
46934,90401.94,5470.0,61107.37,5927.0,29294.57,32.40480237481629
46942,1589.47,53.0,700.92,36.0,888.5500000000001,55.90228189270638
46947,12018.39,961.0,6770.4,930.0,5247.99,43.6663313472104
46950,327.59000000000003,41.0,128.64,24.0,198.95000000000005,60.73140205744987
46964,143.96,4.0,291.84,12.0,-147.87999999999997,-102.72297860516808
46985,66305.06999999999,2793.0,53439.75,3393.0,12865.319999999992,19.403222106544785
47009,28912.35,2165.0,17344.2,2055.0,11568.149999999998,40.01110252193266
47011,2049.93,107.0,1764.0,144.0,285.92999999999984,13.94828116082012
47014,57635.95,4205.0,34892.16,4276.0,22743.789999999994,39.461117583730285
47027,9518.18,1182.0,6279.23,1187.0,3238.9500000000007,34.02908959485953
47049,794.6999999999999,30.0,910.1999999999999,30.0,-115.5,-14.533786334465837
47075,713.0999999999999,80.0,822.36,132.0,-109.2600000000001,-15.32183424484646
47090,60070.96,2504.0,39775.74,2553.0,20295.22,33.78540978868991
50354,229.95000000000002,5.0,360.72,12.0,-130.77,-56.86888454011741
90010,9015.02,98.0,3704.4,60.0,5310.620000000001,58.90857701924123
90011,14499.000000000002,100.0,5117.04,54.0,9381.960000000003,64.70763500931099
90012,6248.75,125.0,856.0,25.0,5392.75,86.30126025205041
90013,10898.91,109.0,2921.85,45.0,7977.0599999999995,73.19135583283098
90014,10228.35,165.0,1712.76,42.0,8515.59,83.25477716347211
90025,1199.8,20.0,0.0,,1199.8,100.0
90080,1799.7,30.0,322.08,8.0,1477.6200000000001,82.10368394732455
90081,1299.74,26.0,0.0,,1299.74,100.0
90082,1949.6999999999998,30.0,0.0,,1949.6999999999998,100.0
90084,127.96,4.0,0.0,,127.96,100.0
90085,665.82,18.0,190.88,8.0,474.94000000000005,71.33159112072333
90086,1403.73,27.0,34.2,1.0,1369.53,97.56363403218567
90087,16919.64,36.0,4668.75,15.0,12250.89,72.4063277942084
90088,3509.7400000000002,26.0,554.76,6.0,2954.9800000000005,84.19370095790572
90089,19078.41,159.0,2493.44,32.0,16584.97,86.93056706507514
90090,9749.85,15.0,2689.62,6.0,7060.2300000000005,72.41372944199142
90604,9119.24,76.0,9253.56,118.0,-134.3199999999997,-1.472929761690664
90609,2074.17,83.0,5457.0,321.0,-3382.83,-163.09318908286207
90631,31504.41,1659.0,24690.12,1938.0,6814.290000000001,21.629638517274252
